MOD,画像名,今の下書き,本文の姿勢,案,決定（空欄なら案のとおり）,場面の文（英語）
Alchemy,Alchemy_atk_m2,depth3d_hero_only_sit,座っている,相手を主人公目線で写す（相手は触れていない）,,"he sits in the high-backed wooden chair gripping the armrests, the alchemist leans in grinding pink powder in a mortar under his nose, sweet pink vapor swirling around his head, mouth open, drool, cum on his thighs, no hands on him"
Alchemy,Alchemy_lose_btl_m2,depth3d_hero_only_sit,座っている,相手を主人公目線で写す（相手は触れていない）,,"he sits in the high-backed wooden chair clutching the armrests, the alchemist stands before him dripping a red drop from a glass pipette into the mortar, pink sweet vapor around his head, mouth open, cum on his thighs, no hands on him"
Alraune,Alraune_atk_m2,depth3d_hero_only_fours,四つんばい・前かがみ,相手を足して2人の絵（道具・触手などが主人公の体に付くので、体を見せる）,,"nude male, completely naked man, penis, from side, he kneels on all fours on a petal in front of her, a thick green vine drips glowing amber honey jelly into his anus, anal, honey dripping on his thighs, she strokes his back, erection"
Alraune,Alraune_onedari,depth3d_hero_only_kneel,膝をつく,相手を足して2人の絵（道具・触手などが主人公の体に付くので、体を見せる）,,"nude male, completely naked man, penis, from front, he kneels on a large petal and looks up at her, hands together in front of his chest, she looks down at him with a gentle smile, vines reaching toward him, erection, begging, eager, submissive posture, open mouth"
Alraune,Alraune_lose_btl_m1,depth3d_hero_only_lie,寝ている,相手を足して2人の絵（道具・触手などが主人公の体に付くので、体を見せる）,,"nude male, completely naked man, penis, from front, he lies wrapped inside huge pink petals on top of her giant flower, three small flower buds blooming on his chest, thin vines coiled around his nipples, she embraces him from above, ejaculation, defeated, exhausted, limp body, tears of pleasure, cu"
Alraune,Alraune_lose_btl_m2,depth3d_hero_only_lie,寝ている,相手を足して2人の絵（道具・触手などが主人公の体に付くので、体を見せる）,,"nude male, completely naked man, penis, from side, he lies on his stomach at the edge of a glowing honey pool, a vine pours amber honey jelly into his anus, anal, honey all over his thighs, she caresses his hair, her leaf dress fully covers her breasts, ejaculation, defeated, exhausted, limp body, t"
Alraune,Alraune_lose_inochi_m2,depth3d_hero_only_lie,寝ている,相手を足して2人の絵（道具・触手などが主人公の体に付くので、体を見せる）,,"nude male, completely naked man, penis, from side, he lies on his side under moonlight, she holds a vine that feeds amber honey into his anus, anal, she smiles kindly, honey dripping, dazed, trembling, giving in"
Alraune,Alraune_lose_onedari_m2,depth3d_hero_only_lie,四つんばい・前かがみ,相手を足して2人の絵（道具・触手などが主人公の体に付くので、体を見せる）,,"nude male, completely naked man, penis, from side, he lies on his stomach on a giant flower-shaped table, hips raised toward her, she holds a golden spoon and a vine dripping honey into his anus, anal, erection, begging, eager, submissive posture, open mouth"
Amazon,Amazon_lose_inochi_m1,depth3d_hero_only_lie,寝ている,相手を主人公目線で写す,,"he lies on his back at the foot of the rope bridge, the tall chieftain kneels over him pressing and rolling his penis with her knee, holding his wrists above his head, grinning, cum splashing, red clay and white ash paint lines drawn on his chest"
Amazon,Amazon_lose_onedari_m2,depth3d_hero_only_lie,寝ている,相手を主人公目線で写す,,"he lies on the petal bed held tight in the chieftain's arms, his face in her cleavage, the chieftain rocks him to sleep, stroking his hair, his body limp and melting, cum on the petals"
Amazon,Amazon_lose_onedari_e1,depth3d_hero_only_lie,寝ている,相手を主人公目線で写す（相手は触れていない）,,"he lies on a flat rock by the moonlit spring, the huntress lies beside him with her lips against his ear, whispering, her finger on her own lips, fireflies, his back arched, cum on his belly"
Amazon,Amazon_lose_onedari_e3,depth3d_hero_only_lie,寝ている,相手を主人公目線で写す,,"in a corner of the great tent, he lies asleep buried face-first in the amazon wrestler's breasts, the wrestler hugs him tight with her legs locked around his, happy grin, cum on the fur bedding"
Android,Android_lose_btl_m1,depth3d_hero_only_lie,寝ている,相手を主人公目線で写す,,l
Android,Android_lose_onedari_m1,depth3d_hero_only_lie,寝ている,相手を主人公目線で写す,,l
Android,Android_lose_inochi_m2,depth3d_hero_only_lie,寝ている,相手を主人公目線で写す,,l
Android,Android_lose_inochi_e2,depth3d_hero_only_lie,寝ている,相手を主人公目線で写す,,"the naked navy blue-haired shorter man wears no clothing at all, not wearing black bodysuit with red trim, second measurement room, white examination table, glass window to a dark corridor, one flickering ceiling light, wall monitors with green waveforms without text, cracked ceiling panels, detaile"
Centaur,Centaur_atk_e3,depth3d_hero_only_lie,寝ている,相手を主人公目線で写す（相手は触れていない）,,"he lies with his head on the shaman's lap, the shaman beats the flat frame drum above his face, his body swaying to the rhythm, dazed, hips floating, no hands on him"
Centaur,Centaur_lose_inochi_e3,depth3d_hero_only_kneel,膝をつく,相手を主人公目線で写す（相手は触れていない）,,"he kneels on the moonlit hill with red prayer cords around his wrists, the shaman stands beside him beating the flat frame drum, his body swaying, no hands on him, trembling, cum on the grass"
Circus,Circus_atk_e2,depth3d_hero_only_kneel,膝をつく,相手を主人公目線で写す（相手は触れていない）,,"he kneels upright on the hay with his back straight, a black leather collar with a silver ring around his neck, the beast tamer stands a few steps away raising one finger, commanding wait, trembling, no hands on him"
Circus,Circus_lose_btl_e2,depth3d_hero_only_kneel,膝をつく,相手を主人公目線で写す（相手は触れていない）,,"he kneels curled on a low stand wearing a black leather collar with a silver ring, the beast tamer stands with her back half turned looking over her shoulder, saying good, no hands on him, cum on his thighs"
Clock,Clock_lose_btl_m1,depth3d_hero_only_lie,寝ている,相手を主人公目線で写す,,"he lies on his back on the brass floor, the time witch kneels over him squeezing his penis between her huge breasts, cum pooling in her cleavage, her lips on his, dust frozen in the moonlight, his hips floating"
DarkElf,DarkElf_lose_onedari_e2,depth3d_hero_only_lie,寝ている,相手を足して2人の絵（道具・触手などが主人公の体に付くので、体を見せる）,,"he lies on his back on thick moss holding his knees, the herbalist kneels between his legs pushing green jelly through a reed tube into his anus, a second tube in the tip of his penis, a measuring spoon in her hand"
Dragon,Dragon_atk_m1,depth3d_hero_only_lie,寝ている,相手を主人公目線で写す（相手は触れていない）,,"he lies on his back on the gold coins, the dragon queen leans over him with her red wings spread, blowing hot breath onto his neck and chest without touching him, heat haze from her lips, he trembles, dazed"
Dream,Dream_lose_inochi_e3,depth3d_hero_only_lie,四つんばい・前かがみ,相手を足して2人の絵（道具・触手などが主人公の体に付くので、体を見せる）,,"he lies face down before the white door in the morning light, shadows wrapped around his ankles, black shadow tentacles entering his anus, the nightmare stands over him, the other man keeps his clothes on, only the shorter navy-haired man is naked, the other man is taller than him, dream mansion flo"
Dream,Dream_lose_onedari_boss,depth3d_hero_only_kneel,膝をつく,相手を足して2人の絵（道具・触手などが主人公の体に付くので、体を見せる）,,"he kneels before the crescent moon throne, the dream queen seated above him, night-sky tentacles from her dress hem deep in his anus, a pink womb tattoo glowing on his lower belly"
Eiraira,Eiraira_atk_m2,depth3d_hero_only_kneel,膝をつく,相手を主人公目線で写す（相手は触れていない）,,"he kneels on the stone stage staring with an empty dazed expression, the elf lecturer stands before him slowly swaying her large breasts side to side, hypnosis, no hands on him, mouth open, hips twitching"
Eiraira,Eiraira_lose_inochi_m2,depth3d_hero_only_sit,座っている,相手を主人公目線で写す（相手は触れていない）,,"he sits limply in a chair in the research room, the elf lecturer stands before him swaying her breasts, hypnosis, no hands on him, cum spurting, blank eyes, a pendulum clock on the wall, small glowing red circle marks below his collarbone"
Eruru,Eruru_lose_onedari_m2,depth3d_hero_only_sit,座っている,相手を主人公目線で写す（相手は触れていない）,,"he sits in the shadow of the water tower, the senior blows a kiss from a few steps away with a purple heart of magic, no hands on him, his back arched, cum stain"
Exam,Exam_lose_inochi_e1,depth3d_hero_only_kneel,膝をつく,相手を足して2人の絵（道具・触手などが主人公の体に付くので、体を見せる）,,"he kneels before the straw targets with his shirt open, the archer brushes a white arrow feather over both his nipples, no hands on him, cum dripping"
Exam,Exam_lose_btl_boss,depth3d_hero_only_sit,座っている,相手を主人公目線で写す（相手は触れていない）,,"he sits frozen on the moonlit floor, the succubus sniper points two fingers at him like a gun, glowing red eyes, pink crosshair on his chest, no hands on him, cum dripping"
Flower,Flower_atk_m2,depth3d_hero_only_sit,座っている,相手を主人公目線で写す（相手は触れていない）,,"he sits slumped in a wooden chair, the succubus stands before him staring into his face, glowing green magic circles spinning in her eyes, her fingertip hovering over his chest, no hands on him, erection twitching"
Flower,Flower_lose_btl_m1,depth3d_hero_only_sit,座っている,相手を主人公目線で写す（相手は触れていない）,,"he sits on the bedroll, the succubus stands in front of him lifting her large breasts with both hands and letting them bounce, no hands on him, his hips floating off the bedroll, cum spurting untouched, tiny white flower-like spore buds dotting his skin"
Flower,Flower_lose_inochi_m1,depth3d_hero_only_sit,座っている,相手を主人公目線で写す（相手は触れていない）,,"he sits in front of the canvas tent, the succubus holds a blank survey sheet without text and lets her large breasts bounce above his face, no hands on him, his hips floating, cum on his belly, dazed"
Flower,Flower_lose_inochi_m2,depth3d_hero_only_kneel,膝をつく,相手を主人公目線で写す（相手は触れていない）,,"he kneels on the moss, the succubus stands over him gazing down, glowing green eyes, her gaze sliding from his neck to his nipples, no hands on him, cum dripping untouched, tiny white flower-like spore buds dotting his skin"
Flower,Flower_lose_onedari_m2,depth3d_hero_only_sit,寝ている,相手を主人公目線で写す（相手は触れていない）,,"he sits on the bed with his knees giving way, the succubus sits facing him with a soft smile and an ordinary gaze, no hands on him, cum dripping untouched, a blank survey sheet without text on the bedside table"
Fortune,Fortune_atk_m2,depth3d_hero_only_lie,寝ている,相手を主人公目線で写す（相手は触れていない）,,"he lies back on a couch staring at the glowing crystal ball, the fortune teller holds the crystal ball above him, purple and gold light swirling, his hips jerking, cum on his belly, no hands on him"
Fortune,Fortune_lose_btl_m2,depth3d_hero_only_lie,寝ている,相手を主人公目線で写す（相手は触れていない）,,"he lies on his back on the couch, the fortune teller places the glowing crystal ball on his chest, purple and gold light shining through his skin, his hips jerking, cum on his belly, no hands on him"
Fortune,Fortune_lose_inochi_m2,depth3d_hero_only_lie,寝ている,相手を足して2人の絵（道具・触手などが主人公の体に付くので、体を見せる）,,"he lies back on the couch with his bangs brushed aside, staring into the crystal ball the fortune teller holds before his face, swirling purple light, cum pooling on his belly, no hands on him, eyes not visible"
Fortune,Fortune_lose_onedari_m2,depth3d_hero_only_kneel,膝をつく,相手を主人公目線で写す（相手は触れていない）,,"he kneels before the round table staring into the crystal ball, the fortune teller lifts the purple cloth from the glowing crystal ball, cum splashed on the table and floor, a card without text beside it, no hands on him"
Gemini,Gemini_lose_inochi_e3,depth3d_hero_only_lie,寝ている,相手を主人公目線で写す（相手は触れていない）,,"he lies on the lake shore, the crystal spirit kneels beside him with her hands on her knees, shimmering purple reflections from the water on his face, dazed, no hands on him, cum on his belly"
Gemini,Gemini_lose_onedari_e3,depth3d_hero_only_sit,座っている,相手を主人公目線で写す（相手は触れていない）,,"he sits on the cobblestones before the glowing jewelry shop window at night, dazed, purple, red and clear gems glittering in the window, the crystal spirit kneels beside him, no hands on him, cum dripping"
Gym,Gym_atk_m2,depth3d_hero_only_fours,四つんばい・前かがみ,相手を足して2人の絵（道具・触手などが主人公の体に付くので、体を見せる）,,"completely nude, from side, the shorter man on all fours on the padded seat of a sex machine, straps around his waist and thighs, the machine's arm thrusts a smooth dildo attachment into his anus, sex machine, the trainer stands beside the machine counting, hand on the control lever, the trainer kee"
Gym,Gym_atk_boss,depth3d_hero_only_lie,寝ている,相手を足して2人の絵（道具・触手などが主人公の体に付くので、体を見せる）,,"completely nude, from side, the shorter man is strapped on his knees between two large amber glowing machines, clear suction cups on both nipples from one machine, nipple suction, the other machine's arm thrusts a smooth dildo attachment into his anus, sex machine, the owner stands with his hand on "
Gym,Gym_lose_btl_m2,depth3d_hero_only_fours,四つんばい・前かがみ,相手を足して2人の絵（道具・触手などが主人公の体に付くので、体を見せる）,,"completely nude, from side, the shorter man on all fours on the padded seat of a sex machine, straps on his waist and thighs, the machine's arm thrusting a smooth dildo attachment into his anus, sex machine, hands-free orgasm, cum, the trainer beside him raising the lever, a row of attachments of di"
Gym,Gym_lose_onedari_m2,depth3d_hero_only_fours,四つんばい・前かがみ,相手を足して2人の絵（道具・触手などが主人公の体に付くので、体を見せる）,,"completely nude, from side, the shorter man on all fours on the sex machine looking back at the trainer, begging, the machine's arm pushing a dildo attachment into his anus at an angle, sex machine, the trainer adjusting a dial on the machine, the trainer keeps his sportswear on"
Gym,Gym_lose_onedari_boss,depth3d_hero_only_kneel,膝をつく,相手を足して2人の絵（道具・触手などが主人公の体に付くので、体を見せる）,,"completely nude, from side, the shorter man kneels between the two amber machines begging, clear suction cups on his nipples, nipple suction, a machine arm thrusting a smooth attachment into his anus, sex machine, the owner standing in front of him with a hand on his chin, the trainer keeps his spor"
Kiss,Kiss_lose_inochi_e2,depth3d_hero_only_lie,寝ている,相手を主人公目線で写す（相手は触れていない）,,"he lies among the night flowers, the breath succubus hovers her lips just above his, blowing a sweet misty breath over his face and chest, not touching him, dazed, cum on his belly"
Kitsune,Kitsune_lose_btl_m2,depth3d_hero_only_lie,寝ている,相手を足して2人の絵（道具・触手などが主人公の体に付くので、体を見せる）,,"the shorter man lies on his back on the kagura stage, all nine golden tails wrapped around his chest and both nipples, tentacle-like tails, cum on his belly, hanging bells ringing, the fox sits at his head, the fox keeps his robe on"
Kitsune,Kitsune_lose_inochi_m2,depth3d_hero_only_lie,寝ている,相手を主人公目線で写す,,"in the hollow at the base of the giant tree, the shorter man curls up on a bed of nine golden tails, the tails wrapping his whole body and both nipples, the fox sitting at the hollow's edge, shimenawa rope, the fox keeps his robe on"
Kitsune,Kitsune_lose_onedari_m2,depth3d_hero_only_kneel,膝をつく,相手を足して2人の絵（道具・触手などが主人公の体に付くので、体を見せる）,,"the shorter man kneels on the futon begging with his chest pushed out, nine tails wrapping his chest, two tails on the right nipple and five on the left, a bracelet of nine red beads on the shorter man's wrist, the fox smiling, the fox keeps his robe on"
Lab,Lab_lose_inochi_m2,depth3d_hero_only_lie,寝ている,相手を主人公目線で写す,,"the navy blue-haired shorter man wears only a white hospital gown hanging open and slipped off his shoulders, not wearing white lab coat, observation booth, small room with glass walls, dim control room visible beyond the glass, reclining chair, detailed background, indoors, the navy blue-haired sho"
Labyrinth,Labyrinth_lose_btl_e2,depth3d_hero_only_sit,座っている,相手を主人公目線で写す（相手は触れていない）,,"he sits on the floor looking up, the mural dancer dances over him, her huge breasts swaying inches from his face, gold jewelry jingling, no hands on him, dazed, cum dripping"
Labyrinth,Labyrinth_lose_inochi_e2,depth3d_hero_only_kneel,膝をつく,相手を主人公目線で写す（相手は触れていない）,,"he kneels at the edge of the underground spring staring at the water, the mural dancer dances above the water, her swaying breasts reflected on the surface, no hands on him, cum dripping"
Labyrinth,Labyrinth_lose_onedari_e2,depth3d_hero_only_kneel,膝をつく,相手を主人公目線で写す（相手は触れていない）,,"he kneels before the murals looking up with his mouth open, the mural dancer sways her huge breasts before his face, slowly, dazed, cum on the floor, no hands on him"
Medusa,Medusa_lose_inochi_m2,depth3d_hero_only_lie,寝ている,相手を主人公目線で写す（相手は触れていない）,,"he lies on the stone bed under a blanket, the green-haired gorgon stands in the doorway at dawn gazing at him with glowing amber eyes, his fingertips turned to smooth grey stone, his hips lifted, trembling, no hands on him"
Moth,Moth_atk_m2,depth3d_hero_only_sit,座っている,相手を主人公目線で写す（相手は触れていない）,,"he sits on the edge of the canopy bed, the moth lady leans to his neck blowing a soft breath of golden glitter onto his collarbone, faint golden wing-shaped marks glowing on his skin, no hands on him, trembling"
Moth,Moth_lose_btl_m2,depth3d_hero_only_kneel,膝をつく,相手を主人公目線で写す（相手は触れていない）,,"he kneels on the black floor under the hanging lamps, the moth lady stands behind him blowing golden glitter onto the nape of his neck, twelve glowing golden wing marks all over his body, no hands on him, cum on the floor"
Musashi,Musashi_lose_inochi_m1,depth3d_hero_only_sit,座っている,相手を主人公目線で写す（相手は触れていない）,,"he sits on his bottom on the wooden floor with his knees buckling, the swordswoman stands a step away drawing one bare foot back in a sweeping stance without touching him, cum dribbling, a blank training ledger without text on the floor"
Musashi,Musashi_lose_inochi_m2,depth3d_hero_only_sit,座っている,相手を主人公目線で写す（相手は触れていない）,,"he sits against the wooden wall of the changing room, the swordswoman drapes her sweat-damp white hand towel over his nose, no hands on him, he breathes in deeply, cum dribbling, trembling"
Nekomata,Nekomata_atk_m2,depth3d_hero_only_fours,四つんばい・前かがみ,相手を主人公目線で写す,,"from side, he is on all fours on a zabuton, the white nekomata kneels behind him, one of her white tails slick with oil pushed into his anus, anal, the other tail wrapped around his waist spreading his legs, his own penis separate"
Neneko,Neneko_atk_e1,depth3d_hero_only_lie,寝ている,相手を主人公目線で写す（相手は触れていない）,,"he lies before the cold forge, the smoke cat woman lies over him and blows thick sweet white smoke into his mouth and nose, his head tilted back, mouth open, hips twitching, no hands on him"
Octa,Octa_lose_btl_m2,depth3d_hero_only_sit,座っている,相手を主人公目線で写す（相手は触れていない）,,"he sits before the vanity mirror, the card master shakes a small blue glass vial before his eyes, no hands on him, his nipples stiff and glistening, cum dripping untouched, small faint pink ring-shaped suction marks on his skin"
Octa,Octa_lose_onedari_e1,depth3d_hero_only_lie,寝ている,相手を足して2人の絵（道具・触手などが主人公の体に付くので、体を見せる）,,"he floats on his back in the pool, the jellyfish woman floats beside him, translucent tentacles tied around his nipples like ribbons, faint electric sparkles, cum drifting, dazed"
Octa,Octa_lose_btl_boss,depth3d_hero_only_lie,寝ている,相手を足して2人の絵（道具・触手などが主人公の体に付くので、体を見せる）,,"he lies wrapped in the octopus lady's red tentacles beside the huge tank, tentacles binding his wrists, ankles and waist, the thinnest tentacle in his anus, suckers on his skin, cum spilling untouched"
Octa,Octa_lose_onedari_boss,depth3d_hero_only_lie,寝ている,相手を足して2人の絵（道具・触手などが主人公の体に付くので、体を見せる）,,"he lies on the moonlit empty stage wrapped in the octopus lady's red tentacles, loosely bound, the octopus lady holds him close, small faint pink ring-shaped suction marks on his skin below his navel, cum dripping, moonlight"
Office,Office_lose_inochi_e2,depth3d_hero_only_kneel,膝をつく,相手を主人公目線で写す,,"he kneels clinging to the edge of a desk, pink rotors taped to both of his nipples, the secretary sits typing on a tablet, her other hand holding the rotor remote, trembling, drool"
Oiran,Oiran_atk_m1,depth3d_hero_only_lie,寝ている,相手を主人公目線で写す（相手は触れていない）,,"he lies with his head on the oiran's lap, the oiran holds a long kiseru pipe above his face and blows thick purple smoke onto his lips, no hands on him, back arched, toes curled"
Oiran,Oiran_lose_btl_m1,depth3d_hero_only_lie,寝ている,相手を主人公目線で写す（相手は触れていない）,,"he lies with his head on the oiran's lap, the oiran holds the long kiseru and blows thick purple smoke onto his face, no hands on him, back arched, cum soaking the scarlet hem, twelve blank vermilion tokens without text beside"
Oiran,Oiran_lose_inochi_m1,depth3d_hero_only_kneel,膝をつく,相手を主人公目線で写す（相手は触れていない）,,"he kneels on the tatami with his mouth open, a red thumbprint on a blank paper without text beside him, the oiran bends down blowing kiseru smoke into his mouth, no hands on him, trembling"
Patra,Patra_atk_e3,depth3d_hero_only_kneel,膝をつく,相手を主人公目線で写す（相手は触れていない）,,"he kneels swaying on the stage, the flutist plays the snake charmer flute right before his face, shimmering musical notes in the air, no hands on him, drool, erection twitching"
Patra,Patra_lose_btl_e3,depth3d_hero_only_lie,寝ている,相手を主人公目線で写す（相手は触れていない）,,"he lies collapsed on the stage by the bonfires, the flutist kneels beside him humming softly, no hands on him, cum spurting untouched, woven snake basket"
Patra,Patra_lose_inochi_e3,depth3d_hero_only_kneel,膝をつく,相手を主人公目線で写す（相手は触れていない）,,"he kneels by the campfire with his knees giving way, the flutist plays three short notes on her flute, no hands on him, cum dripping, sparks rising"
Perfume,Perfume_lose_btl_m2,depth3d_hero_only_sit,座っている,相手を主人公目線で写す（相手は触れていない）,,"he sits before the bottle shelves with his chin lifted, the perfumer blows a sweet pink breath onto his nose, pink mist, no hands on him, dazed, cum soaking the lavender skirt"
Perfume,Perfume_lose_inochi_m2,depth3d_hero_only_sit,座っている,相手を主人公目線で写す（相手は触れていない）,,"he sits beside the copper alembic in the steam, the perfumer blows a pink breath along his neck and chest, oil dripping from the still, no hands on him, dazed, cum dripping"
Queen,Queen_atk_m2,depth3d_hero_only_kneel,膝をつく,相手を主人公目線で写す（相手は触れていない）,,"low angle, he kneels on both knees on the red carpet with his head bowed, faint glowing red marks on his knees, the succubus queen sits high on the golden throne pointing down at him, commanding, no hands on him, trembling"
Queen,Queen_lose_inochi_m1,depth3d_hero_only_kneel,膝をつく,相手を主人公目線で写す（相手は触れていない）,,"low angle, he kneels at the bottom of the seven marble steps looking up, the succubus queen sits high on the golden throne swaying one bare foot from her gown hem, no hands on him, cum dripping on the marble step"
Queen,Queen_lose_onedari_m2,depth3d_hero_only_lie,寝ている,相手を主人公目線で写す（相手は触れていない）,,"low angle, he lies prostrate on the red carpet, the succubus queen sits high on the golden throne with one hand raised, lips parted to give a command, no hands on him, cum on the carpet, glowing marks on his knees"
Queen,Queen_lose_btl_e3,depth3d_hero_only_lie,寝ている,相手を主人公目線で写す（相手は触れていない）,,"he lies on the cushions with his head on the harpist's lap, the harpist plucks the small harp above his chest without touching him, his nipples erect and trembling, cum on his stomach, moonlit window"
Sister,Sister_lose_inochi_m1,depth3d_hero_only_kneel,膝をつく,相手を足して2人の絵（道具・触手などが主人公の体に付くので、体を見せる）,,"he kneels on the floor, the nun stands before him simply clasping her hands in prayer, no hands on him, his knees buckling, the hem of his habit wet, a rosary of pale beads around his neck"
Slime,Slime_atk_m2,depth3d_hero_only_lie,四つんばい・前かがみ,相手を足して2人の絵（道具・触手などが主人公の体に付くので、体を見せる）,,"the naked navy blue-haired shorter man wears no clothing at all, not wearing deep green slime dress, slime bath in a cave, warm pool of green slime, white steam, rock edges, soft green glow, detailed background, indoors, the naked navy blue-haired shorter man never penetrates anyone, he only receive"
Slime,Slime_atk_m3,depth3d_hero_only_lie,寝ている,相手を足して2人の絵（道具・触手などが主人公の体に付くので、体を見せる）,,"the naked navy blue-haired shorter man wears no clothing at all, not wearing deep green slime dress, cocoon chamber in a slime cave, rows of empty semi-transparent jelly cocoons glowing green, soft green light, glossy floor, detailed background, indoors, the naked navy blue-haired shorter man never "
Slime,Slime_lose_inochi_m2,depth3d_hero_only_lie,寝ている,相手を足して2人の絵（道具・触手などが主人公の体に付くので、体を見せる）,,"the naked navy blue-haired shorter man wears no clothing at all, not wearing deep green slime dress, pink jelly storeroom in a cave, shelves of jars and pots filled with glowing pink jelly, sweet pink haze, pink glow, detailed background, indoors, the naked navy blue-haired shorter man never penetra"
Slime,Slime_lose_onedari_m2,depth3d_hero_only_lie,寝ている,相手を足して2人の絵（道具・触手などが主人公の体に付くので、体を見せる）,,"the naked navy blue-haired shorter man wears no clothing at all, not wearing deep green slime dress, underground lake shallows, glowing blue water, cool blue slime film on the surface, stalactites, dim blue light, detailed background, indoors, the naked navy blue-haired shorter man never penetrates "
Slime,Slime_lose_btl_m3,depth3d_hero_only_lie,,相手を足して2人の絵（道具・触手などが主人公の体に付くので、体を見せる）,,"the naked navy blue-haired shorter man wears no clothing at all, not wearing deep green slime dress, cocoon chamber in a slime cave, rows of empty semi-transparent jelly cocoons glowing green, soft green light, glossy floor, detailed background, indoors, the naked navy blue-haired shorter man never "
Slime,Slime_lose_inochi_e3,depth3d_hero_only_fours,四つんばい・前かがみ,相手を足して2人の絵（道具・触手などが主人公の体に付くので、体を見せる）,,"the naked navy blue-haired shorter man wears no clothing at all, not wearing pink slime apron dress, slime bath in a cave, warm pool of green slime, white steam, rock edges, soft green glow, detailed background, indoors, the naked navy blue-haired shorter man never penetrates anyone, he only receive"
Slime,Slime_lose_onedari_e3,depth3d_hero_only_lie,寝ている,相手を足して2人の絵（道具・触手などが主人公の体に付くので、体を見せる）,,"the naked navy blue-haired shorter man wears no clothing at all, not wearing pink slime apron dress, underground lake shallows, glowing blue water, cool blue slime film on the surface, stalactites, dim blue light, detailed background, indoors, the naked navy blue-haired shorter man never penetrates "
Slime,Slime_lose_inochi_boss,depth3d_hero_only_fours,四つんばい・前かがみ,相手を足して2人の絵（道具・触手などが主人公の体に付くので、体を見せる）,,"the naked navy blue-haired shorter man wears no clothing at all, not wearing long purple slime robe, bottom of an old stone well, damp stone walls, rope ladder hanging down, pale moonlight from the round opening above, slime on the stones, detailed background, indoors, the naked navy blue-haired sho"
Slime,Slime_lose_onedari_boss,depth3d_hero_only_lie,寝ている,相手を足して2人の絵（道具・触手などが主人公の体に付くので、体を見せる）,,"the naked navy blue-haired shorter man wears no clothing at all, not wearing long purple slime robe, deepest ancient abyss of a cave, sea of glowing purple slime, fossils embedded in the rock walls, dark, silent, detailed background, indoors, the naked navy blue-haired shorter man never penetrates a"
Smith,Smith_atk_e1,depth3d_hero_only_sit,座っている,相手を主人公目線で写す（相手は触れていない）,,"he sits by the bellows with his chest bare, the apprentice leans in blowing a long hot breath onto his nipple, cheeks puffed, coals glowing orange, no hands on him, trembling"
Spirit,Spirit_atk_e1,depth3d_hero_only_lie,寝ている,相手を主人公目線で写す（相手は触れていない）,,"he lies on his back on the sun-warmed red rock, the fire spirit leans over his chest blowing a long hot breath onto his nipple, shimmering heat from her lips, no hands on him, flushed skin, trembling"
Spirit,Spirit_atk_e3,depth3d_hero_only_lie,寝ている,相手を主人公目線で写す,,"he lies on his back on a thick moss bed, the earth spirit sits beside him stroking his nipple in slow circles with a soft tuft of moss, gentle smile, amber lantern light, trembling"
Spirit,Spirit_lose_onedari_e3,depth3d_hero_only_lie,寝ている,相手を足して2人の絵（道具・触手などが主人公の体に付くので、体を見せる）,,"he lies on the giant tree roots with a root as his pillow, the earth spirit kneels beside him stroking both of his nipples with soft moss, falling leaves, blush, trembling"
Starship,Starship_atk_e1,depth3d_hero_only_lie,寝ている,相手を足して2人の絵（道具・触手などが主人公の体に付くので、体を見せる）,,"from side, he lies on the examination chair with his legs on the leg rests, a slim white vibrating medical probe from the machine arm inserted in his anus, the medical officer holds a tablet without text, her gloved hand on his lower belly"
Starship,Starship_lose_btl_e1,depth3d_hero_only_lie,寝ている,相手を足して2人の絵（道具・触手などが主人公の体に付くので、体を見せる）,,"from side, he lies on the examination chair with his legs spread on the leg rests, a white vibrating probe from the machine arm in his anus, the medical officer presses his lower belly with her gloved hand, cum on his belly"
Starship,Starship_lose_onedari_e1,depth3d_hero_only_lie,寝ている,相手を足して2人の絵（道具・触手などが主人公の体に付くので、体を見せる）,,"from side, he lies on his side on the examination chair hugging his knees, a white vibrating probe from the machine arm in his anus, the medical officer presses his lower belly with her gloved hand, cum on the chair"
Studio,Studio_atk_m2,depth3d_hero_only_sit,座っている,相手を主人公目線で写す（相手は触れていない）,,"he sits on the round stool with his chest out, the photographer aims the camera lens close at his nipple, flash light, his nipples erect, his hips twitching, cum on his thighs, no hands on him"
Studio,Studio_lose_btl_m2,depth3d_hero_only_fours,四つんばい・前かがみ,相手を主人公目線で写す（相手は触れていない）,,"from side, he is on all fours on the white backdrop with his hips lifted toward the camera, the photographer crouches behind him aiming the lens at his buttocks, flash, precum dripping, no hands on him"
Studio,Studio_lose_inochi_m2,depth3d_hero_only_sit,座っている,相手を主人公目線で写す（相手は触れていない）,,"he sits naked on a white chair holding a signed contract paper without text on his lap, the photographer aims the lens close at his chest, flash, his nipples erect, cum on his thighs, no hands on him"
Studio,Studio_lose_onedari_m2,depth3d_hero_only_sit,座っている,相手を主人公目線で写す（相手は触れていない）,,"he sits on the round stool staring into the camera lens held right in front of his face by the photographer, cum splashed on his belly, erect nipples, no hands on him"
Summoner,Summoner_atk_m2,depth3d_hero_only_lie,四つんばい・前かがみ,相手を足して2人の絵（道具・触手などが主人公の体に付くので、体を見せる）,,"from side, the shorter man lies face down on a table in front of the glass vats, a thin tentacle tube pumps lavender slime into his anus, anal jelly, slime dripping, the summoner stands beside him holding a flask, other tentacles under his chest on his nipples, translucent purple tentacles with fine"
Summoner,Summoner_atk_e3,depth3d_hero_only_fours,四つんばい・前かがみ,相手を足して2人の絵（道具・触手などが主人公の体に付くので、体を見せる）,,"from side, the shorter man kneels on all fours on the wet stone floor, the keeper kneels beside him, a purple tentacle crawling out of a glass aquarium slides into the shorter man's anus, the keeper's black-gloved hand guiding it, feeding time, translucent purple tentacles with fine cilia, glistenin"
Summoner,Summoner_lose_btl_m2,depth3d_hero_only_lie,四つんばい・前かがみ,相手を足して2人の絵（道具・触手などが主人公の体に付くので、体を見せる）,,"from side, the shorter man lies face down on a table in front of glass vats, a thin glass tube from a vat pumping lavender slime into his anus, anal jelly, tentacles under his chest on his nipples, slime overflowing, the summoner holding a flask, translucent purple tentacles with fine cilia, glisten"
Summoner,Summoner_lose_onedari_m2,depth3d_hero_only_lie,寝ている,相手を足して2人の絵（道具・触手などが主人公の体に付くので、体を見せる）,,"on a canopy bed with purple sheets the shorter man lies on his side with his knees up, a thin glass syringe with measurement lines inserted in his anus, anal jelly, the summoner sitting beside him pressing the plunger slowly, tentacles on his nipples, translucent purple tentacles with fine cilia, gl"
Summoner,Summoner_lose_inochi_e3,depth3d_hero_only_lie,寝ている,相手を足して2人の絵（道具・触手などが主人公の体に付くので、体を見せる）,,"from side, the shorter man lies on the stone experiment table, a folded dark green apron beside him, a purple tentacle inserted into his anus, the keeper standing beside him demonstrating with black-gloved hands, translucent purple tentacles with fine cilia, glistening with lavender slime, rising ou"
Summoner,Summoner_lose_onedari_e3,depth3d_hero_only_kneel,座っている,相手を足して2人の絵（道具・触手などが主人公の体に付くので、体を見せる）,,"the shorter man sits in a shallow glass aquarium of water with legs spread, several purple tentacles of different thickness crawling to his anus, one inside, the keeper kneeling outside the tank releasing another from a jar, translucent purple tentacles with fine cilia, glistening with lavender slim"
Sylvia,Sylvia_atk_m2,depth3d_hero_only_kneel,膝をつく,相手を主人公目線で写す（相手は触れていない）,,"he kneels on the wooden floor before the mirrors, the academy ace stands over him with her blouse open, lifting and swaying her huge breasts right before his face, no hands on him, his reflection dazed"
Sylvia,Sylvia_atk_e1,depth3d_hero_only_kneel,膝をつく,相手を主人公目線で写す（相手は触れていない）,,"he kneels in a pillar of light, dazed, the light guide holds a glowing orb of light before his eyes, his gaze following it, no hands on him, mouth open, trembling"
Sylvia,Sylvia_lose_btl_m2,depth3d_hero_only_kneel,膝をつく,相手を主人公目線で写す（相手は触れていない）,,"he kneels on the wooden floor before the mirrors, the academy ace bounces her huge breasts against his cheek, blouse open, no hands on him, cum on the floor, his dazed reflection in the mirror"
Sylvia,Sylvia_lose_inochi_m2,depth3d_hero_only_sit,座っている,相手を主人公目線で写す（相手は触れていない）,,"he sits on the white sheets, the academy ace kneels before him unbuttoning her blouse and lifting her huge breasts, no hands on him, cum on the sheets, blank schedule papers without text on the desk"
Sylvia,Sylvia_lose_onedari_m2,depth3d_hero_only_sit,座っている,相手を主人公目線で写す（相手は触れていない）,,"he sits alone in the front row of the stone spectator seats, the academy ace stands in the middle of the sand arena swaying her huge breasts, no hands on him, cum on his thigh, sunset"
Sylvia,Sylvia_lose_btl_e1,depth3d_hero_only_kneel,膝をつく,相手を主人公目線で写す（相手は触れていない）,,"he kneels in a pillar of light with his back arched, the light guide stands before him closing her palm to put out the orb of light, no hands on him, dazed, cum on the white stone floor"
Sylvia,Sylvia_lose_inochi_boss,depth3d_hero_only_lie,寝ている,相手を主人公目線で写す（相手は触れていない）,,"he lies on the long couch in the sunset, the chief instructor stands beside him pointing the tip of her black pointer stick just short of his nipple, no hands on him, cum on his belly"
Tavern,Tavern_lose_inochi_e1,depth3d_hero_only_lie,寝ている,相手を主人公目線で写す,,"he slumps on the floor between wine barrels, the grape fairy leans on his back blowing a breath into his wet ear, her wings glittering, cum dripping under his skirt, trembling"
Tavern,Tavern_lose_onedari_boss,depth3d_hero_only_sit,座っている,相手を主人公目線で写す（相手は触れていない）,,"he sits on the rug before the lamp-lit vanity mirror, the dancer succubus sways her hips right in front of his face with honey liquor pooled in her navel, no hands on him, cum dripping under his skirt"
Tea,Tea_atk_e2,depth3d_hero_only_kneel,膝をつく,相手を主人公目線で写す（相手は触れていない）,,"he kneels before an incense burner, the hostess leans close holding the incense case and blows sweet incense-scented breath onto his neck and ear, thin smoke curling, no hands on him, flushed"
Tengu,Tengu_atk_e1,depth3d_hero_only_lie,寝ている,相手を足して2人の絵（道具・触手などが主人公の体に付くので、体を見せる）,,"he lies against a cedar root, the crow tengu kneels over him brushing his nipple with the tip of a black feather, circling the areola, black wings half spread, cheeky grin"
Tengu,Tengu_lose_btl_m2,depth3d_hero_only_kneel,膝をつく,相手を足して2人の絵（道具・触手などが主人公の体に付くので、体を見せる）,,"he kneels on the windy ridge path above the sea of clouds, the great tengu hovers above swinging her white feather fan, a swirling vortex of wind wrapping his whole body, no hands on him, cum scattered by the wind"
Tengu,Tengu_lose_inochi_m2,depth3d_hero_only_kneel,膝をつく,相手を足して2人の絵（道具・触手などが主人公の体に付くので、体を見せる）,,"he kneels on the cedar avenue trail, the great tengu stands behind him fanning his back with her white feather fan, wind whipping his hair, no hands on him, cum on the damp earth, his travel cloak dropped"
Tengu,Tengu_lose_onedari_m2,depth3d_hero_only_kneel,膝をつく,相手を足して2人の絵（道具・触手などが主人公の体に付くので、体を見せる）,,"he kneels before the shrine with a blank map without text fluttering in his hands, the great tengu swings her white feather fan, wind streaming over his chest and inner thighs, no hands on him, cum on the gravel"
Werewolf,Werewolf_lose_btl_m2,depth3d_hero_only_lie,寝ている,相手を主人公目線で写す,,"he lies pushed down in the grass under the full moon, the wolf chieftess lies over his whole body rubbing her cheek against his neck, thighs entwined, tail wrapped around him, cum on his belly"
