MOD,画像名,下書き,本文の姿勢,下書きの姿勢,下書きの形（英語）,場面の文（英語）
Alchemy,Alchemy_lose_btl_e2,depthref_nipple_side_lying,四つんばい・前かがみ,寝ている,"both lie on a bed, the other character lies on her side next to the navy-haired man and licks his nipple","he lies face down on the wooden cot, the herbalist sits beside him with one finger coated in green ointment deep in his anus, a clay jar of ointment in her other hand, cum on the sheet, potted herbs around"
Alchemy,Alchemy_lose_inochi_e2,depthref_lap_pillow_hj_side_2,四つんばい・前かがみ,寝ている,"the other character sits seiza, the navy-haired man lies with his head on the other character's thighs","he lies face down across the herbalist's lap on the greenhouse bench with his hips raised, the herbalist spreads green ointment on his anus with a wooden spatula, a clay jar beside her, a brown vial on the bench"
Alraune,Alraune_lose_btl_m3,depthref_suspension_3,寝ている,立っている,"the navy-haired man hangs by his wrists, the other character stands in front of him","nude male, completely naked man, penis, from side, he lies on his back suspended horizontally in the air by vines in front of her, legs spread and held up by vines, a vine penetrates his anus, anal, surrounded by a golden pollen cloud, drooling, she stands on her flower and holds his chin, ejaculati"
Casino,Casino_lose_btl_boss,depthref_peg_chair_5,寝ている,座っている,"the navy-haired man sits in a restraint chair with his legs raised, the other character stands in front of him","from side, he lies with his chest on the desk, crotch snap undone, the shipowner stands behind him pegging his anus with a silver strap-on on a white leather belt, anal, sea charts on the wall, his own penis separate"
Circus,Circus_lose_inochi_e2,depthref_collar,膝をつく,四つんばい・前かがみ,"the navy-haired man is on all fours on a leash, the other character stands beside him holding the leash","he kneels upright in seiza on the hay inside a wooden transport wagon, black leather collar on his neck with nothing attached, the beast tamer leans on the far wall tugging an unconnected leash, cum on his thighs"
Circus,Circus_lose_btl_e3,depthref_nipple_side_lying,四つんばい・前かがみ,寝ている,"both lie on a bed, the other character lies on her side next to the navy-haired man and licks his nipple","from side, he lies face down on the black-draped pedestal with his hips raised, the magician pulls a string of white pearl anal beads out of his anus, one bead popping out, cum on the cloth"
Clinic,Clinic_lose_inochi_e3,depthref_finger_fours_behind,座っている,四つんばい・前かがみ,"the navy-haired man is on all fours, the other character kneels behind him","the naked navy blue-haired shorter man wears no clothing at all, not wearing pharmacist apron, clinic procedure room, special reclined table with metal leg rests, tray with lube bottle and gloves, frosted glass window, fluorescent lighting, detailed background, indoors, the naked navy blue-haired sh"
Clinic,Clinic_lose_inochi_boss,depthref_finger_fours_kneel_side,寝ている,四つんばい・前かがみ,"the navy-haired man is on all fours, the other character kneels behind him","the naked navy blue-haired shorter man wears no clothing at all, not wearing white coat, clinic procedure room, special reclined table with metal leg rests, tray with lube bottle and gloves, frosted glass window, fluorescent lighting, detailed background, indoors, the naked navy blue-haired shorter "
Clinic,Clinic_lose_onedari_boss,depthref_finger_fours_kneel_back,寝ている,四つんばい・前かがみ,"the navy-haired man is on all fours facing away, the other character kneels beside his hips and reaches to his buttocks","the naked navy blue-haired shorter man wears no clothing at all, not wearing white coat, private hospital room at night, white bed with side rails, nurse call button on a cord, small reading lamp, white curtain, dark window, detailed background, indoors, the naked navy blue-haired shorter man never "
Clock,Clock_lose_inochi_e1,depthref_suspension_5,膝をつく,立っている,"the navy-haired man hangs by his wrists, the other character stands in front of him","in the frozen corridor with dust suspended in the air, he kneels limp, the pendulum keeper stands before him swinging a gold pendulum on a long chain before his face, drool, cum on the floor"
Clock,Clock_lose_inochi_boss,depthref_suspension_hj_4,四つんばい・前かがみ,立っている,"the navy-haired man hangs by his wrists, the other character stands beside him","from side, among dust frozen in the air, he kneels on all fours, the timekeeper kneels behind him penetrating his anus with her own penis, anal, her gloved hand reaching around rolling his nipple, his own penis separate, cum on the floor"
CrossCafe,CrossCafe_lose_inochi_e2,depthref_rah_2,座っている,立っている,"the navy-haired man stands in front, the other character stands behind him and reaches around him","black vest and black trousers, the navy blue-haired shorter man wears a black long-sleeved classic maid dress, white frilled apron, white headdress, black tights, strap shoes, no wig, short navy blue hair, light feminine makeup, blush, glossy lipstick, black lace-up corset around his waist, dress co"
DarkElf,DarkElf_lose_btl_e2,depthref_suspension_3,寝ている,立っている,"the navy-haired man hangs by his wrists, the other character stands in front of him","from front, he lies on his back on the examination table holding his knees, reed tubes in the tip of his penis and in his anus, green jelly dripping, the herbalist leans close observing, steaming pot, cum on his belly"
Dorm,Dorm_lose_btl_m2,depthref_whisper,立っている,座っている,"the navy-haired man sits, the other character leans in from behind and whispers into his ear","the navy blue-haired shorter man wears the dorm uniform: navy blazer, white blouse, red ribbon on the chest, navy pleated skirt, black knee socks, no wig, short navy blue hair, not wearing pale pink kimono and white kappogi apron, dorm matron's room, tatami floor, low wooden table, bookshelf of rule"
Dream,Dream_lose_btl_m1,depthref_ear_prone_above,寝ている,四つんばい・前かがみ,"the navy-haired man lies face down on a pillow with his hips raised, the other character lies over his back from behind, her face beside his ear","he lies on his side deep in the canopy bed, the succubus lies behind him wrapping bat wings around his head, lips at his ear singing, her pink hair over his cheek, no hands on him, cum on the sheets"
Esthe,Esthe_lose_onedari_e1,depthref_rah,寝ている,立っている,"the navy-haired man stands in front, the other character stands behind him and reaches around him","the naked navy blue-haired shorter man wears no clothing at all, not wearing black esthetician uniform, aroma room, dim amber lighting, low mat on the floor, aroma diffuser with white mist, small aroma bottles on a shelf, detailed background, indoors, the naked navy blue-haired shorter man never pen"
Exam,Exam_lose_onedari_e2,depthref_smother_wall_side,膝をつく,立っている,"the navy-haired man leans back against a wall, the other character presses her breasts onto his face from the front","he kneels on the wooden bed with his face buried from the front in the mercenary's huge cleavage, the mercenary hugs him tight, greatsword against the wall, candlelight"
Gemini,Gemini_atk_m3,depthref_suspension_peg,座っている,立っている,"the navy-haired man hangs by his wrists, the other character stands close to him","he sits against a crystal pillar, the guardian stands over him pulling her deep cleavage open with two fingers, her knee grinding his crotch, kneejob, his face fixed on her cleavage, trembling"
Gemini,Gemini_lose_btl_m3,depthref_suspension_peg_5,座っている,立っている,"the navy-haired man hangs by his wrists, the other character stands close to him","he sits collapsed against a crystal pillar, the guardian stands over him pulling her cleavage open with two fingers, her knee grinding his crotch, kneejob, cum on her knee, crystals reflecting her cleavage"
GhostShip,GhostShip_lose_btl_e2,depthref_bondage_p_3,立っている,寝ている,"the navy-haired man lies on his back with his wrists tied above his head, the other character straddles him","he stands with a rough rope wound around his chest, knots biting into both of his nipples, the rope end looped loosely around the base of his penis, the boatswain pulls the rope, cum"
Harem,Harem_lose_onedari_e3,depthref_kneel_stand_leash,四つんばい・前かがみ,膝をつく,"the other character stands holding a leash, the navy-haired man kneels upright on the floor in front of her","under hanging lamps he kneels on the corridor floor with hips raised, a white sheer sash tied at his waist, the chamberlain kneels beside him with two fingers deep in his anus, fingering, reciting calmly, the other man keeps his clothes on, only the navy-haired man is crossdressed, the other man is "
Heels,Heels_lose_inochi_m3,depthref_peg_chair_2,四つんばい・前かがみ,座っている,"the navy-haired man sits in a restraint chair with his legs raised, the other character stands in front of him","crossdressing adult man, he wears a black knee-length maid dress with a white collar and a white frilled apron, black thigh-high garter stockings, garter belt, black strap shoes, flat male chest, from side, near the throne room door he is bent over the ottoman, she stands behind him with oiled finge"
Heels,Heels_lose_btl_boss,depthref_two_stand_sandwich,四つんばい・前かがみ,立っている,"the navy-haired man stands in the middle, one woman kneels in front of him and the other woman kneels behind him","crossdressing adult man, he wears a black knee-length maid dress with a white collar and a white frilled apron, black thigh-high garter stockings, garter belt, black strap shoes, flat male chest, from side, he kneels on all fours in his maid dress, neckline pulled down, she pegs him with her strap-o"
Hive,Hive_lose_btl_e1,depthref_nipple_side_lying,四つんばい・前かがみ,寝ている,"both lie on a bed, the other character lies on her side next to the navy-haired man and licks his nipple","erection, from side, he lies face down on the workbench with his hips raised, she pushes golden beeswax jelly into his anus with two gloved fingers, anal insertion, a small beeswax plug in her other hand, cum on the bench, her dress fully covers her chest and legs"
Hive,Hive_lose_inochi_e1,depthref_kneel_seiza_head_2,四つんばい・前かがみ,膝をつく,"the navy-haired man kneels in seiza, the other character stands in front of him and pats his head","erection, on the outer walkway he kneels with his hips raised, she presses warm beeswax jelly into his anus with her fingers, anal insertion, a brown worker's sash tied around his waist, forest far below, her dress fully covers her chest and legs"
Host,Host_lose_onedari_m3,depthref_futa_2,立っている,四つんばい・前かがみ,"the navy-haired man is on all fours, the other character kneels behind him","the navy blue-haired shorter man wears only an unbuttoned white dress shirt, bottomless, not wearing black host club suit, small private VIP room, canopy sofa with sheer drapes, tall standing mirror, dim amber light, velvet curtain, detailed background, indoors, the navy blue-haired shorter man neve"
Idol,Idol_lose_onedari_m3,depthref_whisper,立っている,座っている,"the navy-haired man sits, the other character leans in from behind and whispers into his ear","white blouse and tight skirt, the navy blue-haired shorter man wears a white and pink frilled idol costume with a big pink ribbon on the chest, a fluffy frilled miniskirt, white frilled thigh-high socks, ribbon shoes, no wig, short navy blue hair, light feminine makeup, blush, not wearing pink blaze"
Knight,Knight_atk_e2,depthref_xcross_5,寝ている,立っている,"the navy-haired man is bound standing to an X-shaped cross, the other character stands beside him","erection, he floats slightly above the magic circle bound spread-eagle by glowing ropes of light around his wrists and ankles, the mage knight stands at a distance pointing the staff, chanting, his back arched, no hands on him, the knight keeps his armor on, only the shorter navy-haired man is naked"
Knight,Knight_lose_btl_e1,depthref_nipple_side_lying,四つんばい・前かがみ,寝ている,"both lie on a bed, the other character lies on her side next to the navy-haired man and licks his nipple","erection, from side, sunset, he is pinned face down on the sand with hips raised, the squire kneels on him, a small vibrator in his anus, motion lines, cum on the sand, the knight keeps his armor on, only the shorter navy-haired man is naked, the knight is taller than him, medieval stone fortress on"
Knight,Knight_lose_inochi_e1,depthref_nipple_side_lying_2,四つんばい・前かがみ,寝ている,"both lie on a bed, the other character lies on her side next to the navy-haired man and licks his nipple","erection, from side, he is pinned face down on the armor maintenance table, the squire holds his arm behind his back, a small vibrator in his anus, a parchment and oil jar beside them, the knight keeps his armor on, only the shorter navy-haired man is naked, the knight is taller than him, medieval s"
Knight,Knight_lose_onedari_e1,depthref_lap_pillow_hj_side_2,四つんばい・前かがみ,寝ている,"the other character sits seiza, the navy-haired man lies with his head on the other character's thighs","erection, from side, he lies on the rug before the fireplace with his hips raised begging, the squire kneels beside him holding a vibrator inserted in his anus, an hourglass on the bench, the knight keeps his armor on, only the shorter navy-haired man is naked, the knight is taller than him, medieva"
Knight,Knight_lose_inochi_e2,depthref_xcross_6,寝ている,立っている,"the navy-haired man is bound standing to an X-shaped cross, the other character stands beside him","erection, daylight, he lies on the stone table bound spread-eagle by glowing ropes of light, the mage knight stands at the head of the table with the staff, one glowing word floating above him, cum on his belly, the knight keeps his armor on, only the shorter navy-haired man is naked, the knight is "
Lab,Lab_lose_btl_boss,depthref_xcross_2,寝ている,立っている,"the navy-haired man is bound standing to an X-shaped cross, the other character stands beside him","the naked navy blue-haired shorter man wears no clothing at all, not wearing white armor plating, prototype hangar, huge dim room, overhead crane, thick cables on the floor, blue work lights, metal walls, detailed background, indoors, the naked navy blue-haired shorter man never penetrates anyone, h"
Library,Library_lose_btl_e2,depthref_nipple_side_lying,四つんばい・前かがみ,寝ている,"both lie on a bed, the other character lies on her side next to the navy-haired man and licks his nipple","he lies face down on the worktable beside the steaming glue pot, the scribe pours warm clear glue from a brass-spouted bottle into his anus, glue dripping down his thighs, cum on the table"
Masque,Masque_lose_inochi_m3,depthref_peg_doggy,立っている,四つんばい・前かがみ,"the navy-haired man is on all fours, the other character kneels behind him","from side, he stands with his back against the stone balustrade, one leg held up on the countess's arm, the countess pegs his anus with a black strap-on from the front while kissing him deeply, anal, his own penis separate, moonlight"
Military,Military_lose_onedari_e3,depthref_whisper_lying,四つんばい・前かがみ,寝ている,the other character leans in close beside the navy-haired man and whispers into his ear,"he lies prone on the floor by the transmitter with his hips raised, the signal operator sits on his thighs rubbing her bottom against his, whispering into his ear, expressionless, cum dripping"
Musashi,Musashi_lose_onedari_m3,depthref_armpit_job_b_2,膝をつく,立っている,"the other character is in the middle with her face and upper body large in the picture, the navy-haired man stands at the edge of the picture beside her, his penis is clamped under her arm in her armpit","he kneels in seiza before weapons laid out in rows on the floor, the swordswoman sits beside him clamping his penis in her bare armpit, pinching his nipple, a closed folding fan tucked in her hakama, cum on the floor"
Musashi,Musashi_lose_btl_e3,depthref_whisper_lying,四つんばい・前かがみ,寝ている,the other character leans in close beside the navy-haired man and whispers into his ear,"he lies face down on the tatami, the disciple lies on top of him in a pinning hold, licking inside his ear and whispering, her knee set aside, cum on the tatami, rain on the window"
Police,Police_atk_m3,depthref_peg_chair_3,四つんばい・前かがみ,座っている,"the navy-haired man sits in a restraint chair with his legs raised, the other character stands in front of him","from side, he lies face down on the grey desk with hips raised, the inspector stands behind him pegging his anus with a black strap-on, anal, reading a report without text in her other hand, his own penis separate"
Police,Police_lose_btl_m3,depthref_peg_chair_2,四つんばい・前かがみ,座っている,"the navy-haired man sits in a restraint chair with his legs raised, the other character stands in front of him","from side, he lies face down on the grey desk with hips raised, the inspector stands behind him pegging his anus with a black strap-on, anal, reading a report without text, his own penis separate, cum dripping on the floor"
Police,Police_lose_inochi_m3,depthref_peg_chair,寝ている,座っている,"the navy-haired man sits in a restraint chair with his legs raised, the other character stands in front of him","from side, he lies on his side on the grey desk, the inspector holds one of his legs up and pegs his anus with a black strap-on, anal, reading a paper without text, his own penis separate, his cheek on the desk"
Police,Police_lose_onedari_m3,depthref_peg_chair_5,四つんばい・前かがみ,座っている,"the navy-haired man sits in a restraint chair with his legs raised, the other character stands in front of him","from side, he is on all fours on top of the grey desk, the inspector stands behind him pegging his anus with a black strap-on, anal, her long black hair falling over his back, his own penis separate, cum on the desk"
Puppet,Puppet_atk_boss,depthref_bondage_p_2,四つんばい・前かがみ,寝ている,"the navy-haired man lies on his back with his wrists tied above his head, the other character straddles him","the naked navy blue-haired shorter man wears no clothing at all, not wearing ornate white and gold gown, completion hall at the top of the tower, two white marble pedestals side by side, one empty, glass cabinets of porcelain dolls, candlelight, detailed background, indoors, the naked navy blue-hair"
Puppet,Puppet_lose_inochi_e2,depthref_suspension_peg,寝ている,立っている,"the navy-haired man hangs by his wrists, the other character stands close to him","the navy blue-haired shorter man wears a white silk negligee, not wearing frilly pink dress, canopy bedroom, bed canopy strung with silver threads like a spider web, glass cabinets of porcelain dolls on the wall, single candle, dark gothic room, midnight, detailed background, indoors, the navy blue-"
Puppet,Puppet_lose_inochi_e3,depthref_suspension_hj_4,寝ている,立っている,"the navy-haired man hangs by his wrists, the other character stands beside him","the navy blue-haired shorter man wears only a shirt pushed up to his chest and trousers pulled down to his knees, not wearing lavender lace dress, canopy bedroom, bed canopy strung with silver threads like a spider web, glass cabinets of porcelain dolls on the wall, single candle, dark gothic room, "
Puppet,Puppet_lose_inochi_boss,depthref_xcross_4,寝ている,立っている,"the navy-haired man is bound standing to an X-shaped cross, the other character stands beside him","the naked navy blue-haired shorter man wears no clothing at all, not wearing ornate white and gold gown, round tower room, walls covered with thousands of colorful thread spools, small window, wooden work desk, candlelight, dawn, detailed background, indoors, the naked navy blue-haired shorter man n"
Queen,Queen_lose_inochi_e1,depthref_whisper,立っている,座っている,"the navy-haired man sits, the other character leans in from behind and whispers into his ear","he stands in front of a portrait in the corridor, the head maid stands behind him with her lips at his ear blowing a breath into it, no hands on him, red moon in the window, cum dripping on the floor"
Queen,Queen_lose_inochi_e2,depthref_kneel_stand_leash_2,立っている,膝をつく,"the other character stands holding a leash, the navy-haired man kneels upright on the floor in front of her","before the closed black gate, he stands held from behind by the knight captain, her arms wrapped around his chest, her chest pressed against his back, the crest glowing, cum on the stones, trembling"
Salon,Salon_lose_onedari_boss,depthref_chastity_stand_face,寝ている,立っている,"the navy-haired man and the other character stand facing each other, she presses close to him","the navy blue-haired shorter man wears only a small flat metal chastity cage with a thin waist strap and nothing else, not wearing black evening dress, narrow salon back room, a wall covered with rows of hooks holding hundreds of small silver keys, lamp light, writing desk, low leather treatment cou"
Sister,Sister_lose_btl_e2,depthref_lap_pillow_hj_side_2,座っている,寝ている,"the other character sits seiza, the navy-haired man lies with his head on the other character's thighs","he sits on the stone floor, the executioner lady cradles his face in her huge cleavage, her axe leaning on a pillar, he is falling asleep, cum soaking his hem"
Starship,Starship_lose_onedari_m2,depthref_whisper_3,立っている,座っている,"the navy-haired man sits, the other character leans in from behind and whispers into his ear","he stands naked with his chest thrust out in front of the desk, the captain stands close whispering orders into his ear, no hands on him, knees buckling, cum on his thighs"
Tengu,Tengu_lose_btl_e3,depthref_ear_prone_above,寝ている,四つんばい・前かがみ,"the navy-haired man lies face down on a pillow with his hips raised, the other character lies over his back from behind, her face beside his ear","he lies on the moss with his back arched, the tree spirit kneels beside him whispering into his ear, faint echoing ripples of sound all around him, no hands on him, cum on the moss, sunlight through leaves"
Tutor,Tutor_lose_btl_boss,depthref_peg_chair_4,寝ている,座っている,"the navy-haired man sits in a restraint chair with his legs raised, the other character stands in front of him","from side, he lies with his chest on the heavy mahogany desk, his penis locked in a chastity cage, the chairwoman pegs his anus with a dark grey strap-on on a black belt with gold buckles, anal, a key in her breast pocket"
Tutor,Tutor_lose_onedari_boss,depthref_peg_chair_5,立っている,座っている,"the navy-haired man sits in a restraint chair with his legs raised, the other character stands in front of him","he stands with his hands on the huge night-view window, his penis locked in a chastity cage, the chairwoman behind him pegs his anus with her dark grey strap-on, anal, city lights below, his reflection in the glass"
Twins,Twins_atk_m3,depthref_two_stand_sandwich,四つんばい・前かがみ,立っている,"the navy-haired man stands in the middle, one woman kneels in front of him and the other woman kneels behind him",.
Twins,Twins_lose_inochi_m1,depthref_multi_two_seated_ears_hj,立っている,座っている,"the navy-haired man sits in the middle with his legs apart, one woman on each side presses against him, both women whisper into his ears and reach to his crotch",.
Twins,Twins_lose_btl_m3,depthref_two_stand_sandwich,四つんばい・前かがみ,立っている,"the navy-haired man stands in the middle, one woman kneels in front of him and the other woman kneels behind him",.
Vampire,Vampire_lose_onedari_m2,depthref_bloodsuck_behind_b,座っている,四つんばい・前かがみ,"the navy-haired man is bent forward, the other character presses against his back from behind and bites his neck",s
Witch,Witch_lose_inochi_boss,depthref_nipple_side_lying_2,四つんばい・前かがみ,寝ている,"both lie on a bed, the other character lies on her side next to the navy-haired man and licks his nipple","the navy blue-haired shorter man wears a black and purple frilly dress with the skirt lifted up to his waist, lace gloves and thigh-high stockings, nothing under the skirt, not wearing large witch hat and ornate robe, herb garden greenhouse, glass roof, lush medicinal herbs and flowers, wooden bench"
Witch,Witch_lose_onedari_boss,depthref_rah_lying_2,四つんばい・前かがみ,寝ている,"both lie on a bed side by side, the other character lies beside the navy-haired man and reaches down to him","the navy blue-haired shorter man wears a black and purple frilly dress with the skirt lifted up to his waist, lace gloves and thigh-high stockings, nothing under the skirt, not wearing large witch hat and ornate robe, attic bedroom, slanted wooden ceiling, small round window, canopy bed, candle ligh"
Yatsume,Yatsume_lose_btl_m3,depthref_peg_nipple_p,立っている,膝をつく,"the navy-haired man kneels upright, the other character kneels behind him and reaches around to his chest","from behind, he stands with his wrists tied above his head to a hook, the warden behind him pegging his anus deeply with her strap-on, anal, pulling both his nipples with her gloved fingers, his own penis separate, cum dripping to the floor"
Yatsume,Yatsume_lose_onedari_m3,depthref_peg_doggy_2,立っている,四つんばい・前かがみ,"the navy-haired man is on all fours, the other character kneels behind him","from behind, he stands with his forehead and hands against the white tile wall in the steam, the warden behind him pegging his anus with her strap-on, anal, her gloved hand stroking his penis, cum on the tiles, his own penis separate"
