ファイル,model.json の id,何の構図か,判定,理由・注意,学習の元モデル,方式,学習枚数,dim,よく出る学習タグ（上位8）
ashikokistep-000030.safetensors,alt_ashikoki(停止),座った相手の足コキ・踏みつけ,○,年齢系なし。1girl だけで学習（男は映らない前提）。停止中＝別版,IL系（Civitai 889818）,epsilon,300,4,"ashikokistep 300, penis 300, cum 300, 1girl 300, sitting 291, onefoot 235, barefoot 226, twofeet 65"
POV_Thighjob_on_Top_ILLUSTRIOUS.safetensors,alt_thigh_top(停止),上に乗って素股（POV）,○,年齢系なし（今は停止＝別版）,IL系（Civitai 889818）,epsilon,43,16,"p0vth1ghj0b 43, 1girl 42, hetero 42, 1boy 42, penis 40, breasts 32, thigh sex 30, uncensored 21"
POV_CHASTITY_CAGE.safetensors,chastity,貞操帯を見下ろす POV・鍵,○,年齢系なし,IL系（Civitai 889818）,epsilon,15,32,"povcage 15, 1girl 15, 1boy 15, pov 15, looking at viewer 15, femdom 15, bdsm 15, flat chastity cage 8"
Energy_Drain_Femdom_IL_epoch_20.safetensors,energy_drain,淫魔が精気を吸う（騎乗・キス・光のエフェクト）,○,年齢系なし,IL系（Civitai 889818）,epsilon,52,32,"energy drain 52, femdom 52, breasts 50, 1girl 49, hetero 48, 1boy 46, long hair 44, large breasts 39"
figure-four-neck-lockv4-il-Kari_corn-f4nefj.safetensors,figure_four,脚で首を固めて足コキ,○,年齢系なし,illustriousXL_v01,epsilon,57,4,"f4nefj 57, 1girl 57, 1boy 57, sitting 57, hetero 57, penis 57, erection 56, femdom 52"
headlock-handjob-hedockhj-IL.safetensors,headlock,頭を抱え込んで手コキ・足コキ,○,年齢系なし,illustriousXL_v01,epsilon,38,8,"hedockhj 38, 1girl 38, breasts 38, bangs 38, large_breasts 38, 1boy 38, hetero 38, nude 38"
Lamia_Sex.safetensors,lamia,ラミアとの性行為（見た目寄り）,○,年齢系なし,IL系（Civitai 889818）,epsilon,21,32,"lamia sex 21, monster girl 21, breasts 20, 1girl 19, hetero 19, 1boy 19, long hair 18, lamia 17"
Femdom_Lamia_Sex.safetensors,lamia_coil,ラミアが尾で男に巻きつき上から,○（言い換え済み）,タグが「boy」表記（boy coiled 等）。年齢語はなし。トリガーは male に言い換え済み,IL系（Civitai 889818）,epsilon,20,32,"1girl 20, 1boy 20, dominant female 20, submissive male 20, monster girl 20, snake girl 20, lamia 20, girl on top 20"
POVLapLyingBlowjob_Handjob_Fingering_Illustrious.safetensors,lap_finger,膝枕で寝かせた男を POV で手コキ・指,○,school uniform 1・serafuku 1 のみ（ごく少数）,IL系（Civitai 889818）,epsilon,28,16,"laply1ngp0v 28, hetero 28, 1girl 27, 1boy 25, breasts 24, penis 22, nipples 21, oral 19"
nai_nipple_licking_handjob_IL.safetensors,nipple_lick_hj,乳首舐め＋手コキ（POV）,○,年齢系なし（score_9 は Pony 用の語が混ざっただけ）,anyillustriousXLFor_v01,epsilon,58,32,"nai_nipple_licking_handjob 58, score_9 58, 1girl 57, 1boy 57, hetero 57, solo focus 57, handjob 56, penis 56"
paizuri_twistedbreasts_v1.safetensors,paizuri,パイズリ（POV）,○,年齢系なし,IL系（Civitai 889818）,epsilon,52,16,"1girl 52, breasts 52, hetero 52, paizuri 52, 1boy 52, solo focus 52, nipples 50, penis 50"
Pegging_Bondage_Chair.safetensors,peg_chair,拘束椅子でペニバン（横から）,○（言い換え済み）,submissive boy 25（「boy」表記）。トリガーは man/adult male に言い換え済み,IL系（Civitai 889818）,epsilon,25,32,"1girl 25, 1boy 25, dominant girl 25, submissive boy 25, hetero 25, duo 25, from side 25, bondage 25"
PoV_Pegging_Another_Femdom.safetensors,peg_pov,仰向けの男を見下ろしてペニバン（相手目線 POV）,○,年齢系なし。muscular 24 → 主人公がごつくなる恐れ,IL系（Civitai 889818）,epsilon,31,32,"female pov 62, femdom pov 62, strap-on 62, anal pegging 62, 1boy 31, 1girl 31, hetero 31, male lying on back 31"
RAH_G2.safetensors,rah / rah_behind,後ろから抱きつき手コキ（reach-around）,○,年齢系なし,waiNSFWIllustrious_v150,epsilon,40,32,"rah 20, bdsmrah 15, 1girl 7, 1boy 7, hetero 7, penis 7, handjob 7, nude 6"
Steped_On_POV-000008.safetensors,step,踏みつけ（下から見上げる POV）,○,school uniform 1 のみ。元モデルは Civitai 2514310（不明）,不明（Civitai 2514310）,epsilon,34,32,"from below 37, pov 35, steppovv1 34, trampling 34, 1girl 34, 1boy 27, hetero 25, penis 24"
succubus_tail.safetensors,succubus_tail,サキュバスの尻尾（見た目だけ）,○,年齢系なし。1人の立ち絵が中心,IL系（Civitai 889818）,epsilon,62,32,"succubus tail 62, 1girl 60, looking at viewer 52, smile 49, solo 48, blush 48, long hair 43, simple background 43"
toes-nipple_tweak-fotnip-IL.safetensors,toes_nipple,足の指で乳首をつまむ＋手コキ,○,年齢系なし,illustriousXL_v01,epsilon,66,8,"fotnip 66, 1girl 66, penis 66, handjob 66, 1boy 66, hetero 66, nipples 66, erection 66"
X_Cross_Femdom_Bondage__BDSM_Pony__Illustrious-000055.safetensors,xcross,X字の磔に拘束,○,serafuku 1・school uniform 1 のみ。名前に Pony とあるが学習元は IL 系,IL系（Civitai 889818）,epsilon,47,48,"x-cross \(bdsm\) 94, femdom 94, restrained male 94, male legs apart 94, 1boy 94, 1girl 94, hetero 93, clothed female nude male 44"
Arache_sex_illus-000037.safetensors,arachne,アラクネ（蜘蛛娘）との性行為。見た目寄り,△,"学習の多くが女性同士（2girls 65・yuri 44）→相手が2人・女性同士に寄りやすい。ネガ yuri,2girls は設定済み",IL系（Civitai 889818）,epsilon,80,32,"arachnesex 80, breasts 79, nipples 68, 2girls 65, nude 56, large breasts 54, taur 51, long hair 48"
FSFJ_1300845.safetensors,facesit,顔面騎乗＋足コキ,△,"school uniform 4・serafuku 1（学生服）→ネガに school uniform, serafuku を",IL系（Civitai 889818）,epsilon,32,48,"femdom facesitting 32, sitting on person 32, sitting on face 32, hetero 32, 1boy 31, 1girl 30, large breasts 19, white background 17"
Futa_on_male-000055.safetensors,futa,ふたなりが男を責める（逆アナル）,△,school uniform 5・serafuku 1。ネガに学生服を,IL系（Civitai 889818）,epsilon,277,32,"futa on male 318, penis 258, 1girl 248, breasts 241, 1boy 215, nipples 175, testicles 171, sex 169"
IL_Lesbian_anal_strap-on.safetensors,peg_strapon,ペニバン（学習は女性同士）,△,全部 2girls・yuri。相手＝女性／受け＝主人公に読み替え（ネガ設定済み）。男の体が崩れやすい,IL系（Civitai 889818）,epsilon,27,32,"yuri 54, 2girls 54, strap-on 54, nude 53, on bed 39, anal 32, sex 28, lestraabed 27"
RustyTrombone_IL_V1_0.safetensors,rusty,尻を舐めながら手コキ,△,school uniform 2・serafuku 2。ネガに学生服を,waiNSFWIllustrious_v140,epsilon,30,32,"anilingus 30, rusty trombone 30, 1girl 30, 1boy 30, hetero 30, penis 30, testicles 27, handjob 26"
Illustrious_thigh_job_Intercrural_Poses_Standing__Lying_Control_Lying_On_Top_standing_2.safetensors,thigh,素股（立ち・寝・上から）,△,furry 24・animal ears 20 → 獣人寄りになることあり。flat chest 1,IL系（Civitai 889818）,epsilon,115,32,"thigh_job 115, penis 106, 1girl 93, 1boy 86, hetero 82, thigh_standing 58, uncensored 56, breasts 56"
whispering_in_ear_IL.safetensors,whisper,耳元でささやく（顔のアップ）,△,school uniform 3・kibito high school uniform 1。ネガに学生服を,IL系（Civitai 889818）,epsilon,18,32,"ear_whisperil 18, whispering 18, whispering in ear 18, flirting 18, femdom 15, 1boy 14, 1girl 14, female whispering to male 14"
Love_Button.safetensors,xray,前立腺の断面図（x-ray）,△,学習の半分が男同士・獣人（yaoi 34・furry 38・dog boy 7 等）。断面図の小窓だけに使う方針,IL系（Civitai 889818）,epsilon,61,32,"love_button 122, c_section 119, prostate_fucking 70, prostate_xray 65, penis 60, anal 58, sex 54, uncensored 52"
Male_Slave_Collar_Leash_Pet_Play_Femdom_Illustrious.safetensors,collar,首輪とリードで男をペット扱い,？（未確認）,400MBを超えてクラウドに取り込めず。PCで 構図LoRAの中身を取り出す.bat を実行すると確認できる,,,,,
Inverted_Male_Femdom_Illustrious.safetensors,inverted,男を逆さまにして責める,？（未確認）,400MBを超えてクラウドに取り込めず。PCで 構図LoRAの中身を取り出す.bat を実行すると確認できる,,,,,
DoggyStylePegging_Illustrios.safetensors,peg_doggy,後ろから（四つん這い）ペニバン,？（未確認）,400MBを超えてクラウドに取り込めず。PCで 構図LoRAの中身を取り出す.bat を実行すると確認できる,,,,,
Spooning_Femdom_Handjob__Pegging_Pony__Illustrious-000058.safetensors,peg_spoon,添い寝（横向き）で手コキ・ペニバン,？（未確認）,400MBを超えてクラウドに取り込めず。PCで 構図LoRAの中身を取り出す.bat を実行すると確認できる,,,,,
Male_Suspension_Femdom_Handjob__Pegging_Pony__Illustrious (1).safetensors,suspension,吊るした男を手コキ・ペニバン,？（未確認）,400MBを超えてクラウドに取り込めず。PCで 構図LoRAの中身を取り出す.bat を実行すると確認できる,,,,,
pose_anilingus_handjob.safetensors,alt_anilingus(停止),尻舐め＋手コキ（四つん這い）,×,shota 11・onee-shota 3。今回 memo を追記して候補撮りからも除外,anyillustriousXLFor_v01,epsilon,34,32,"pose_anilingus_handjob 34, anilingus 34, 1girl 34, penis 34, 1boy 34, testicles 34, hetero 34, ejaculation 34"
Futadom(Illustrious).safetensors,alt_futadom(停止),ふたなり優位（逆アナル・体格差）,×,young boy 系・18 years old・petite 系・teacher and student 等が多数。停止中,IL系（Civitai 889818）,epsilon,974,32,"futadom 974, futa on male 475, femdom 353, anal sex 325, size difference 246, 1boy 226, big breasts 204, futanari 203"
Strap-onpegging(min2).safetensors,alt_strapon(停止),ペニバン（体格差・吊り上げ）,×,boy is young 7・petite 系・fucked silly boy 等。今回 memo を追記して候補撮りからも除外,IL系（Civitai 889818）,epsilon,213,Dynamic,"strapon_pegging 213, femdom 172, strap-on 111, pegging 92, best quality 66, nude 59, closeup 55, big nude breasts 54"
Armpit_Fetish_Femdom_Pony__Illustrious.safetensors,armpit(停止),腋に顔を押しつける／腋舐め,×（方式違い）,学習元が Pony（290640）。WAI では効き方が怪しい。今も停止中,Pony V6（方式違い）,epsilon,18,42,"armpit fetish 18, face in armpit 18, femdom 18, white background 16, 1girl 13, 1boy 13, large breasts 13, hetero 12"
Femdom_Bloodsucking_IL.safetensors,bloodsuck(停止),吸血鬼が首に噛みつく,×,onee-shota 17・biting the boy's neck 38。停止済み,illustriousXL_v01,epsilon,45,32,"fd_bs 45, 1girl 45, 1boy 45, vampire 45, hetero 45, femdom 45, assertive female 45, human male 45"
Femdom Bondage Conquest.safetensors,bondage(停止),両腕を上げて拘束した男を責める（手コキ）,×,shota 12・onee-shota 11・age difference 8。停止済み,illustriousXL_v01,epsilon,25,32,"fd_bd_cq 25, 1boy 25, femdom 25, hetero 25, arms up 25, assertive female 25, reverse_rape 25, lovely femdom 25"
close_hug_sex_IL.safetensors,close_hug(停止),上から抱きしめてキス・密着,×,shota 7・onee-shota 6。停止済み,illustriousXL_v01,epsilon,17,32,"close hug sex 17, 1girl 17, 1boy 17, hetero 17, kiss 17, girl on top 17, femdom 17, french kiss 17"
pose_anal_fingering_2-000020.safetensors,fingering(停止),四つん這いの男にアナル指入れ＋手コキ,×,shota 25・onee-shota 19・aged down 4。停止済み,anyillustriousXLFor_v01,epsilon,51,32,"anal_fingering 51, 1boy 51, breasts 51, anal fingering 51, fingering 51, penis 51, cum 51, nude 51"
fumichin_illustrious_V1.0.safetensors,footjob(停止),立って足コキ,×,loli 9・school uniform 4。停止済み,illustriousXL_v01,epsilon,31,16,"fumichin 31, footjob 31, 1girl 30, censored 29, 1boy 28, hetero 28, penis 28, mosaic censoring 28"
handjob_from_side_v3-000014.safetensors,handjob(停止),横から手コキ,×,loli 27・shota 14・onee-shota 13。停止済み,illustriousXL_v01,epsilon,175,32,"handjob_from_side 175, hetero 174, penis 171, handjob 169, blush 158, censored 153, breasts 149, long_hair 128"
malepassivekiss_il_v1.safetensors,kiss(停止),上から押し倒してキス,×,onee-shota 6・shota 5。停止済み,anyillustriousXLFor_200,epsilon,47,32,"1girl 47, 1boy 47, kiss 47, malepassivekiss 47, hetero 46, blush 42, french kiss 33, long hair 31"
Pegging_Illustrious.safetensors,peg(停止),ペニバン全般,×,loli 15・shota 9・randoseru 3。停止済み,waiNSFWIllustrious_v90,epsilon,132,8,"pegging 132, 1girl 120, 1boy 119, hetero 115, breasts 100, blush 90, penis 86, sex_toy 86"
pose_pegging_nipple_tweak.safetensors,peg_nipple(停止),後ろからペニバン＋乳首つまみ,×,shota 6・school uniform 3。停止済み,anyillustriousXLFor_v01,epsilon,56,32,"pose_pegging_nipple_tweak 56, nipple stimulation 56, nipple tweak 56, penis 56, nipples 56, breasts 56, nude 56, indoors 56"
ProstateMilking_IL_V1_0.safetensors,prostate(停止),前立腺責め（指）＋手コキ,×,loli 2・school uniform 2。停止済み,JANKUV4NSFWTrainedNoobaiEPS_v40,epsilon,25,32,"anal fingering 49, finger stimulate prostate 25, penis 25, hetero 24, 1boy 24, 1girl 24, testicles 23, mosaic censoring 20"
slime sex_illustrious_V1.0.safetensors,slime(停止),スライムに取り込まれる（学習は女性側）,×,loli 6・randoseru 1 等。停止済み,boleromix_illustriousXL_V1.1(VAE),epsilon,45,8,"slime sex 45, slime 45, 1girl 42, solo 40, girl 37, blush 35, breasts 35, pussy 34"
