日時,MOD,画像名,理由,並べた日時
2026-10-06 03:26,Alraune,Alraune_lose_btl_m3,姿勢の言葉を抜いた（指示文を直した・2026-10-06）,
2026-10-06 03:26,Android,Android_lose_btl_e1,姿勢の言葉を抜いた（指示文を直した・2026-10-06）,
2026-10-06 03:26,Android,Android_lose_btl_e2,姿勢の言葉を抜いた（指示文を直した・2026-10-06）,
2026-10-06 03:26,Android,Android_lose_btl_e3,姿勢の言葉を抜いた（指示文を直した・2026-10-06）,
2026-10-06 03:26,Android,Android_lose_inochi_e2,姿勢の言葉を抜いた（指示文を直した・2026-10-06）,
2026-10-06 03:26,Android,Android_lose_inochi_e3,姿勢の言葉を抜いた（指示文を直した・2026-10-06）,
2026-10-06 03:26,Angel,Angel_lose_onedari_boss,姿勢の言葉を抜いた（指示文を直した・2026-10-06）,
2026-10-06 03:26,Auction,Auction_atk_boss,姿勢の言葉を抜いた（指示文を直した・2026-10-06）,
2026-10-06 03:26,Auction,Auction_atk_e2,姿勢の言葉を抜いた（指示文を直した・2026-10-06）,
2026-10-06 03:26,Auction,Auction_atk_m3,姿勢の言葉を抜いた（指示文を直した・2026-10-06）,
2026-10-06 03:26,Auction,Auction_lose_btl_m3,姿勢の言葉を抜いた（指示文を直した・2026-10-06）,
2026-10-06 03:26,Auction,Auction_lose_inochi_boss,姿勢の言葉を抜いた（指示文を直した・2026-10-06）,
2026-10-06 03:26,Auction,Auction_lose_onedari_e1,姿勢の言葉を抜いた（指示文を直した・2026-10-06）,
2026-10-06 03:26,Casino,Casino_atk_e1,姿勢の言葉を抜いた（指示文を直した・2026-10-06）,
2026-10-06 03:26,Casino,Casino_lose_btl_e1,姿勢の言葉を抜いた（指示文を直した・2026-10-06）,
2026-10-06 03:26,Casino,Casino_lose_btl_e3,姿勢の言葉を抜いた（指示文を直した・2026-10-06）,
2026-10-06 03:26,Casino,Casino_lose_inochi_e2,姿勢の言葉を抜いた（指示文を直した・2026-10-06）,
2026-10-06 03:26,Casino,Casino_lose_onedari_e1,姿勢の言葉を抜いた（指示文を直した・2026-10-06）,
2026-10-06 03:26,Circle,Circle_atk_boss,姿勢の言葉を抜いた（指示文を直した・2026-10-06）,
2026-10-06 03:26,Circle,Circle_lose_btl_boss,姿勢の言葉を抜いた（指示文を直した・2026-10-06）,
2026-10-06 03:26,Clinic,Clinic_atk_m1,姿勢の言葉を抜いた（指示文を直した・2026-10-06）,
2026-10-06 03:26,Clinic,Clinic_lose_inochi_boss,姿勢の言葉を抜いた（指示文を直した・2026-10-06）,
2026-10-06 03:26,Clinic,Clinic_lose_inochi_e2,姿勢の言葉を抜いた（指示文を直した・2026-10-06）,
2026-10-06 03:26,Clinic,Clinic_lose_onedari_e1,姿勢の言葉を抜いた（指示文を直した・2026-10-06）,
2026-10-06 03:26,Clinic,Clinic_lose_onedari_m3,姿勢の言葉を抜いた（指示文を直した・2026-10-06）,
2026-10-06 03:26,CrossCafe,CrossCafe_atk_boss,姿勢の言葉を抜いた（指示文を直した・2026-10-06）,
2026-10-06 03:26,CrossCafe,CrossCafe_lose_btl_boss,姿勢の言葉を抜いた（指示文を直した・2026-10-06）,
2026-10-06 03:26,CrossCafe,CrossCafe_lose_btl_m3,姿勢の言葉を抜いた（指示文を直した・2026-10-06）,
2026-10-06 03:26,DarkElf,DarkElf_atk_e1,姿勢の言葉を抜いた（指示文を直した・2026-10-06）,
2026-10-06 03:26,DarkElf,DarkElf_lose_btl_e3,姿勢の言葉を抜いた（指示文を直した・2026-10-06）,
2026-10-06 03:26,DarkElf,DarkElf_lose_btl_m2,姿勢の言葉を抜いた（指示文を直した・2026-10-06）,
2026-10-06 03:26,DarkElf,DarkElf_lose_inochi_m2,姿勢の言葉を抜いた（指示文を直した・2026-10-06）,
2026-10-06 03:26,DarkElf,DarkElf_lose_onedari_boss,姿勢の言葉を抜いた（指示文を直した・2026-10-06）,
2026-10-06 03:26,DarkElf,DarkElf_lose_onedari_m3,姿勢の言葉を抜いた（指示文を直した・2026-10-06）,
2026-10-06 03:26,Dorm,Dorm_atk_m1,姿勢の言葉を抜いた（指示文を直した・2026-10-06）,
2026-10-06 03:26,Dorm,Dorm_lose_btl_boss,姿勢の言葉を抜いた（指示文を直した・2026-10-06）,
2026-10-06 03:26,Dorm,Dorm_lose_btl_e3,姿勢の言葉を抜いた（指示文を直した・2026-10-06）,
2026-10-06 03:26,Dorm,Dorm_lose_btl_m1,姿勢の言葉を抜いた（指示文を直した・2026-10-06）,
2026-10-06 03:26,Dorm,Dorm_lose_onedari_e1,姿勢の言葉を抜いた（指示文を直した・2026-10-06）,
2026-10-06 03:26,Dragon,Dragon_atk_e1,姿勢の言葉を抜いた（指示文を直した・2026-10-06）,
2026-10-06 03:26,Dragon,Dragon_atk_m3,姿勢の言葉を抜いた（指示文を直した・2026-10-06）,
2026-10-06 03:26,Dragon,Dragon_lose_btl_e1,姿勢の言葉を抜いた（指示文を直した・2026-10-06）,
2026-10-06 03:26,Dragon,Dragon_lose_btl_m2,姿勢の言葉を抜いた（指示文を直した・2026-10-06）,
2026-10-06 03:26,Dragon,Dragon_lose_inochi_e1,姿勢の言葉を抜いた（指示文を直した・2026-10-06）,
2026-10-06 03:26,Dragon,Dragon_lose_onedari_boss,姿勢の言葉を抜いた（指示文を直した・2026-10-06）,
2026-10-06 03:26,Dragon,Dragon_lose_onedari_m1,姿勢の言葉を抜いた（指示文を直した・2026-10-06）,
2026-10-06 03:26,Dream,Dream_atk_boss,姿勢の言葉を抜いた（指示文を直した・2026-10-06）,
2026-10-06 03:26,Dream,Dream_atk_e3,姿勢の言葉を抜いた（指示文を直した・2026-10-06）,
2026-10-06 03:26,Dream,Dream_atk_m3,姿勢の言葉を抜いた（指示文を直した・2026-10-06）,
2026-10-06 03:26,Dream,Dream_lose_btl_boss,姿勢の言葉を抜いた（指示文を直した・2026-10-06）,
2026-10-06 03:26,Dream,Dream_lose_btl_e1,姿勢の言葉を抜いた（指示文を直した・2026-10-06）,
2026-10-06 03:26,Dream,Dream_lose_btl_m3,姿勢の言葉を抜いた（指示文を直した・2026-10-06）,
2026-10-06 03:26,Dream,Dream_lose_inochi_e1,姿勢の言葉を抜いた（指示文を直した・2026-10-06）,
2026-10-06 03:26,Dream,Dream_lose_inochi_m3,姿勢の言葉を抜いた（指示文を直した・2026-10-06）,
2026-10-06 03:26,Dream,Dream_lose_onedari_e1,姿勢の言葉を抜いた（指示文を直した・2026-10-06）,
2026-10-06 03:26,Dream,Dream_lose_onedari_m3,姿勢の言葉を抜いた（指示文を直した・2026-10-06）,
2026-10-06 03:26,Esthe,Esthe_lose_btl_e1,姿勢の言葉を抜いた（指示文を直した・2026-10-06）,
2026-10-06 03:26,Esthe,Esthe_lose_btl_e2,姿勢の言葉を抜いた（指示文を直した・2026-10-06）,
2026-10-06 03:26,Esthe,Esthe_lose_inochi_e1,姿勢の言葉を抜いた（指示文を直した・2026-10-06）,
2026-10-06 03:26,Gym,Gym_atk_e2,姿勢の言葉を抜いた（指示文を直した・2026-10-06）,
2026-10-06 03:26,Gym,Gym_atk_m3,姿勢の言葉を抜いた（指示文を直した・2026-10-06）,
2026-10-06 03:26,Gym,Gym_lose_btl_e2,姿勢の言葉を抜いた（指示文を直した・2026-10-06）,
2026-10-06 03:26,Harem,Harem_atk_m1,姿勢の言葉を抜いた（指示文を直した・2026-10-06）,
2026-10-06 03:26,Harem,Harem_atk_m3,姿勢の言葉を抜いた（指示文を直した・2026-10-06）,
2026-10-06 03:26,Harem,Harem_lose_inochi_boss,姿勢の言葉を抜いた（指示文を直した・2026-10-06）,
2026-10-06 03:26,Harem,Harem_lose_inochi_e2,姿勢の言葉を抜いた（指示文を直した・2026-10-06）,
2026-10-06 03:26,Harem,Harem_lose_inochi_m1,姿勢の言葉を抜いた（指示文を直した・2026-10-06）,
2026-10-06 03:26,Harem,Harem_lose_onedari_m3,姿勢の言葉を抜いた（指示文を直した・2026-10-06）,
2026-10-06 03:26,Heels,Heels_atk_m3,姿勢の言葉を抜いた（指示文を直した・2026-10-06）,
2026-10-06 03:26,Heels,Heels_lose_btl_e3,姿勢の言葉を抜いた（指示文を直した・2026-10-06）,
2026-10-06 03:26,Heels,Heels_lose_btl_m1,姿勢の言葉を抜いた（指示文を直した・2026-10-06）,
2026-10-06 03:26,Heels,Heels_lose_onedari_m3,姿勢の言葉を抜いた（指示文を直した・2026-10-06）,
2026-10-06 03:26,Hive,Hive_atk_e2,姿勢の言葉を抜いた（指示文を直した・2026-10-06）,
2026-10-06 03:26,Hive,Hive_lose_btl_boss,姿勢の言葉を抜いた（指示文を直した・2026-10-06）,
2026-10-06 03:26,Hive,Hive_lose_btl_m3,姿勢の言葉を抜いた（指示文を直した・2026-10-06）,
2026-10-06 03:26,Hive,Hive_lose_inochi_m3,姿勢の言葉を抜いた（指示文を直した・2026-10-06）,
2026-10-06 03:26,Hive,Hive_lose_onedari_m3,姿勢の言葉を抜いた（指示文を直した・2026-10-06）,
2026-10-06 03:26,Host,Host_atk_m3,姿勢の言葉を抜いた（指示文を直した・2026-10-06）,
2026-10-06 03:26,Host,Host_lose_btl_e3,姿勢の言葉を抜いた（指示文を直した・2026-10-06）,
2026-10-06 03:26,Host,Host_lose_btl_m3,姿勢の言葉を抜いた（指示文を直した・2026-10-06）,
2026-10-06 03:26,Host,Host_lose_onedari_m2,姿勢の言葉を抜いた（指示文を直した・2026-10-06）,
2026-10-06 03:26,Host,Host_lose_onedari_m3,姿勢の言葉を抜いた（指示文を直した・2026-10-06）,
2026-10-06 03:26,Idol,Idol_atk_boss,姿勢の言葉を抜いた（指示文を直した・2026-10-06）,
2026-10-06 03:26,Idol,Idol_lose_inochi_m1,姿勢の言葉を抜いた（指示文を直した・2026-10-06）,
2026-10-06 03:26,Idol,Idol_lose_inochi_m3,姿勢の言葉を抜いた（指示文を直した・2026-10-06）,
2026-10-06 03:26,Inma,Inma_atk_boss,姿勢の言葉を抜いた（指示文を直した・2026-10-06）,
2026-10-06 03:26,Kitsune,Kitsune_lose_inochi_m2,姿勢の言葉を抜いた（指示文を直した・2026-10-06）,
2026-10-06 03:26,Kitsune,Kitsune_lose_inochi_m3,姿勢の言葉を抜いた（指示文を直した・2026-10-06）,
2026-10-06 03:26,Kitsune,Kitsune_lose_onedari_boss,姿勢の言葉を抜いた（指示文を直した・2026-10-06）,
2026-10-06 03:26,Kitsune,Kitsune_atk_m3,姿勢の言葉を抜いた（指示文を直した・2026-10-06）,
2026-10-06 03:26,Kitsune,Kitsune_lose_btl_m3,姿勢の言葉を抜いた（指示文を直した・2026-10-06）,
2026-10-06 03:26,Kitsune,Kitsune_lose_inochi_m1,姿勢の言葉を抜いた（指示文を直した・2026-10-06）,
2026-10-06 03:26,Knight,Knight_atk_e2,姿勢の言葉を抜いた（指示文を直した・2026-10-06）,
2026-10-06 03:26,Knight,Knight_lose_onedari_boss,姿勢の言葉を抜いた（指示文を直した・2026-10-06）,
2026-10-06 03:26,Lab,Lab_lose_inochi_m3,姿勢の言葉を抜いた（指示文を直した・2026-10-06）,
2026-10-06 03:26,Lab,Lab_lose_onedari_m2,姿勢の言葉を抜いた（指示文を直した・2026-10-06）,
2026-10-06 03:26,Lab,Lab_lose_onedari_m3,姿勢の言葉を抜いた（指示文を直した・2026-10-06）,
2026-10-06 03:26,Library,Library_atk_m3,姿勢の言葉を抜いた（指示文を直した・2026-10-06）,
2026-10-06 03:26,Library,Library_lose_btl_boss,姿勢の言葉を抜いた（指示文を直した・2026-10-06）,
2026-10-06 03:26,Library,Library_lose_inochi_e2,姿勢の言葉を抜いた（指示文を直した・2026-10-06）,
2026-10-06 03:26,Library,Library_lose_onedari_e2,姿勢の言葉を抜いた（指示文を直した・2026-10-06）,
2026-10-06 03:26,Library,Library_lose_onedari_e3,姿勢の言葉を抜いた（指示文を直した・2026-10-06）,
2026-10-06 03:26,Maid,Maid_atk_boss,姿勢の言葉を抜いた（指示文を直した・2026-10-06）,
2026-10-06 03:26,Maid,Maid_atk_e1,姿勢の言葉を抜いた（指示文を直した・2026-10-06）,
2026-10-06 03:26,Maid,Maid_atk_m1,姿勢の言葉を抜いた（指示文を直した・2026-10-06）,
2026-10-06 03:26,Maid,Maid_atk_m3,姿勢の言葉を抜いた（指示文を直した・2026-10-06）,
2026-10-06 03:26,Maid,Maid_lose_btl_boss,姿勢の言葉を抜いた（指示文を直した・2026-10-06）,
2026-10-06 03:26,Maid,Maid_lose_btl_m3,姿勢の言葉を抜いた（指示文を直した・2026-10-06）,
2026-10-06 03:26,Maid,Maid_lose_inochi_boss,姿勢の言葉を抜いた（指示文を直した・2026-10-06）,
2026-10-06 03:26,Maid,Maid_lose_inochi_e3,姿勢の言葉を抜いた（指示文を直した・2026-10-06）,
2026-10-06 03:26,Maid,Maid_lose_inochi_m1,姿勢の言葉を抜いた（指示文を直した・2026-10-06）,
2026-10-06 03:26,Maid,Maid_lose_onedari_e3,姿勢の言葉を抜いた（指示文を直した・2026-10-06）,
2026-10-06 03:26,Nekomata,Nekomata_atk_e2,姿勢の言葉を抜いた（指示文を直した・2026-10-06）,
2026-10-06 03:26,Nekomata,Nekomata_lose_btl_e2,姿勢の言葉を抜いた（指示文を直した・2026-10-06）,
2026-10-06 03:26,Nekomata,Nekomata_lose_inochi_e2,姿勢の言葉を抜いた（指示文を直した・2026-10-06）,
2026-10-06 03:26,Nekomata,Nekomata_lose_inochi_e3,姿勢の言葉を抜いた（指示文を直した・2026-10-06）,
2026-10-06 03:26,Nekomata,Nekomata_lose_onedari_e1,姿勢の言葉を抜いた（指示文を直した・2026-10-06）,
2026-10-06 03:26,Ninja,Ninja_atk_m2,姿勢の言葉を抜いた（指示文を直した・2026-10-06）,
2026-10-06 03:26,Ninja,Ninja_atk_m3,姿勢の言葉を抜いた（指示文を直した・2026-10-06）,
2026-10-06 03:26,Ninja,Ninja_lose_btl_e2,姿勢の言葉を抜いた（指示文を直した・2026-10-06）,
2026-10-06 03:26,Ninja,Ninja_lose_btl_m1,姿勢の言葉を抜いた（指示文を直した・2026-10-06）,
2026-10-06 03:26,Ninja,Ninja_lose_btl_m3,姿勢の言葉を抜いた（指示文を直した・2026-10-06）,
2026-10-06 03:26,Ninja,Ninja_lose_inochi_boss,姿勢の言葉を抜いた（指示文を直した・2026-10-06）,
2026-10-06 03:26,Ninja,Ninja_lose_inochi_m1,姿勢の言葉を抜いた（指示文を直した・2026-10-06）,
2026-10-06 03:26,Ninja,Ninja_lose_inochi_m3,姿勢の言葉を抜いた（指示文を直した・2026-10-06）,
2026-10-06 03:26,Ninja,Ninja_lose_onedari_boss,姿勢の言葉を抜いた（指示文を直した・2026-10-06）,
2026-10-06 03:26,Ninja,Ninja_lose_onedari_e1,姿勢の言葉を抜いた（指示文を直した・2026-10-06）,
2026-10-06 03:26,Ninja,Ninja_lose_onedari_e2,姿勢の言葉を抜いた（指示文を直した・2026-10-06）,
2026-10-06 03:26,Ninja,Ninja_lose_onedari_m1,姿勢の言葉を抜いた（指示文を直した・2026-10-06）,
2026-10-06 03:26,Ninja,Ninja_lose_btl_e3,姿勢の言葉を抜いた（指示文を直した・2026-10-06）,
2026-10-06 03:26,Ninja,Ninja_lose_inochi_e3,姿勢の言葉を抜いた（指示文を直した・2026-10-06）,
2026-10-06 03:26,Onsen,Onsen_atk_m3,姿勢の言葉を抜いた（指示文を直した・2026-10-06）,
2026-10-06 03:26,Onsen,Onsen_lose_btl_e1,姿勢の言葉を抜いた（指示文を直した・2026-10-06）,
2026-10-06 03:26,Onsen,Onsen_lose_inochi_m2,姿勢の言葉を抜いた（指示文を直した・2026-10-06）,
2026-10-06 03:26,Onsen,Onsen_lose_onedari_boss,姿勢の言葉を抜いた（指示文を直した・2026-10-06）,
2026-10-06 03:26,Onsen,Onsen_lose_onedari_m3,姿勢の言葉を抜いた（指示文を直した・2026-10-06）,
2026-10-06 03:26,Prison,Prison_atk_e2,姿勢の言葉を抜いた（指示文を直した・2026-10-06）,
2026-10-06 03:26,Prison,Prison_lose_btl_e2,姿勢の言葉を抜いた（指示文を直した・2026-10-06）,
2026-10-06 03:26,Prison,Prison_lose_inochi_e2,姿勢の言葉を抜いた（指示文を直した・2026-10-06）,
2026-10-06 03:26,Prison,Prison_lose_inochi_m2,姿勢の言葉を抜いた（指示文を直した・2026-10-06）,
2026-10-06 03:26,Prison,Prison_lose_onedari_e1,姿勢の言葉を抜いた（指示文を直した・2026-10-06）,
2026-10-06 03:26,Prison,Prison_lose_onedari_m2,姿勢の言葉を抜いた（指示文を直した・2026-10-06）,
2026-10-06 03:26,Salon,Salon_lose_inochi_e2,姿勢の言葉を抜いた（指示文を直した・2026-10-06）,
2026-10-06 03:26,Salon,Salon_lose_onedari_e3,姿勢の言葉を抜いた（指示文を直した・2026-10-06）,
2026-10-06 03:26,Scylla,Scylla_atk_boss,姿勢の言葉を抜いた（指示文を直した・2026-10-06）,
2026-10-06 03:26,Scylla,Scylla_lose_btl_boss,姿勢の言葉を抜いた（指示文を直した・2026-10-06）,
2026-10-06 03:26,Scylla,Scylla_lose_inochi_boss,姿勢の言葉を抜いた（指示文を直した・2026-10-06）,
2026-10-06 03:26,Scylla,Scylla_lose_onedari_boss,姿勢の言葉を抜いた（指示文を直した・2026-10-06）,
2026-10-06 03:26,Slime,Slime_lose_onedari_m2,姿勢の言葉を抜いた（指示文を直した・2026-10-06）,
2026-10-06 03:26,Snow,Snow_atk_m3,姿勢の言葉を抜いた（指示文を直した・2026-10-06）,
2026-10-06 03:26,Snow,Snow_lose_btl_m3,姿勢の言葉を抜いた（指示文を直した・2026-10-06）,
2026-10-06 03:26,Snow,Snow_lose_onedari_m1,姿勢の言葉を抜いた（指示文を直した・2026-10-06）,
2026-10-06 03:26,Snow,Snow_lose_onedari_m2,姿勢の言葉を抜いた（指示文を直した・2026-10-06）,
2026-10-06 03:26,Summoner,Summoner_atk_m1,姿勢の言葉を抜いた（指示文を直した・2026-10-06）,
2026-10-06 03:26,Summoner,Summoner_lose_btl_m1,姿勢の言葉を抜いた（指示文を直した・2026-10-06）,
2026-10-06 03:26,Summoner,Summoner_lose_btl_m2,姿勢の言葉を抜いた（指示文を直した・2026-10-06）,
2026-10-06 03:26,Summoner,Summoner_lose_onedari_e2,姿勢の言葉を抜いた（指示文を直した・2026-10-06）,
2026-10-06 03:26,Summoner,Summoner_atk_e2,姿勢の言葉を抜いた（指示文を直した・2026-10-06）,
2026-10-06 03:26,Summoner,Summoner_lose_btl_boss,姿勢の言葉を抜いた（指示文を直した・2026-10-06）,
2026-10-06 03:26,Summoner,Summoner_lose_btl_e2,姿勢の言葉を抜いた（指示文を直した・2026-10-06）,
2026-10-06 03:26,Summoner,Summoner_lose_inochi_boss,姿勢の言葉を抜いた（指示文を直した・2026-10-06）,
2026-10-06 03:26,Summoner,Summoner_lose_inochi_e2,姿勢の言葉を抜いた（指示文を直した・2026-10-06）,
2026-10-06 03:26,Summoner,Summoner_lose_inochi_m3,姿勢の言葉を抜いた（指示文を直した・2026-10-06）,
2026-10-06 03:26,Summoner,Summoner_lose_onedari_boss,姿勢の言葉を抜いた（指示文を直した・2026-10-06）,
2026-10-06 03:26,Tutor,Tutor_lose_inochi_e1,姿勢の言葉を抜いた（指示文を直した・2026-10-06）,
2026-10-06 03:26,Tutor,Tutor_lose_inochi_e3,姿勢の言葉を抜いた（指示文を直した・2026-10-06）,
2026-10-06 03:26,Twins,Twins_lose_btl_m2,姿勢の言葉を抜いた（指示文を直した・2026-10-06）,
2026-10-06 03:26,Twins,Twins_lose_onedari_boss,姿勢の言葉を抜いた（指示文を直した・2026-10-06）,
2026-10-06 03:26,Twins,Twins_lose_onedari_e1,姿勢の言葉を抜いた（指示文を直した・2026-10-06）,
2026-10-06 03:26,Vampire,Vampire_lose_btl_e1,姿勢の言葉を抜いた（指示文を直した・2026-10-06）,
2026-10-06 03:26,Vampire,Vampire_lose_inochi_m3,姿勢の言葉を抜いた（指示文を直した・2026-10-06）,
2026-10-06 03:26,Vampire,Vampire_lose_onedari_boss,姿勢の言葉を抜いた（指示文を直した・2026-10-06）,
2026-10-06 03:26,Vampire,Vampire_lose_onedari_e1,姿勢の言葉を抜いた（指示文を直した・2026-10-06）,
2026-10-06 03:26,Vampire,Vampire_lose_onedari_m3,姿勢の言葉を抜いた（指示文を直した・2026-10-06）,
2026-10-06 03:26,Witch,Witch_lose_btl_boss,姿勢の言葉を抜いた（指示文を直した・2026-10-06）,
2026-10-06 03:26,Witch,Witch_lose_inochi_e1,姿勢の言葉を抜いた（指示文を直した・2026-10-06）,
2026-10-06 03:26,Witch,Witch_lose_onedari_e3,姿勢の言葉を抜いた（指示文を直した・2026-10-06）,
2026-10-07 04:26,Alchemy,Alchemy_atk_boss,割り当て表で下書きが変わる,
2026-10-07 04:26,Alchemy,Alchemy_atk_e2,割り当て表で下書きが変わる,
2026-10-07 04:26,Alchemy,Alchemy_atk_e3,割り当て表で下書きが変わる,
2026-10-07 04:26,Alchemy,Alchemy_atk_m1,割り当て表で下書きが変わる,
2026-10-07 04:26,Alchemy,Alchemy_atk_m3,割り当て表で下書きが変わる,
2026-10-07 04:26,Alchemy,Alchemy_lose_btl_m1,割り当て表で下書きが変わる,
2026-10-07 04:26,Alchemy,Alchemy_lose_btl_m3,割り当て表で下書きが変わる,
2026-10-07 04:26,Alchemy,Alchemy_lose_inochi_boss,割り当て表で下書きが変わる,
2026-10-07 04:26,Alchemy,Alchemy_lose_inochi_e2,割り当て表で下書きが変わる,
2026-10-07 04:26,Alchemy,Alchemy_lose_inochi_m1,割り当て表で下書きが変わる,
2026-10-07 04:26,Alchemy,Alchemy_lose_inochi_m2,割り当て表で下書きが変わる,
2026-10-07 04:26,Alchemy,Alchemy_lose_onedari_e1,割り当て表で下書きが変わる,
2026-10-07 04:26,Alchemy,Alchemy_lose_onedari_e2,割り当て表で下書きが変わる,
2026-10-07 04:26,Alraune,Alraune_atk_e1,割り当て表で下書きが変わる,
2026-10-07 04:26,Alraune,Alraune_atk_e2,割り当て表で下書きが変わる,
2026-10-07 04:26,Alraune,Alraune_atk_m1,割り当て表で下書きが変わる,
2026-10-07 04:26,Alraune,Alraune_atk_m2,割り当て表で下書きが変わる,
2026-10-07 04:26,Alraune,Alraune_lose_btl_boss,割り当て表で下書きが変わる,
2026-10-07 04:26,Alraune,Alraune_lose_btl_e1,割り当て表で下書きが変わる,
2026-10-07 04:26,Alraune,Alraune_lose_btl_e2,割り当て表で下書きが変わる,
2026-10-07 04:26,Alraune,Alraune_lose_btl_e3,割り当て表で下書きが変わる,
2026-10-07 04:26,Alraune,Alraune_lose_inochi_e2,割り当て表で下書きが変わる,
2026-10-07 04:26,Alraune,Alraune_lose_inochi_e3,割り当て表で下書きが変わる,
2026-10-07 04:26,Alraune,Alraune_lose_onedari_boss,割り当て表で下書きが変わる,
2026-10-07 04:26,Alraune,Alraune_lose_onedari_m1,割り当て表で下書きが変わる,
2026-10-07 04:26,Android,Android_atk_boss,割り当て表で下書きが変わる,
2026-10-07 04:26,Android,Android_atk_e1,割り当て表で下書きが変わる,
2026-10-07 04:26,Android,Android_atk_e3,割り当て表で下書きが変わる,
2026-10-07 04:26,Android,Android_atk_m3,割り当て表で下書きが変わる,
2026-10-07 04:26,Android,Android_lose_btl_boss,割り当て表で下書きが変わる,
2026-10-07 04:26,Android,Android_lose_btl_m1,割り当て表で下書きが変わる,
2026-10-07 04:26,Android,Android_lose_btl_m2,割り当て表で下書きが変わる,
2026-10-07 04:26,Android,Android_lose_btl_m3,割り当て表で下書きが変わる,
2026-10-07 04:26,Android,Android_lose_inochi_e1,割り当て表で下書きが変わる,
2026-10-07 04:26,Android,Android_lose_inochi_m1,割り当て表で下書きが変わる,
2026-10-07 04:26,Android,Android_lose_inochi_m2,割り当て表で下書きが変わる,
2026-10-07 04:26,Android,Android_lose_inochi_m3,割り当て表で下書きが変わる,
2026-10-07 04:26,Android,Android_lose_onedari_e1,割り当て表で下書きが変わる,
2026-10-07 04:26,Android,Android_lose_onedari_e3,割り当て表で下書きが変わる,
2026-10-07 04:26,Angel,Angel_atk_boss,割り当て表で下書きが変わる,
2026-10-07 04:26,Angel,Angel_atk_e1,割り当て表で下書きが変わる,
2026-10-07 04:26,Angel,Angel_atk_e2,割り当て表で下書きが変わる,
2026-10-07 04:26,Angel,Angel_atk_e3,割り当て表で下書きが変わる,
2026-10-07 04:26,Angel,Angel_atk_m2,割り当て表で下書きが変わる,
2026-10-07 04:26,Angel,Angel_lose_btl_boss,割り当て表で下書きが変わる,
2026-10-07 04:26,Angel,Angel_lose_btl_e1,割り当て表で下書きが変わる,
2026-10-07 04:26,Angel,Angel_lose_btl_e2,割り当て表で下書きが変わる,
2026-10-07 04:26,Angel,Angel_lose_btl_m1,割り当て表で下書きが変わる,
2026-10-07 04:26,Angel,Angel_lose_btl_m2,割り当て表で下書きが変わる,
2026-10-07 04:26,Angel,Angel_lose_inochi_e1,割り当て表で下書きが変わる,
2026-10-07 04:26,Angel,Angel_lose_inochi_e2,割り当て表で下書きが変わる,
2026-10-07 04:26,Angel,Angel_lose_inochi_e3,割り当て表で下書きが変わる,
2026-10-07 04:26,Angel,Angel_lose_inochi_m1,割り当て表で下書きが変わる,
2026-10-07 04:26,Angel,Angel_lose_inochi_m2,割り当て表で下書きが変わる,
2026-10-07 04:26,Angel,Angel_lose_inochi_m3,割り当て表で下書きが変わる,
2026-10-07 04:26,Angel,Angel_lose_onedari_e1,割り当て表で下書きが変わる,
2026-10-07 04:26,Angel,Angel_lose_onedari_e2,割り当て表で下書きが変わる,
2026-10-07 04:26,Angel,Angel_lose_onedari_e3,割り当て表で下書きが変わる,
2026-10-07 04:26,Angel,Angel_lose_onedari_m1,割り当て表で下書きが変わる,
2026-10-07 04:26,Angel,Angel_lose_onedari_m2,割り当て表で下書きが変わる,
2026-10-07 04:26,Arachne,Arachne_atk_e1,割り当て表で下書きが変わる,
2026-10-07 04:26,Arachne,Arachne_atk_e3,割り当て表で下書きが変わる,
2026-10-07 04:26,Arachne,Arachne_lose_btl_e1,割り当て表で下書きが変わる,
2026-10-07 04:26,Arachne,Arachne_lose_btl_e3,割り当て表で下書きが変わる,
2026-10-07 04:26,Arachne,Arachne_lose_inochi_e1,割り当て表で下書きが変わる,
2026-10-07 04:26,Arachne,Arachne_lose_inochi_e3,割り当て表で下書きが変わる,
2026-10-07 04:26,Arachne,Arachne_lose_onedari_e1,割り当て表で下書きが変わる,
2026-10-07 04:26,Arachne,Arachne_lose_onedari_e3,割り当て表で下書きが変わる,
2026-10-07 04:26,Auction,Auction_atk_e1,割り当て表で下書きが変わる,
2026-10-07 04:26,Auction,Auction_atk_m1,割り当て表で下書きが変わる,
2026-10-07 04:26,Auction,Auction_atk_m2,割り当て表で下書きが変わる,
2026-10-07 04:26,Auction,Auction_lose_btl_boss,割り当て表で下書きが変わる,
2026-10-07 04:26,Auction,Auction_lose_btl_e1,割り当て表で下書きが変わる,
2026-10-07 04:26,Auction,Auction_lose_btl_e3,割り当て表で下書きが変わる,
2026-10-07 04:26,Auction,Auction_lose_btl_m1,割り当て表で下書きが変わる,
2026-10-07 04:26,Auction,Auction_lose_inochi_e1,割り当て表で下書きが変わる,
2026-10-07 04:26,Auction,Auction_lose_inochi_e3,割り当て表で下書きが変わる,
2026-10-07 04:26,Auction,Auction_lose_inochi_m1,割り当て表で下書きが変わる,
2026-10-07 04:26,Auction,Auction_lose_inochi_m2,割り当て表で下書きが変わる,
2026-10-07 04:26,Auction,Auction_lose_inochi_m3,割り当て表で下書きが変わる,
2026-10-07 04:26,Auction,Auction_lose_onedari_boss,割り当て表で下書きが変わる,
2026-10-07 04:26,Auction,Auction_lose_onedari_e2,割り当て表で下書きが変わる,
2026-10-07 04:26,Auction,Auction_lose_onedari_e3,割り当て表で下書きが変わる,
2026-10-07 04:26,Auction,Auction_lose_onedari_m1,割り当て表で下書きが変わる,
2026-10-07 04:26,Auction,Auction_lose_onedari_m2,割り当て表で下書きが変わる,
2026-10-07 04:26,Auction,Auction_lose_onedari_m3,割り当て表で下書きが変わる,
2026-10-07 04:26,Casino,Casino_atk_boss,割り当て表で下書きが変わる,
2026-10-07 04:26,Casino,Casino_atk_e2,割り当て表で下書きが変わる,
2026-10-07 04:26,Casino,Casino_atk_e3,割り当て表で下書きが変わる,
2026-10-07 04:26,Casino,Casino_atk_m1,割り当て表で下書きが変わる,
2026-10-07 04:26,Casino,Casino_atk_m3,割り当て表で下書きが変わる,
2026-10-07 04:26,Casino,Casino_lose_btl_boss,割り当て表で下書きが変わる,
2026-10-07 04:26,Casino,Casino_lose_btl_m1,割り当て表で下書きが変わる,
2026-10-07 04:26,Casino,Casino_lose_btl_m2,割り当て表で下書きが変わる,
2026-10-07 04:26,Casino,Casino_lose_btl_m3,割り当て表で下書きが変わる,
2026-10-07 04:26,Casino,Casino_lose_inochi_boss,割り当て表で下書きが変わる,
2026-10-07 04:26,Casino,Casino_lose_inochi_e1,割り当て表で下書きが変わる,
2026-10-07 04:26,Casino,Casino_lose_inochi_e3,割り当て表で下書きが変わる,
2026-10-07 04:26,Casino,Casino_lose_inochi_m1,割り当て表で下書きが変わる,
2026-10-07 04:26,Casino,Casino_lose_inochi_m2,割り当て表で下書きが変わる,
2026-10-07 04:26,Casino,Casino_lose_inochi_m3,割り当て表で下書きが変わる,
2026-10-07 04:26,Casino,Casino_lose_onedari_boss,割り当て表で下書きが変わる,
2026-10-07 04:26,Casino,Casino_lose_onedari_e2,割り当て表で下書きが変わる,
2026-10-07 04:26,Casino,Casino_lose_onedari_e3,割り当て表で下書きが変わる,
2026-10-07 04:26,Casino,Casino_lose_onedari_m1,割り当て表で下書きが変わる,
2026-10-07 04:26,Casino,Casino_lose_onedari_m3,割り当て表で下書きが変わる,
2026-10-07 04:26,Circle,Circle_atk_e1,割り当て表で下書きが変わる,
2026-10-07 04:26,Circle,Circle_atk_e2,割り当て表で下書きが変わる,
2026-10-07 04:26,Circle,Circle_atk_e3,割り当て表で下書きが変わる,
2026-10-07 04:26,Circle,Circle_atk_m1,割り当て表で下書きが変わる,
2026-10-07 04:26,Circle,Circle_atk_m2,割り当て表で下書きが変わる,
2026-10-07 04:26,Circle,Circle_atk_m3,割り当て表で下書きが変わる,
2026-10-07 04:26,Circle,Circle_lose_btl_e1,割り当て表で下書きが変わる,
2026-10-07 04:26,Circle,Circle_lose_btl_e2,割り当て表で下書きが変わる,
2026-10-07 04:26,Circle,Circle_lose_btl_e3,割り当て表で下書きが変わる,
2026-10-07 04:26,Circle,Circle_lose_btl_m1,割り当て表で下書きが変わる,
2026-10-07 04:26,Circle,Circle_lose_btl_m2,割り当て表で下書きが変わる,
2026-10-07 04:26,Circle,Circle_lose_btl_m3,割り当て表で下書きが変わる,
2026-10-07 04:26,Circle,Circle_lose_inochi_boss,割り当て表で下書きが変わる,
2026-10-07 04:26,Circle,Circle_lose_inochi_e1,割り当て表で下書きが変わる,
2026-10-07 04:26,Circle,Circle_lose_inochi_e2,割り当て表で下書きが変わる,
2026-10-07 04:26,Circle,Circle_lose_inochi_e3,割り当て表で下書きが変わる,
2026-10-07 04:26,Circle,Circle_lose_inochi_m1,割り当て表で下書きが変わる,
2026-10-07 04:26,Circle,Circle_lose_inochi_m2,割り当て表で下書きが変わる,
2026-10-07 04:26,Circle,Circle_lose_inochi_m3,割り当て表で下書きが変わる,
2026-10-07 04:26,Circle,Circle_lose_onedari_boss,割り当て表で下書きが変わる,
2026-10-07 04:26,Circle,Circle_lose_onedari_e1,割り当て表で下書きが変わる,
2026-10-07 04:26,Circle,Circle_lose_onedari_m1,割り当て表で下書きが変わる,
2026-10-07 04:26,Circle,Circle_lose_onedari_m2,割り当て表で下書きが変わる,
2026-10-07 04:26,Circle,Circle_lose_onedari_m3,割り当て表で下書きが変わる,
2026-10-07 04:26,Clinic,Clinic_atk_boss,割り当て表で下書きが変わる,
2026-10-07 04:26,Clinic,Clinic_atk_e2,割り当て表で下書きが変わる,
2026-10-07 04:26,Clinic,Clinic_atk_e3,割り当て表で下書きが変わる,
2026-10-07 04:26,Clinic,Clinic_atk_m2,割り当て表で下書きが変わる,
2026-10-07 04:26,Clinic,Clinic_atk_m3,割り当て表で下書きが変わる,
2026-10-07 04:26,Clinic,Clinic_lose_btl_boss,割り当て表で下書きが変わる,
2026-10-07 04:26,Clinic,Clinic_lose_btl_e1,割り当て表で下書きが変わる,
2026-10-07 04:26,Clinic,Clinic_lose_btl_e3,割り当て表で下書きが変わる,
2026-10-07 04:26,Clinic,Clinic_lose_btl_m1,割り当て表で下書きが変わる,
2026-10-07 04:26,Clinic,Clinic_lose_btl_m2,割り当て表で下書きが変わる,
2026-10-07 04:26,Clinic,Clinic_lose_btl_m3,割り当て表で下書きが変わる,
2026-10-07 04:26,Clinic,Clinic_lose_inochi_m1,割り当て表で下書きが変わる,
2026-10-07 04:26,Clinic,Clinic_lose_inochi_m2,割り当て表で下書きが変わる,
2026-10-07 04:26,Clinic,Clinic_lose_inochi_m3,割り当て表で下書きが変わる,
2026-10-07 04:26,Clinic,Clinic_lose_onedari_boss,割り当て表で下書きが変わる,
2026-10-07 04:26,Clinic,Clinic_lose_onedari_e3,割り当て表で下書きが変わる,
2026-10-07 04:26,Clinic,Clinic_lose_onedari_m1,割り当て表で下書きが変わる,
2026-10-07 04:26,Clinic,Clinic_lose_onedari_m2,割り当て表で下書きが変わる,
2026-10-07 04:26,CrossCafe,CrossCafe_atk_e1,割り当て表で下書きが変わる,
2026-10-07 04:26,CrossCafe,CrossCafe_atk_e2,割り当て表で下書きが変わる,
2026-10-07 04:26,CrossCafe,CrossCafe_atk_e3,割り当て表で下書きが変わる,
2026-10-07 04:26,CrossCafe,CrossCafe_atk_m1,割り当て表で下書きが変わる,
2026-10-07 04:26,CrossCafe,CrossCafe_atk_m2,割り当て表で下書きが変わる,
2026-10-07 04:26,CrossCafe,CrossCafe_atk_m3,割り当て表で下書きが変わる,
2026-10-07 04:26,CrossCafe,CrossCafe_lose_btl_e1,割り当て表で下書きが変わる,
2026-10-07 04:26,CrossCafe,CrossCafe_lose_btl_e3,割り当て表で下書きが変わる,
2026-10-07 04:26,CrossCafe,CrossCafe_lose_btl_m1,割り当て表で下書きが変わる,
2026-10-07 04:26,CrossCafe,CrossCafe_lose_btl_m2,割り当て表で下書きが変わる,
2026-10-07 04:26,CrossCafe,CrossCafe_lose_inochi_boss,割り当て表で下書きが変わる,
2026-10-07 04:26,CrossCafe,CrossCafe_lose_inochi_e1,割り当て表で下書きが変わる,
2026-10-07 04:26,CrossCafe,CrossCafe_lose_inochi_e2,割り当て表で下書きが変わる,
2026-10-07 04:26,CrossCafe,CrossCafe_lose_inochi_m1,割り当て表で下書きが変わる,
2026-10-07 04:26,CrossCafe,CrossCafe_lose_inochi_m2,割り当て表で下書きが変わる,
2026-10-07 04:26,CrossCafe,CrossCafe_lose_onedari_boss,割り当て表で下書きが変わる,
2026-10-07 04:26,CrossCafe,CrossCafe_lose_onedari_e1,割り当て表で下書きが変わる,
2026-10-07 04:26,CrossCafe,CrossCafe_lose_onedari_e2,割り当て表で下書きが変わる,
2026-10-07 04:26,CrossCafe,CrossCafe_lose_onedari_e3,割り当て表で下書きが変わる,
2026-10-07 04:26,CrossCafe,CrossCafe_lose_onedari_m2,割り当て表で下書きが変わる,
2026-10-07 04:26,CrossCafe,CrossCafe_lose_onedari_m3,割り当て表で下書きが変わる,
2026-10-07 04:26,DarkElf,DarkElf_atk_boss,割り当て表で下書きが変わる,
2026-10-07 04:26,DarkElf,DarkElf_atk_e2,割り当て表で下書きが変わる,
2026-10-07 04:26,DarkElf,DarkElf_atk_e3,割り当て表で下書きが変わる,
2026-10-07 04:26,DarkElf,DarkElf_atk_m1,割り当て表で下書きが変わる,
2026-10-07 04:26,DarkElf,DarkElf_atk_m3,割り当て表で下書きが変わる,
2026-10-07 04:26,DarkElf,DarkElf_lose_btl_e2,割り当て表で下書きが変わる,
2026-10-07 04:26,DarkElf,DarkElf_lose_btl_m1,割り当て表で下書きが変わる,
2026-10-07 04:26,DarkElf,DarkElf_lose_btl_m3,割り当て表で下書きが変わる,
2026-10-07 04:26,DarkElf,DarkElf_lose_inochi_boss,割り当て表で下書きが変わる,
2026-10-07 04:26,DarkElf,DarkElf_lose_inochi_e1,割り当て表で下書きが変わる,
2026-10-07 04:26,DarkElf,DarkElf_lose_inochi_e2,割り当て表で下書きが変わる,
2026-10-07 04:26,DarkElf,DarkElf_lose_inochi_e3,割り当て表で下書きが変わる,
2026-10-07 04:26,DarkElf,DarkElf_lose_inochi_m1,割り当て表で下書きが変わる,
2026-10-07 04:26,DarkElf,DarkElf_lose_onedari_e1,割り当て表で下書きが変わる,
2026-10-07 04:26,DarkElf,DarkElf_lose_onedari_e3,割り当て表で下書きが変わる,
2026-10-07 04:26,DarkElf,DarkElf_lose_onedari_m1,割り当て表で下書きが変わる,
2026-10-07 04:26,DarkElf,DarkElf_lose_onedari_m2,割り当て表で下書きが変わる,
2026-10-07 04:26,Dorm,Dorm_atk_boss,割り当て表で下書きが変わる,
2026-10-07 04:26,Dorm,Dorm_atk_e1,割り当て表で下書きが変わる,
2026-10-07 04:26,Dorm,Dorm_atk_e2,割り当て表で下書きが変わる,
2026-10-07 04:26,Dorm,Dorm_atk_e3,割り当て表で下書きが変わる,
2026-10-07 04:26,Dorm,Dorm_atk_m2,割り当て表で下書きが変わる,
2026-10-07 04:26,Dorm,Dorm_atk_m3,割り当て表で下書きが変わる,
2026-10-07 04:26,Dorm,Dorm_lose_btl_e2,割り当て表で下書きが変わる,
2026-10-07 04:26,Dorm,Dorm_lose_btl_m2,割り当て表で下書きが変わる,
2026-10-07 04:26,Dorm,Dorm_lose_btl_m3,割り当て表で下書きが変わる,
2026-10-07 04:26,Dorm,Dorm_lose_inochi_boss,割り当て表で下書きが変わる,
2026-10-07 04:26,Dorm,Dorm_lose_inochi_e2,割り当て表で下書きが変わる,
2026-10-07 04:26,Dorm,Dorm_lose_inochi_e3,割り当て表で下書きが変わる,
2026-10-07 04:26,Dorm,Dorm_lose_inochi_m1,割り当て表で下書きが変わる,
2026-10-07 04:26,Dorm,Dorm_lose_inochi_m2,割り当て表で下書きが変わる,
2026-10-07 04:26,Dorm,Dorm_lose_inochi_m3,割り当て表で下書きが変わる,
2026-10-07 04:26,Dorm,Dorm_lose_onedari_boss,割り当て表で下書きが変わる,
2026-10-07 04:26,Dorm,Dorm_lose_onedari_e2,割り当て表で下書きが変わる,
2026-10-07 04:26,Dorm,Dorm_lose_onedari_e3,割り当て表で下書きが変わる,
2026-10-07 04:26,Dorm,Dorm_lose_onedari_m1,割り当て表で下書きが変わる,
2026-10-07 04:26,Dorm,Dorm_lose_onedari_m3,割り当て表で下書きが変わる,
2026-10-07 04:26,Dragon,Dragon_atk_boss,割り当て表で下書きが変わる,
2026-10-07 04:26,Dragon,Dragon_atk_e2,割り当て表で下書きが変わる,
2026-10-07 04:26,Dragon,Dragon_atk_e3,割り当て表で下書きが変わる,
2026-10-07 04:26,Dragon,Dragon_atk_m2,割り当て表で下書きが変わる,
2026-10-07 04:26,Dragon,Dragon_lose_btl_boss,割り当て表で下書きが変わる,
2026-10-07 04:26,Dragon,Dragon_lose_btl_e2,割り当て表で下書きが変わる,
2026-10-07 04:26,Dragon,Dragon_lose_btl_e3,割り当て表で下書きが変わる,
2026-10-07 04:26,Dragon,Dragon_lose_btl_m3,割り当て表で下書きが変わる,
2026-10-07 04:26,Dragon,Dragon_lose_inochi_boss,割り当て表で下書きが変わる,
2026-10-07 04:26,Dragon,Dragon_lose_inochi_e2,割り当て表で下書きが変わる,
2026-10-07 04:26,Dragon,Dragon_lose_inochi_e3,割り当て表で下書きが変わる,
2026-10-07 04:26,Dragon,Dragon_lose_inochi_m1,割り当て表で下書きが変わる,
2026-10-07 04:26,Dragon,Dragon_lose_inochi_m2,割り当て表で下書きが変わる,
2026-10-07 04:26,Dragon,Dragon_lose_inochi_m3,割り当て表で下書きが変わる,
2026-10-07 04:26,Dragon,Dragon_lose_onedari_e1,割り当て表で下書きが変わる,
2026-10-07 04:26,Dragon,Dragon_lose_onedari_e2,割り当て表で下書きが変わる,
2026-10-07 04:26,Dragon,Dragon_lose_onedari_e3,割り当て表で下書きが変わる,
2026-10-07 04:26,Dragon,Dragon_lose_onedari_m3,割り当て表で下書きが変わる,
2026-10-07 04:26,Dream,Dream_atk_e1,割り当て表で下書きが変わる,
2026-10-07 04:26,Dream,Dream_atk_e2,割り当て表で下書きが変わる,
2026-10-07 04:26,Dream,Dream_atk_m1,割り当て表で下書きが変わる,
2026-10-07 04:26,Dream,Dream_atk_m2,割り当て表で下書きが変わる,
2026-10-07 04:26,Dream,Dream_lose_btl_e2,割り当て表で下書きが変わる,
2026-10-07 04:26,Dream,Dream_lose_btl_e3,割り当て表で下書きが変わる,
2026-10-07 04:26,Dream,Dream_lose_btl_m1,割り当て表で下書きが変わる,
2026-10-07 04:26,Dream,Dream_lose_btl_m2,割り当て表で下書きが変わる,
2026-10-07 04:26,Dream,Dream_lose_inochi_boss,割り当て表で下書きが変わる,
2026-10-07 04:26,Dream,Dream_lose_inochi_e2,割り当て表で下書きが変わる,
2026-10-07 04:26,Dream,Dream_lose_inochi_e3,割り当て表で下書きが変わる,
2026-10-07 04:26,Dream,Dream_lose_inochi_m1,割り当て表で下書きが変わる,
2026-10-07 04:26,Dream,Dream_lose_onedari_e2,割り当て表で下書きが変わる,
2026-10-07 04:26,Dream,Dream_lose_onedari_e3,割り当て表で下書きが変わる,
2026-10-07 04:26,Dream,Dream_lose_onedari_m1,割り当て表で下書きが変わる,
2026-10-07 04:26,Dream,Dream_lose_onedari_m2,割り当て表で下書きが変わる,
2026-10-07 04:26,Esthe,Esthe_atk_boss,割り当て表で下書きが変わる,
2026-10-07 04:26,Esthe,Esthe_atk_e2,割り当て表で下書きが変わる,
2026-10-07 04:26,Esthe,Esthe_atk_e3,割り当て表で下書きが変わる,
2026-10-07 04:26,Esthe,Esthe_atk_m1,割り当て表で下書きが変わる,
2026-10-07 04:26,Esthe,Esthe_atk_m2,割り当て表で下書きが変わる,
2026-10-07 04:26,Esthe,Esthe_atk_m3,割り当て表で下書きが変わる,
2026-10-07 04:26,Esthe,Esthe_lose_btl_boss,割り当て表で下書きが変わる,
2026-10-07 04:26,Esthe,Esthe_lose_btl_e3,割り当て表で下書きが変わる,
2026-10-07 04:26,Esthe,Esthe_lose_btl_m1,割り当て表で下書きが変わる,
2026-10-07 04:26,Esthe,Esthe_lose_btl_m3,割り当て表で下書きが変わる,
2026-10-07 04:26,Esthe,Esthe_lose_inochi_boss,割り当て表で下書きが変わる,
2026-10-07 04:26,Esthe,Esthe_lose_inochi_e2,割り当て表で下書きが変わる,
2026-10-07 04:26,Esthe,Esthe_lose_inochi_e3,割り当て表で下書きが変わる,
2026-10-07 04:26,Esthe,Esthe_lose_inochi_m1,割り当て表で下書きが変わる,
2026-10-07 04:26,Esthe,Esthe_lose_inochi_m3,割り当て表で下書きが変わる,
2026-10-07 04:26,Esthe,Esthe_lose_onedari_boss,割り当て表で下書きが変わる,
2026-10-07 04:26,Esthe,Esthe_lose_onedari_e1,割り当て表で下書きが変わる,
2026-10-07 04:26,Esthe,Esthe_lose_onedari_e3,割り当て表で下書きが変わる,
2026-10-07 04:26,Esthe,Esthe_lose_onedari_m1,割り当て表で下書きが変わる,
2026-10-07 04:26,Esthe,Esthe_lose_onedari_m2,割り当て表で下書きが変わる,
2026-10-07 04:26,Esthe,Esthe_lose_onedari_m3,割り当て表で下書きが変わる,
2026-10-07 04:26,Fortune,Fortune_atk_boss,割り当て表で下書きが変わる,
2026-10-07 04:26,Fortune,Fortune_atk_e1,割り当て表で下書きが変わる,
2026-10-07 04:26,Fortune,Fortune_atk_e2,割り当て表で下書きが変わる,
2026-10-07 04:26,Fortune,Fortune_atk_e3,割り当て表で下書きが変わる,
2026-10-07 04:26,Fortune,Fortune_atk_m1,割り当て表で下書きが変わる,
2026-10-07 04:26,Fortune,Fortune_atk_m3,割り当て表で下書きが変わる,
2026-10-07 04:26,Fortune,Fortune_lose_btl_boss,割り当て表で下書きが変わる,
2026-10-07 04:26,Fortune,Fortune_lose_btl_e1,割り当て表で下書きが変わる,
2026-10-07 04:26,Fortune,Fortune_lose_btl_e2,割り当て表で下書きが変わる,
2026-10-07 04:26,Fortune,Fortune_lose_btl_e3,割り当て表で下書きが変わる,
2026-10-07 04:26,Fortune,Fortune_lose_btl_m1,割り当て表で下書きが変わる,
2026-10-07 04:26,Fortune,Fortune_lose_btl_m2,割り当て表で下書きが変わる,
2026-10-07 04:26,Fortune,Fortune_lose_btl_m3,割り当て表で下書きが変わる,
2026-10-07 04:26,Fortune,Fortune_lose_inochi_boss,割り当て表で下書きが変わる,
2026-10-07 04:26,Fortune,Fortune_lose_inochi_e1,割り当て表で下書きが変わる,
2026-10-07 04:26,Fortune,Fortune_lose_inochi_e2,割り当て表で下書きが変わる,
2026-10-07 04:26,Fortune,Fortune_lose_inochi_e3,割り当て表で下書きが変わる,
2026-10-07 04:26,Fortune,Fortune_lose_inochi_m1,割り当て表で下書きが変わる,
2026-10-07 04:26,Fortune,Fortune_lose_inochi_m2,割り当て表で下書きが変わる,
2026-10-07 04:26,Fortune,Fortune_lose_inochi_m3,割り当て表で下書きが変わる,
2026-10-07 04:26,Fortune,Fortune_lose_onedari_boss,割り当て表で下書きが変わる,
2026-10-07 04:26,Fortune,Fortune_lose_onedari_e1,割り当て表で下書きが変わる,
2026-10-07 04:26,Fortune,Fortune_lose_onedari_e2,割り当て表で下書きが変わる,
2026-10-07 04:26,Fortune,Fortune_lose_onedari_e3,割り当て表で下書きが変わる,
2026-10-07 04:26,Fortune,Fortune_lose_onedari_m1,割り当て表で下書きが変わる,
2026-10-07 04:26,Fortune,Fortune_lose_onedari_m3,割り当て表で下書きが変わる,
2026-10-07 04:26,GhostShip,GhostShip_atk_e2,割り当て表で下書きが変わる,
2026-10-07 04:26,GhostShip,GhostShip_atk_m1,割り当て表で下書きが変わる,
2026-10-07 04:26,GhostShip,GhostShip_atk_m2,割り当て表で下書きが変わる,
2026-10-07 04:26,GhostShip,GhostShip_atk_m3,割り当て表で下書きが変わる,
2026-10-07 04:26,GhostShip,GhostShip_lose_btl_e2,割り当て表で下書きが変わる,
2026-10-07 04:26,GhostShip,GhostShip_lose_btl_m1,割り当て表で下書きが変わる,
2026-10-07 04:26,GhostShip,GhostShip_lose_btl_m2,割り当て表で下書きが変わる,
2026-10-07 04:26,GhostShip,GhostShip_lose_btl_m3,割り当て表で下書きが変わる,
2026-10-07 04:26,GhostShip,GhostShip_lose_inochi_e2,割り当て表で下書きが変わる,
2026-10-07 04:26,GhostShip,GhostShip_lose_inochi_m1,割り当て表で下書きが変わる,
2026-10-07 04:26,GhostShip,GhostShip_lose_inochi_m2,割り当て表で下書きが変わる,
2026-10-07 04:26,GhostShip,GhostShip_lose_inochi_m3,割り当て表で下書きが変わる,
2026-10-07 04:26,GhostShip,GhostShip_lose_onedari_e2,割り当て表で下書きが変わる,
2026-10-07 04:26,GhostShip,GhostShip_lose_onedari_m1,割り当て表で下書きが変わる,
2026-10-07 04:26,GhostShip,GhostShip_lose_onedari_m2,割り当て表で下書きが変わる,
2026-10-07 04:26,GhostShip,GhostShip_lose_onedari_m3,割り当て表で下書きが変わる,
2026-10-07 04:26,Gym,Gym_atk_e3,割り当て表で下書きが変わる,
2026-10-07 04:26,Gym,Gym_atk_m1,割り当て表で下書きが変わる,
2026-10-07 04:26,Gym,Gym_atk_m2,割り当て表で下書きが変わる,
2026-10-07 04:26,Gym,Gym_lose_btl_boss,割り当て表で下書きが変わる,
2026-10-07 04:26,Gym,Gym_lose_btl_e1,割り当て表で下書きが変わる,
2026-10-07 04:26,Gym,Gym_lose_btl_e3,割り当て表で下書きが変わる,
2026-10-07 04:26,Gym,Gym_lose_btl_m1,割り当て表で下書きが変わる,
2026-10-07 04:26,Gym,Gym_lose_btl_m2,割り当て表で下書きが変わる,
2026-10-07 04:26,Gym,Gym_lose_btl_m3,割り当て表で下書きが変わる,
2026-10-07 04:26,Gym,Gym_lose_inochi_boss,割り当て表で下書きが変わる,
2026-10-07 04:26,Gym,Gym_lose_inochi_e1,割り当て表で下書きが変わる,
2026-10-07 04:26,Gym,Gym_lose_inochi_e2,割り当て表で下書きが変わる,
2026-10-07 04:26,Gym,Gym_lose_inochi_e3,割り当て表で下書きが変わる,
2026-10-07 04:26,Gym,Gym_lose_inochi_m1,割り当て表で下書きが変わる,
2026-10-07 04:26,Gym,Gym_lose_inochi_m2,割り当て表で下書きが変わる,
2026-10-07 04:26,Gym,Gym_lose_inochi_m3,割り当て表で下書きが変わる,
2026-10-07 04:26,Gym,Gym_lose_onedari_e1,割り当て表で下書きが変わる,
2026-10-07 04:26,Gym,Gym_lose_onedari_e2,割り当て表で下書きが変わる,
2026-10-07 04:26,Gym,Gym_lose_onedari_e3,割り当て表で下書きが変わる,
2026-10-07 04:26,Gym,Gym_lose_onedari_m2,割り当て表で下書きが変わる,
2026-10-07 04:26,Gym,Gym_lose_onedari_m3,割り当て表で下書きが変わる,
2026-10-07 04:26,Harem,Harem_atk_boss,割り当て表で下書きが変わる,
2026-10-07 04:26,Harem,Harem_atk_e1,割り当て表で下書きが変わる,
2026-10-07 04:26,Harem,Harem_atk_e2,割り当て表で下書きが変わる,
2026-10-07 04:26,Harem,Harem_atk_e3,割り当て表で下書きが変わる,
2026-10-07 04:26,Harem,Harem_lose_btl_boss,割り当て表で下書きが変わる,
2026-10-07 04:26,Harem,Harem_lose_btl_e1,割り当て表で下書きが変わる,
2026-10-07 04:26,Harem,Harem_lose_btl_e2,割り当て表で下書きが変わる,
2026-10-07 04:26,Harem,Harem_lose_btl_e3,割り当て表で下書きが変わる,
2026-10-07 04:26,Harem,Harem_lose_btl_m1,割り当て表で下書きが変わる,
2026-10-07 04:26,Harem,Harem_lose_btl_m2,割り当て表で下書きが変わる,
2026-10-07 04:26,Harem,Harem_lose_btl_m3,割り当て表で下書きが変わる,
2026-10-07 04:26,Harem,Harem_lose_inochi_e1,割り当て表で下書きが変わる,
2026-10-07 04:26,Harem,Harem_lose_inochi_e3,割り当て表で下書きが変わる,
2026-10-07 04:26,Harem,Harem_lose_inochi_m2,割り当て表で下書きが変わる,
2026-10-07 04:26,Harem,Harem_lose_inochi_m3,割り当て表で下書きが変わる,
2026-10-07 04:26,Harem,Harem_lose_onedari_boss,割り当て表で下書きが変わる,
2026-10-07 04:26,Harem,Harem_lose_onedari_e1,割り当て表で下書きが変わる,
2026-10-07 04:26,Harem,Harem_lose_onedari_e2,割り当て表で下書きが変わる,
2026-10-07 04:26,Harem,Harem_lose_onedari_e3,割り当て表で下書きが変わる,
2026-10-07 04:26,Harem,Harem_lose_onedari_m1,割り当て表で下書きが変わる,
2026-10-07 04:26,Heels,Heels_atk_boss,割り当て表で下書きが変わる,
2026-10-07 04:26,Heels,Heels_atk_m1,割り当て表で下書きが変わる,
2026-10-07 04:26,Heels,Heels_atk_m2,割り当て表で下書きが変わる,
2026-10-07 04:26,Heels,Heels_lose_btl_boss,割り当て表で下書きが変わる,
2026-10-07 04:26,Heels,Heels_lose_btl_e1,割り当て表で下書きが変わる,
2026-10-07 04:26,Heels,Heels_lose_btl_e2,割り当て表で下書きが変わる,
2026-10-07 04:26,Heels,Heels_lose_btl_m2,割り当て表で下書きが変わる,
2026-10-07 04:26,Heels,Heels_lose_btl_m3,割り当て表で下書きが変わる,
2026-10-07 04:26,Heels,Heels_lose_inochi_boss,割り当て表で下書きが変わる,
2026-10-07 04:26,Heels,Heels_lose_inochi_e1,割り当て表で下書きが変わる,
2026-10-07 04:26,Heels,Heels_lose_inochi_e2,割り当て表で下書きが変わる,
2026-10-07 04:26,Heels,Heels_lose_inochi_e3,割り当て表で下書きが変わる,
2026-10-07 04:26,Heels,Heels_lose_inochi_m1,割り当て表で下書きが変わる,
2026-10-07 04:26,Heels,Heels_lose_inochi_m2,割り当て表で下書きが変わる,
2026-10-07 04:26,Heels,Heels_lose_inochi_m3,割り当て表で下書きが変わる,
2026-10-07 04:26,Heels,Heels_lose_onedari_e2,割り当て表で下書きが変わる,
2026-10-07 04:26,Heels,Heels_lose_onedari_e3,割り当て表で下書きが変わる,
2026-10-07 04:26,Heels,Heels_lose_onedari_m1,割り当て表で下書きが変わる,
2026-10-07 04:26,Hive,Hive_atk_boss,割り当て表で下書きが変わる,
2026-10-07 04:26,Hive,Hive_atk_e1,割り当て表で下書きが変わる,
2026-10-07 04:26,Hive,Hive_atk_m2,割り当て表で下書きが変わる,
2026-10-07 04:26,Hive,Hive_atk_m3,割り当て表で下書きが変わる,
2026-10-07 04:26,Hive,Hive_lose_btl_e1,割り当て表で下書きが変わる,
2026-10-07 04:26,Hive,Hive_lose_btl_e2,割り当て表で下書きが変わる,
2026-10-07 04:26,Hive,Hive_lose_btl_e3,割り当て表で下書きが変わる,
2026-10-07 04:26,Hive,Hive_lose_btl_m1,割り当て表で下書きが変わる,
2026-10-07 04:26,Hive,Hive_lose_btl_m2,割り当て表で下書きが変わる,
2026-10-07 04:26,Hive,Hive_lose_inochi_boss,割り当て表で下書きが変わる,
2026-10-07 04:26,Hive,Hive_lose_inochi_e1,割り当て表で下書きが変わる,
2026-10-07 04:26,Hive,Hive_lose_inochi_e2,割り当て表で下書きが変わる,
2026-10-07 04:26,Hive,Hive_lose_inochi_e3,割り当て表で下書きが変わる,
2026-10-07 04:26,Hive,Hive_lose_inochi_m1,割り当て表で下書きが変わる,
2026-10-07 04:26,Hive,Hive_lose_inochi_m2,割り当て表で下書きが変わる,
2026-10-07 04:26,Hive,Hive_lose_onedari_boss,割り当て表で下書きが変わる,
2026-10-07 04:26,Hive,Hive_lose_onedari_e2,割り当て表で下書きが変わる,
2026-10-07 04:26,Hive,Hive_lose_onedari_m1,割り当て表で下書きが変わる,
2026-10-07 04:26,Hive,Hive_lose_onedari_m2,割り当て表で下書きが変わる,
2026-10-07 04:26,Host,Host_atk_boss,割り当て表で下書きが変わる,
2026-10-07 04:26,Host,Host_atk_e1,割り当て表で下書きが変わる,
2026-10-07 04:26,Host,Host_atk_m1,割り当て表で下書きが変わる,
2026-10-07 04:26,Host,Host_atk_m2,割り当て表で下書きが変わる,
2026-10-07 04:26,Host,Host_lose_btl_boss,割り当て表で下書きが変わる,
2026-10-07 04:26,Host,Host_lose_btl_e1,割り当て表で下書きが変わる,
2026-10-07 04:26,Host,Host_lose_btl_e2,割り当て表で下書きが変わる,
2026-10-07 04:26,Host,Host_lose_btl_m1,割り当て表で下書きが変わる,
2026-10-07 04:26,Host,Host_lose_btl_m2,割り当て表で下書きが変わる,
2026-10-07 04:26,Host,Host_lose_inochi_boss,割り当て表で下書きが変わる,
2026-10-07 04:26,Host,Host_lose_inochi_e1,割り当て表で下書きが変わる,
2026-10-07 04:26,Host,Host_lose_inochi_e2,割り当て表で下書きが変わる,
2026-10-07 04:26,Host,Host_lose_inochi_e3,割り当て表で下書きが変わる,
2026-10-07 04:26,Host,Host_lose_inochi_m1,割り当て表で下書きが変わる,
2026-10-07 04:26,Host,Host_lose_inochi_m2,割り当て表で下書きが変わる,
2026-10-07 04:26,Host,Host_lose_inochi_m3,割り当て表で下書きが変わる,
2026-10-07 04:26,Host,Host_lose_onedari_boss,割り当て表で下書きが変わる,
2026-10-07 04:26,Host,Host_lose_onedari_e1,割り当て表で下書きが変わる,
2026-10-07 04:26,Host,Host_lose_onedari_e2,割り当て表で下書きが変わる,
2026-10-07 04:26,Host,Host_lose_onedari_m1,割り当て表で下書きが変わる,
2026-10-07 04:26,Idol,Idol_atk_e1,割り当て表で下書きが変わる,
2026-10-07 04:26,Idol,Idol_atk_m1,割り当て表で下書きが変わる,
2026-10-07 04:26,Idol,Idol_atk_m2,割り当て表で下書きが変わる,
2026-10-07 04:26,Idol,Idol_atk_m3,割り当て表で下書きが変わる,
2026-10-07 04:26,Idol,Idol_lose_btl_e1,割り当て表で下書きが変わる,
2026-10-07 04:26,Idol,Idol_lose_btl_e2,割り当て表で下書きが変わる,
2026-10-07 04:26,Idol,Idol_lose_btl_m1,割り当て表で下書きが変わる,
2026-10-07 04:26,Idol,Idol_lose_btl_m2,割り当て表で下書きが変わる,
2026-10-07 04:26,Idol,Idol_lose_btl_m3,割り当て表で下書きが変わる,
2026-10-07 04:26,Idol,Idol_lose_inochi_e1,割り当て表で下書きが変わる,
2026-10-07 04:26,Idol,Idol_lose_inochi_e2,割り当て表で下書きが変わる,
2026-10-07 04:26,Idol,Idol_lose_inochi_e3,割り当て表で下書きが変わる,
2026-10-07 04:26,Idol,Idol_lose_inochi_m2,割り当て表で下書きが変わる,
2026-10-07 04:26,Idol,Idol_lose_onedari_e2,割り当て表で下書きが変わる,
2026-10-07 04:26,Idol,Idol_lose_onedari_e3,割り当て表で下書きが変わる,
2026-10-07 04:26,Idol,Idol_lose_onedari_m1,割り当て表で下書きが変わる,
2026-10-07 04:26,Idol,Idol_lose_onedari_m2,割り当て表で下書きが変わる,
2026-10-07 04:26,Idol,Idol_lose_onedari_m3,割り当て表で下書きが変わる,
2026-10-07 04:26,Inma,Inma_atk_e1,割り当て表で下書きが変わる,
2026-10-07 04:26,Inma,Inma_atk_e2,割り当て表で下書きが変わる,
2026-10-07 04:26,Inma,Inma_atk_e3,割り当て表で下書きが変わる,
2026-10-07 04:26,Inma,Inma_atk_m1,割り当て表で下書きが変わる,
2026-10-07 04:26,Inma,Inma_atk_m2,割り当て表で下書きが変わる,
2026-10-07 04:26,Inma,Inma_atk_m3,割り当て表で下書きが変わる,
2026-10-07 04:26,Inma,Inma_lose_btl_boss,割り当て表で下書きが変わる,
2026-10-07 04:26,Inma,Inma_lose_btl_e1,割り当て表で下書きが変わる,
2026-10-07 04:26,Inma,Inma_lose_btl_e2,割り当て表で下書きが変わる,
2026-10-07 04:26,Inma,Inma_lose_btl_e3,割り当て表で下書きが変わる,
2026-10-07 04:26,Inma,Inma_lose_btl_m1,割り当て表で下書きが変わる,
2026-10-07 04:26,Inma,Inma_lose_btl_m2,割り当て表で下書きが変わる,
2026-10-07 04:26,Inma,Inma_lose_btl_m3,割り当て表で下書きが変わる,
2026-10-07 04:26,Inma,Inma_lose_inochi_boss,割り当て表で下書きが変わる,
2026-10-07 04:26,Inma,Inma_lose_inochi_e1,割り当て表で下書きが変わる,
2026-10-07 04:26,Inma,Inma_lose_inochi_e2,割り当て表で下書きが変わる,
2026-10-07 04:26,Inma,Inma_lose_inochi_e3,割り当て表で下書きが変わる,
2026-10-07 04:26,Inma,Inma_lose_inochi_m1,割り当て表で下書きが変わる,
2026-10-07 04:26,Inma,Inma_lose_inochi_m2,割り当て表で下書きが変わる,
2026-10-07 04:26,Inma,Inma_lose_inochi_m3,割り当て表で下書きが変わる,
2026-10-07 04:26,Inma,Inma_lose_onedari_boss,割り当て表で下書きが変わる,
2026-10-07 04:26,Inma,Inma_lose_onedari_e1,割り当て表で下書きが変わる,
2026-10-07 04:26,Inma,Inma_lose_onedari_e2,割り当て表で下書きが変わる,
2026-10-07 04:26,Inma,Inma_lose_onedari_e3,割り当て表で下書きが変わる,
2026-10-07 04:26,Inma,Inma_lose_onedari_m1,割り当て表で下書きが変わる,
2026-10-07 04:26,Inmon,Inmon_atk_boss,割り当て表で下書きが変わる,
2026-10-07 04:26,Inmon,Inmon_atk_e1,割り当て表で下書きが変わる,
2026-10-07 04:26,Inmon,Inmon_atk_e2,割り当て表で下書きが変わる,
2026-10-07 04:26,Inmon,Inmon_atk_e3,割り当て表で下書きが変わる,
2026-10-07 04:26,Inmon,Inmon_atk_m1,割り当て表で下書きが変わる,
2026-10-07 04:26,Inmon,Inmon_atk_m2,割り当て表で下書きが変わる,
2026-10-07 04:26,Inmon,Inmon_atk_m3,割り当て表で下書きが変わる,
2026-10-07 04:26,Inmon,Inmon_lose_btl_boss,割り当て表で下書きが変わる,
2026-10-07 04:26,Inmon,Inmon_lose_btl_e1,割り当て表で下書きが変わる,
2026-10-07 04:26,Inmon,Inmon_lose_btl_e2,割り当て表で下書きが変わる,
2026-10-07 04:26,Inmon,Inmon_lose_btl_e3,割り当て表で下書きが変わる,
2026-10-07 04:26,Inmon,Inmon_lose_btl_m1,割り当て表で下書きが変わる,
2026-10-07 04:26,Inmon,Inmon_lose_btl_m2,割り当て表で下書きが変わる,
2026-10-07 04:26,Inmon,Inmon_lose_btl_m3,割り当て表で下書きが変わる,
2026-10-07 04:26,Inmon,Inmon_lose_inochi_boss,割り当て表で下書きが変わる,
2026-10-07 04:26,Inmon,Inmon_lose_inochi_e1,割り当て表で下書きが変わる,
2026-10-07 04:26,Inmon,Inmon_lose_inochi_e2,割り当て表で下書きが変わる,
2026-10-07 04:26,Inmon,Inmon_lose_inochi_e3,割り当て表で下書きが変わる,
2026-10-07 04:26,Inmon,Inmon_lose_inochi_m1,割り当て表で下書きが変わる,
2026-10-07 04:26,Inmon,Inmon_lose_inochi_m2,割り当て表で下書きが変わる,
2026-10-07 04:26,Inmon,Inmon_lose_inochi_m3,割り当て表で下書きが変わる,
2026-10-07 04:26,Inmon,Inmon_lose_onedari_boss,割り当て表で下書きが変わる,
2026-10-07 04:26,Inmon,Inmon_lose_onedari_e1,割り当て表で下書きが変わる,
2026-10-07 04:26,Inmon,Inmon_lose_onedari_e2,割り当て表で下書きが変わる,
2026-10-07 04:26,Inmon,Inmon_lose_onedari_e3,割り当て表で下書きが変わる,
2026-10-07 04:26,Inmon,Inmon_lose_onedari_m1,割り当て表で下書きが変わる,
2026-10-07 04:26,Inmon,Inmon_lose_onedari_m2,割り当て表で下書きが変わる,
2026-10-07 04:26,Inmon,Inmon_lose_onedari_m3,割り当て表で下書きが変わる,
2026-10-07 04:26,Kitsune,Kitsune_atk_boss,割り当て表で下書きが変わる,
2026-10-07 04:26,Kitsune,Kitsune_atk_e1,割り当て表で下書きが変わる,
2026-10-07 04:26,Kitsune,Kitsune_atk_e2,割り当て表で下書きが変わる,
2026-10-07 04:26,Kitsune,Kitsune_atk_m1,割り当て表で下書きが変わる,
2026-10-07 04:26,Kitsune,Kitsune_atk_m2,割り当て表で下書きが変わる,
2026-10-07 04:26,Kitsune,Kitsune_lose_btl_boss,割り当て表で下書きが変わる,
2026-10-07 04:26,Kitsune,Kitsune_lose_btl_e1,割り当て表で下書きが変わる,
2026-10-07 04:26,Kitsune,Kitsune_lose_btl_e2,割り当て表で下書きが変わる,
2026-10-07 04:26,Kitsune,Kitsune_lose_btl_e3,割り当て表で下書きが変わる,
2026-10-07 04:26,Kitsune,Kitsune_lose_btl_m1,割り当て表で下書きが変わる,
2026-10-07 04:26,Kitsune,Kitsune_lose_btl_m2,割り当て表で下書きが変わる,
2026-10-07 04:26,Kitsune,Kitsune_lose_inochi_boss,割り当て表で下書きが変わる,
2026-10-07 04:26,Kitsune,Kitsune_lose_inochi_e1,割り当て表で下書きが変わる,
2026-10-07 04:26,Kitsune,Kitsune_lose_inochi_e2,割り当て表で下書きが変わる,
2026-10-07 04:26,Kitsune,Kitsune_lose_inochi_e3,割り当て表で下書きが変わる,
2026-10-07 04:26,Kitsune,Kitsune_lose_onedari_e1,割り当て表で下書きが変わる,
2026-10-07 04:26,Kitsune,Kitsune_lose_onedari_e2,割り当て表で下書きが変わる,
2026-10-07 04:26,Kitsune,Kitsune_lose_onedari_e3,割り当て表で下書きが変わる,
2026-10-07 04:26,Kitsune,Kitsune_lose_onedari_m1,割り当て表で下書きが変わる,
2026-10-07 04:26,Kitsune,Kitsune_lose_onedari_m3,割り当て表で下書きが変わる,
2026-10-07 04:26,Knight,Knight_atk_boss,割り当て表で下書きが変わる,
2026-10-07 04:26,Knight,Knight_atk_e1,割り当て表で下書きが変わる,
2026-10-07 04:26,Knight,Knight_atk_e3,割り当て表で下書きが変わる,
2026-10-07 04:26,Knight,Knight_atk_m1,割り当て表で下書きが変わる,
2026-10-07 04:26,Knight,Knight_atk_m2,割り当て表で下書きが変わる,
2026-10-07 04:26,Knight,Knight_atk_m3,割り当て表で下書きが変わる,
2026-10-07 04:26,Knight,Knight_lose_btl_e1,割り当て表で下書きが変わる,
2026-10-07 04:26,Knight,Knight_lose_btl_e2,割り当て表で下書きが変わる,
2026-10-07 04:26,Knight,Knight_lose_btl_e3,割り当て表で下書きが変わる,
2026-10-07 04:26,Knight,Knight_lose_btl_m1,割り当て表で下書きが変わる,
2026-10-07 04:26,Knight,Knight_lose_btl_m3,割り当て表で下書きが変わる,
2026-10-07 04:26,Knight,Knight_lose_inochi_boss,割り当て表で下書きが変わる,
2026-10-07 04:26,Knight,Knight_lose_inochi_e1,割り当て表で下書きが変わる,
2026-10-07 04:26,Knight,Knight_lose_inochi_e3,割り当て表で下書きが変わる,
2026-10-07 04:26,Knight,Knight_lose_inochi_m1,割り当て表で下書きが変わる,
2026-10-07 04:26,Knight,Knight_lose_inochi_m2,割り当て表で下書きが変わる,
2026-10-07 04:26,Knight,Knight_lose_inochi_m3,割り当て表で下書きが変わる,
2026-10-07 04:26,Knight,Knight_lose_onedari_e1,割り当て表で下書きが変わる,
2026-10-07 04:26,Knight,Knight_lose_onedari_e2,割り当て表で下書きが変わる,
2026-10-07 04:26,Knight,Knight_lose_onedari_e3,割り当て表で下書きが変わる,
2026-10-07 04:26,Knight,Knight_lose_onedari_m1,割り当て表で下書きが変わる,
2026-10-07 04:26,Knight,Knight_lose_onedari_m2,割り当て表で下書きが変わる,
2026-10-07 04:26,Knight,Knight_lose_onedari_m3,割り当て表で下書きが変わる,
2026-10-07 04:26,Lab,Lab_atk_boss,割り当て表で下書きが変わる,
2026-10-07 04:26,Lab,Lab_atk_e1,割り当て表で下書きが変わる,
2026-10-07 04:26,Lab,Lab_atk_e2,割り当て表で下書きが変わる,
2026-10-07 04:26,Lab,Lab_atk_e3,割り当て表で下書きが変わる,
2026-10-07 04:26,Lab,Lab_atk_m1,割り当て表で下書きが変わる,
2026-10-07 04:26,Lab,Lab_atk_m2,割り当て表で下書きが変わる,
2026-10-07 04:26,Lab,Lab_lose_btl_boss,割り当て表で下書きが変わる,
2026-10-07 04:26,Lab,Lab_lose_btl_e1,割り当て表で下書きが変わる,
2026-10-07 04:26,Lab,Lab_lose_btl_e2,割り当て表で下書きが変わる,
2026-10-07 04:26,Lab,Lab_lose_btl_m1,割り当て表で下書きが変わる,
2026-10-07 04:26,Lab,Lab_lose_inochi_boss,割り当て表で下書きが変わる,
2026-10-07 04:26,Lab,Lab_lose_inochi_e1,割り当て表で下書きが変わる,
2026-10-07 04:26,Lab,Lab_lose_inochi_e2,割り当て表で下書きが変わる,
2026-10-07 04:26,Lab,Lab_lose_inochi_e3,割り当て表で下書きが変わる,
2026-10-07 04:26,Lab,Lab_lose_inochi_m1,割り当て表で下書きが変わる,
2026-10-07 04:26,Lab,Lab_lose_onedari_boss,割り当て表で下書きが変わる,
2026-10-07 04:26,Lab,Lab_lose_onedari_e1,割り当て表で下書きが変わる,
2026-10-07 04:26,Lab,Lab_lose_onedari_e2,割り当て表で下書きが変わる,
2026-10-07 04:26,Lab,Lab_lose_onedari_e3,割り当て表で下書きが変わる,
2026-10-07 04:26,Lab,Lab_lose_onedari_m1,割り当て表で下書きが変わる,
2026-10-07 04:26,Lamia,Lamia_atk_boss,割り当て表で下書きが変わる,
2026-10-07 04:26,Lamia,Lamia_atk_e1,割り当て表で下書きが変わる,
2026-10-07 04:26,Lamia,Lamia_atk_e2,割り当て表で下書きが変わる,
2026-10-07 04:26,Lamia,Lamia_atk_e3,割り当て表で下書きが変わる,
2026-10-07 04:26,Lamia,Lamia_atk_m1,割り当て表で下書きが変わる,
2026-10-07 04:26,Lamia,Lamia_atk_m2,割り当て表で下書きが変わる,
2026-10-07 04:26,Lamia,Lamia_atk_m3,割り当て表で下書きが変わる,
2026-10-07 04:26,Lamia,Lamia_boss,割り当て表で下書きが変わる,
2026-10-07 04:26,Lamia,Lamia_e1,割り当て表で下書きが変わる,
2026-10-07 04:26,Lamia,Lamia_e2,割り当て表で下書きが変わる,
2026-10-07 04:26,Lamia,Lamia_e3,割り当て表で下書きが変わる,
2026-10-07 04:26,Lamia,Lamia_inochigoi,割り当て表で下書きが変わる,
2026-10-07 04:26,Lamia,Lamia_lose_btl_boss,割り当て表で下書きが変わる,
2026-10-07 04:26,Lamia,Lamia_lose_btl_e1,割り当て表で下書きが変わる,
2026-10-07 04:26,Lamia,Lamia_lose_btl_e2,割り当て表で下書きが変わる,
2026-10-07 04:26,Lamia,Lamia_lose_btl_e3,割り当て表で下書きが変わる,
2026-10-07 04:26,Lamia,Lamia_lose_btl_m1,割り当て表で下書きが変わる,
2026-10-07 04:26,Lamia,Lamia_lose_btl_m2,割り当て表で下書きが変わる,
2026-10-07 04:26,Lamia,Lamia_lose_inochi_boss,割り当て表で下書きが変わる,
2026-10-07 04:26,Lamia,Lamia_lose_inochi_e1,割り当て表で下書きが変わる,
2026-10-07 04:26,Lamia,Lamia_lose_inochi_e2,割り当て表で下書きが変わる,
2026-10-07 04:26,Lamia,Lamia_lose_inochi_e3,割り当て表で下書きが変わる,
2026-10-07 04:26,Lamia,Lamia_lose_inochi_m1,割り当て表で下書きが変わる,
2026-10-07 04:26,Lamia,Lamia_lose_inochi_m2,割り当て表で下書きが変わる,
2026-10-07 04:26,Lamia,Lamia_lose_inochi_m3,割り当て表で下書きが変わる,
2026-10-07 04:26,Lamia,Lamia_lose_onedari_boss,割り当て表で下書きが変わる,
2026-10-07 04:26,Lamia,Lamia_lose_onedari_e1,割り当て表で下書きが変わる,
2026-10-07 04:26,Lamia,Lamia_lose_onedari_e2,割り当て表で下書きが変わる,
2026-10-07 04:26,Lamia,Lamia_lose_onedari_e3,割り当て表で下書きが変わる,
2026-10-07 04:26,Lamia,Lamia_lose_onedari_m1,割り当て表で下書きが変わる,
2026-10-07 04:26,Lamia,Lamia_lose_onedari_m2,割り当て表で下書きが変わる,
2026-10-07 04:26,Lamia,Lamia_lose_onedari_m3,割り当て表で下書きが変わる,
2026-10-07 04:26,Lamia,Lamia_magic_1,割り当て表で下書きが変わる,
2026-10-07 04:26,Lamia,Lamia_magic_3,割り当て表で下書きが変わる,
2026-10-07 04:26,Lamia,Lamia_master,割り当て表で下書きが変わる,
2026-10-07 04:26,Library,Library_atk_boss,割り当て表で下書きが変わる,
2026-10-07 04:26,Library,Library_atk_e1,割り当て表で下書きが変わる,
2026-10-07 04:26,Library,Library_atk_e2,割り当て表で下書きが変わる,
2026-10-07 04:26,Library,Library_atk_m1,割り当て表で下書きが変わる,
2026-10-07 04:26,Library,Library_atk_m2,割り当て表で下書きが変わる,
2026-10-07 04:26,Library,Library_lose_btl_e1,割り当て表で下書きが変わる,
2026-10-07 04:26,Library,Library_lose_btl_e2,割り当て表で下書きが変わる,
2026-10-07 04:26,Library,Library_lose_btl_e3,割り当て表で下書きが変わる,
2026-10-07 04:26,Library,Library_lose_btl_m1,割り当て表で下書きが変わる,
2026-10-07 04:26,Library,Library_lose_btl_m2,割り当て表で下書きが変わる,
2026-10-07 04:26,Library,Library_lose_btl_m3,割り当て表で下書きが変わる,
2026-10-07 04:26,Library,Library_lose_inochi_boss,割り当て表で下書きが変わる,
2026-10-07 04:26,Library,Library_lose_inochi_e1,割り当て表で下書きが変わる,
2026-10-07 04:26,Library,Library_lose_inochi_e3,割り当て表で下書きが変わる,
2026-10-07 04:26,Library,Library_lose_inochi_m1,割り当て表で下書きが変わる,
2026-10-07 04:26,Library,Library_lose_inochi_m2,割り当て表で下書きが変わる,
2026-10-07 04:26,Library,Library_lose_inochi_m3,割り当て表で下書きが変わる,
2026-10-07 04:26,Library,Library_lose_onedari_boss,割り当て表で下書きが変わる,
2026-10-07 04:26,Library,Library_lose_onedari_e1,割り当て表で下書きが変わる,
2026-10-07 04:26,Library,Library_lose_onedari_m2,割り当て表で下書きが変わる,
2026-10-07 04:26,Library,Library_lose_onedari_m3,割り当て表で下書きが変わる,
2026-10-07 04:26,Lingerie,Lingerie_atk_boss,割り当て表で下書きが変わる,
2026-10-07 04:26,Lingerie,Lingerie_atk_e1,割り当て表で下書きが変わる,
2026-10-07 04:26,Lingerie,Lingerie_atk_m1,割り当て表で下書きが変わる,
2026-10-07 04:26,Lingerie,Lingerie_atk_m2,割り当て表で下書きが変わる,
2026-10-07 04:26,Lingerie,Lingerie_atk_m3,割り当て表で下書きが変わる,
2026-10-07 04:26,Lingerie,Lingerie_lose_btl_e1,割り当て表で下書きが変わる,
2026-10-07 04:26,Lingerie,Lingerie_lose_btl_e2,割り当て表で下書きが変わる,
2026-10-07 04:26,Lingerie,Lingerie_lose_btl_e3,割り当て表で下書きが変わる,
2026-10-07 04:26,Lingerie,Lingerie_lose_btl_m1,割り当て表で下書きが変わる,
2026-10-07 04:26,Lingerie,Lingerie_lose_btl_m2,割り当て表で下書きが変わる,
2026-10-07 04:26,Lingerie,Lingerie_lose_btl_m3,割り当て表で下書きが変わる,
2026-10-07 04:26,Lingerie,Lingerie_lose_inochi_boss,割り当て表で下書きが変わる,
2026-10-07 04:26,Lingerie,Lingerie_lose_inochi_e1,割り当て表で下書きが変わる,
2026-10-07 04:26,Lingerie,Lingerie_lose_inochi_e2,割り当て表で下書きが変わる,
2026-10-07 04:26,Lingerie,Lingerie_lose_inochi_e3,割り当て表で下書きが変わる,
2026-10-07 04:26,Lingerie,Lingerie_lose_inochi_m1,割り当て表で下書きが変わる,
2026-10-07 04:26,Lingerie,Lingerie_lose_inochi_m2,割り当て表で下書きが変わる,
2026-10-07 04:26,Lingerie,Lingerie_lose_inochi_m3,割り当て表で下書きが変わる,
2026-10-07 04:26,Lingerie,Lingerie_lose_onedari_boss,割り当て表で下書きが変わる,
2026-10-07 04:26,Lingerie,Lingerie_lose_onedari_e1,割り当て表で下書きが変わる,
2026-10-07 04:26,Lingerie,Lingerie_lose_onedari_e2,割り当て表で下書きが変わる,
2026-10-07 04:26,Lingerie,Lingerie_lose_onedari_m1,割り当て表で下書きが変わる,
2026-10-07 04:26,Lingerie,Lingerie_lose_onedari_m2,割り当て表で下書きが変わる,
2026-10-07 04:26,Lingerie,Lingerie_lose_onedari_m3,割り当て表で下書きが変わる,
2026-10-07 04:26,Maid,Maid_atk_e3,割り当て表で下書きが変わる,
2026-10-07 04:26,Maid,Maid_atk_m2,割り当て表で下書きが変わる,
2026-10-07 04:26,Maid,Maid_lose_btl_e1,割り当て表で下書きが変わる,
2026-10-07 04:26,Maid,Maid_lose_btl_e2,割り当て表で下書きが変わる,
2026-10-07 04:26,Maid,Maid_lose_btl_e3,割り当て表で下書きが変わる,
2026-10-07 04:26,Maid,Maid_lose_btl_m1,割り当て表で下書きが変わる,
2026-10-07 04:26,Maid,Maid_lose_btl_m2,割り当て表で下書きが変わる,
2026-10-07 04:26,Maid,Maid_lose_inochi_e1,割り当て表で下書きが変わる,
2026-10-07 04:26,Maid,Maid_lose_inochi_e2,割り当て表で下書きが変わる,
2026-10-07 04:26,Maid,Maid_lose_inochi_m2,割り当て表で下書きが変わる,
2026-10-07 04:26,Maid,Maid_lose_inochi_m3,割り当て表で下書きが変わる,
2026-10-07 04:26,Maid,Maid_lose_onedari_boss,割り当て表で下書きが変わる,
2026-10-07 04:26,Maid,Maid_lose_onedari_e1,割り当て表で下書きが変わる,
2026-10-07 04:26,Maid,Maid_lose_onedari_e2,割り当て表で下書きが変わる,
2026-10-07 04:26,Maid,Maid_lose_onedari_m1,割り当て表で下書きが変わる,
2026-10-07 04:26,Maid,Maid_lose_onedari_m2,割り当て表で下書きが変わる,
2026-10-07 04:26,Maid,Maid_lose_onedari_m3,割り当て表で下書きが変わる,
2026-10-07 04:26,Masque,Masque_atk_boss,割り当て表で下書きが変わる,
2026-10-07 04:26,Masque,Masque_atk_e1,割り当て表で下書きが変わる,
2026-10-07 04:26,Masque,Masque_atk_e2,割り当て表で下書きが変わる,
2026-10-07 04:26,Masque,Masque_atk_e3,割り当て表で下書きが変わる,
2026-10-07 04:26,Masque,Masque_atk_m1,割り当て表で下書きが変わる,
2026-10-07 04:26,Masque,Masque_atk_m2,割り当て表で下書きが変わる,
2026-10-07 04:26,Masque,Masque_lose_btl_boss,割り当て表で下書きが変わる,
2026-10-07 04:26,Masque,Masque_lose_btl_e1,割り当て表で下書きが変わる,
2026-10-07 04:26,Masque,Masque_lose_btl_e2,割り当て表で下書きが変わる,
2026-10-07 04:26,Masque,Masque_lose_btl_e3,割り当て表で下書きが変わる,
2026-10-07 04:26,Masque,Masque_lose_btl_m1,割り当て表で下書きが変わる,
2026-10-07 04:26,Masque,Masque_lose_btl_m2,割り当て表で下書きが変わる,
2026-10-07 04:26,Masque,Masque_lose_btl_m3,割り当て表で下書きが変わる,
2026-10-07 04:26,Masque,Masque_lose_inochi_boss,割り当て表で下書きが変わる,
2026-10-07 04:26,Masque,Masque_lose_inochi_e1,割り当て表で下書きが変わる,
2026-10-07 04:26,Masque,Masque_lose_inochi_e2,割り当て表で下書きが変わる,
2026-10-07 04:26,Masque,Masque_lose_inochi_e3,割り当て表で下書きが変わる,
2026-10-07 04:26,Masque,Masque_lose_inochi_m1,割り当て表で下書きが変わる,
2026-10-07 04:26,Masque,Masque_lose_inochi_m2,割り当て表で下書きが変わる,
2026-10-07 04:26,Masque,Masque_lose_inochi_m3,割り当て表で下書きが変わる,
2026-10-07 04:26,Masque,Masque_lose_onedari_e1,割り当て表で下書きが変わる,
2026-10-07 04:26,Masque,Masque_lose_onedari_e2,割り当て表で下書きが変わる,
2026-10-07 04:26,Masque,Masque_lose_onedari_e3,割り当て表で下書きが変わる,
2026-10-07 04:26,Masque,Masque_lose_onedari_m1,割り当て表で下書きが変わる,
2026-10-07 04:26,Masque,Masque_lose_onedari_m2,割り当て表で下書きが変わる,
2026-10-07 04:26,Masque,Masque_lose_onedari_m3,割り当て表で下書きが変わる,
2026-10-07 04:26,Mimic,Mimic_atk_boss,割り当て表で下書きが変わる,
2026-10-07 04:26,Mimic,Mimic_atk_e1,割り当て表で下書きが変わる,
2026-10-07 04:26,Mimic,Mimic_atk_e3,割り当て表で下書きが変わる,
2026-10-07 04:26,Mimic,Mimic_atk_m2,割り当て表で下書きが変わる,
2026-10-07 04:26,Mimic,Mimic_atk_m3,割り当て表で下書きが変わる,
2026-10-07 04:26,Mimic,Mimic_lose_btl_boss,割り当て表で下書きが変わる,
2026-10-07 04:26,Mimic,Mimic_lose_btl_e1,割り当て表で下書きが変わる,
2026-10-07 04:26,Mimic,Mimic_lose_btl_e2,割り当て表で下書きが変わる,
2026-10-07 04:26,Mimic,Mimic_lose_btl_e3,割り当て表で下書きが変わる,
2026-10-07 04:26,Mimic,Mimic_lose_btl_m1,割り当て表で下書きが変わる,
2026-10-07 04:26,Mimic,Mimic_lose_btl_m2,割り当て表で下書きが変わる,
2026-10-07 04:26,Mimic,Mimic_lose_btl_m3,割り当て表で下書きが変わる,
2026-10-07 04:26,Mimic,Mimic_lose_inochi_boss,割り当て表で下書きが変わる,
2026-10-07 04:26,Mimic,Mimic_lose_inochi_e1,割り当て表で下書きが変わる,
2026-10-07 04:26,Mimic,Mimic_lose_inochi_e2,割り当て表で下書きが変わる,
2026-10-07 04:26,Mimic,Mimic_lose_inochi_e3,割り当て表で下書きが変わる,
2026-10-07 04:26,Mimic,Mimic_lose_inochi_m1,割り当て表で下書きが変わる,
2026-10-07 04:26,Mimic,Mimic_lose_inochi_m2,割り当て表で下書きが変わる,
2026-10-07 04:26,Mimic,Mimic_lose_inochi_m3,割り当て表で下書きが変わる,
2026-10-07 04:26,Mimic,Mimic_lose_onedari_boss,割り当て表で下書きが変わる,
2026-10-07 04:26,Mimic,Mimic_lose_onedari_e1,割り当て表で下書きが変わる,
2026-10-07 04:26,Mimic,Mimic_lose_onedari_e2,割り当て表で下書きが変わる,
2026-10-07 04:26,Mimic,Mimic_lose_onedari_e3,割り当て表で下書きが変わる,
2026-10-07 04:26,Mimic,Mimic_lose_onedari_m1,割り当て表で下書きが変わる,
2026-10-07 04:26,Mimic,Mimic_lose_onedari_m3,割り当て表で下書きが変わる,
2026-10-07 04:26,Nekomata,Nekomata_atk_boss,割り当て表で下書きが変わる,
2026-10-07 04:26,Nekomata,Nekomata_atk_e1,割り当て表で下書きが変わる,
2026-10-07 04:26,Nekomata,Nekomata_atk_e3,割り当て表で下書きが変わる,
2026-10-07 04:26,Nekomata,Nekomata_atk_m1,割り当て表で下書きが変わる,
2026-10-07 04:26,Nekomata,Nekomata_atk_m2,割り当て表で下書きが変わる,
2026-10-07 04:26,Nekomata,Nekomata_atk_m3,割り当て表で下書きが変わる,
2026-10-07 04:26,Nekomata,Nekomata_lose_btl_boss,割り当て表で下書きが変わる,
2026-10-07 04:26,Nekomata,Nekomata_lose_btl_e1,割り当て表で下書きが変わる,
2026-10-07 04:26,Nekomata,Nekomata_lose_btl_e3,割り当て表で下書きが変わる,
2026-10-07 04:26,Nekomata,Nekomata_lose_btl_m1,割り当て表で下書きが変わる,
2026-10-07 04:26,Nekomata,Nekomata_lose_btl_m2,割り当て表で下書きが変わる,
2026-10-07 04:26,Nekomata,Nekomata_lose_btl_m3,割り当て表で下書きが変わる,
2026-10-07 04:26,Nekomata,Nekomata_lose_inochi_boss,割り当て表で下書きが変わる,
2026-10-07 04:26,Nekomata,Nekomata_lose_inochi_e1,割り当て表で下書きが変わる,
2026-10-07 04:26,Nekomata,Nekomata_lose_inochi_m1,割り当て表で下書きが変わる,
2026-10-07 04:26,Nekomata,Nekomata_lose_inochi_m2,割り当て表で下書きが変わる,
2026-10-07 04:26,Nekomata,Nekomata_lose_onedari_boss,割り当て表で下書きが変わる,
2026-10-07 04:26,Nekomata,Nekomata_lose_onedari_e2,割り当て表で下書きが変わる,
2026-10-07 04:26,Nekomata,Nekomata_lose_onedari_e3,割り当て表で下書きが変わる,
2026-10-07 04:26,Nekomata,Nekomata_lose_onedari_m1,割り当て表で下書きが変わる,
2026-10-07 04:26,Nekomata,Nekomata_lose_onedari_m2,割り当て表で下書きが変わる,
2026-10-07 04:26,Nekomata,Nekomata_lose_onedari_m3,割り当て表で下書きが変わる,
2026-10-07 04:26,Ninja,Ninja_atk_boss,割り当て表で下書きが変わる,
2026-10-07 04:26,Ninja,Ninja_atk_e1,割り当て表で下書きが変わる,
2026-10-07 04:26,Ninja,Ninja_atk_e2,割り当て表で下書きが変わる,
2026-10-07 04:26,Ninja,Ninja_atk_e3,割り当て表で下書きが変わる,
2026-10-07 04:26,Ninja,Ninja_atk_m1,割り当て表で下書きが変わる,
2026-10-07 04:26,Ninja,Ninja_lose_btl_boss,割り当て表で下書きが変わる,
2026-10-07 04:26,Ninja,Ninja_lose_btl_e1,割り当て表で下書きが変わる,
2026-10-07 04:26,Ninja,Ninja_lose_btl_m2,割り当て表で下書きが変わる,
2026-10-07 04:26,Ninja,Ninja_lose_inochi_e1,割り当て表で下書きが変わる,
2026-10-07 04:26,Ninja,Ninja_lose_inochi_e2,割り当て表で下書きが変わる,
2026-10-07 04:26,Ninja,Ninja_lose_inochi_m2,割り当て表で下書きが変わる,
2026-10-07 04:26,Ninja,Ninja_lose_onedari_e3,割り当て表で下書きが変わる,
2026-10-07 04:26,Ninja,Ninja_lose_onedari_m2,割り当て表で下書きが変わる,
2026-10-07 04:26,Ninja,Ninja_lose_onedari_m3,割り当て表で下書きが変わる,
2026-10-07 04:26,Office,Office_atk_boss,割り当て表で下書きが変わる,
2026-10-07 04:26,Office,Office_atk_e1,割り当て表で下書きが変わる,
2026-10-07 04:26,Office,Office_atk_e2,割り当て表で下書きが変わる,
2026-10-07 04:26,Office,Office_atk_e3,割り当て表で下書きが変わる,
2026-10-07 04:26,Office,Office_atk_m1,割り当て表で下書きが変わる,
2026-10-07 04:26,Office,Office_atk_m2,割り当て表で下書きが変わる,
2026-10-07 04:26,Office,Office_atk_m3,割り当て表で下書きが変わる,
2026-10-07 04:26,Office,Office_lose_btl_boss,割り当て表で下書きが変わる,
2026-10-07 04:26,Office,Office_lose_btl_e1,割り当て表で下書きが変わる,
2026-10-07 04:26,Office,Office_lose_btl_e2,割り当て表で下書きが変わる,
2026-10-07 04:26,Office,Office_lose_btl_e3,割り当て表で下書きが変わる,
2026-10-07 04:26,Office,Office_lose_btl_m1,割り当て表で下書きが変わる,
2026-10-07 04:26,Office,Office_lose_btl_m2,割り当て表で下書きが変わる,
2026-10-07 04:26,Office,Office_lose_btl_m3,割り当て表で下書きが変わる,
2026-10-07 04:26,Office,Office_lose_inochi_boss,割り当て表で下書きが変わる,
2026-10-07 04:26,Office,Office_lose_inochi_e1,割り当て表で下書きが変わる,
2026-10-07 04:26,Office,Office_lose_inochi_e2,割り当て表で下書きが変わる,
2026-10-07 04:26,Office,Office_lose_inochi_e3,割り当て表で下書きが変わる,
2026-10-07 04:26,Office,Office_lose_inochi_m1,割り当て表で下書きが変わる,
2026-10-07 04:26,Office,Office_lose_inochi_m2,割り当て表で下書きが変わる,
2026-10-07 04:26,Office,Office_lose_onedari_boss,割り当て表で下書きが変わる,
2026-10-07 04:26,Office,Office_lose_onedari_e1,割り当て表で下書きが変わる,
2026-10-07 04:26,Office,Office_lose_onedari_e2,割り当て表で下書きが変わる,
2026-10-07 04:26,Office,Office_lose_onedari_e3,割り当て表で下書きが変わる,
2026-10-07 04:26,Office,Office_lose_onedari_m1,割り当て表で下書きが変わる,
2026-10-07 04:26,Office,Office_lose_onedari_m2,割り当て表で下書きが変わる,
2026-10-07 04:26,Office,Office_lose_onedari_m3,割り当て表で下書きが変わる,
2026-10-07 04:26,Oiran,Oiran_atk_boss,割り当て表で下書きが変わる,
2026-10-07 04:26,Oiran,Oiran_atk_e1,割り当て表で下書きが変わる,
2026-10-07 04:26,Oiran,Oiran_atk_e2,割り当て表で下書きが変わる,
2026-10-07 04:26,Oiran,Oiran_atk_e3,割り当て表で下書きが変わる,
2026-10-07 04:26,Oiran,Oiran_atk_m1,割り当て表で下書きが変わる,
2026-10-07 04:26,Oiran,Oiran_atk_m2,割り当て表で下書きが変わる,
2026-10-07 04:26,Oiran,Oiran_atk_m3,割り当て表で下書きが変わる,
2026-10-07 04:26,Oiran,Oiran_lose_btl_boss,割り当て表で下書きが変わる,
2026-10-07 04:26,Oiran,Oiran_lose_btl_e1,割り当て表で下書きが変わる,
2026-10-07 04:26,Oiran,Oiran_lose_btl_e2,割り当て表で下書きが変わる,
2026-10-07 04:26,Oiran,Oiran_lose_btl_e3,割り当て表で下書きが変わる,
2026-10-07 04:26,Oiran,Oiran_lose_btl_m1,割り当て表で下書きが変わる,
2026-10-07 04:26,Oiran,Oiran_lose_btl_m2,割り当て表で下書きが変わる,
2026-10-07 04:26,Oiran,Oiran_lose_btl_m3,割り当て表で下書きが変わる,
2026-10-07 04:26,Oiran,Oiran_lose_inochi_boss,割り当て表で下書きが変わる,
2026-10-07 04:26,Oiran,Oiran_lose_inochi_e1,割り当て表で下書きが変わる,
2026-10-07 04:26,Oiran,Oiran_lose_inochi_e2,割り当て表で下書きが変わる,
2026-10-07 04:26,Oiran,Oiran_lose_inochi_e3,割り当て表で下書きが変わる,
2026-10-07 04:26,Oiran,Oiran_lose_inochi_m1,割り当て表で下書きが変わる,
2026-10-07 04:26,Oiran,Oiran_lose_inochi_m2,割り当て表で下書きが変わる,
2026-10-07 04:26,Oiran,Oiran_lose_inochi_m3,割り当て表で下書きが変わる,
2026-10-07 04:26,Oiran,Oiran_lose_onedari_boss,割り当て表で下書きが変わる,
2026-10-07 04:26,Oiran,Oiran_lose_onedari_e1,割り当て表で下書きが変わる,
2026-10-07 04:26,Oiran,Oiran_lose_onedari_e2,割り当て表で下書きが変わる,
2026-10-07 04:26,Oiran,Oiran_lose_onedari_m1,割り当て表で下書きが変わる,
2026-10-07 04:26,Oiran,Oiran_lose_onedari_m2,割り当て表で下書きが変わる,
2026-10-07 04:26,Oiran,Oiran_lose_onedari_m3,割り当て表で下書きが変わる,
2026-10-07 04:26,Oni,Oni_atk_boss,割り当て表で下書きが変わる,
2026-10-07 04:26,Oni,Oni_atk_e1,割り当て表で下書きが変わる,
2026-10-07 04:26,Oni,Oni_atk_e2,割り当て表で下書きが変わる,
2026-10-07 04:26,Oni,Oni_atk_e3,割り当て表で下書きが変わる,
2026-10-07 04:26,Oni,Oni_atk_m1,割り当て表で下書きが変わる,
2026-10-07 04:26,Oni,Oni_atk_m2,割り当て表で下書きが変わる,
2026-10-07 04:26,Oni,Oni_atk_m3,割り当て表で下書きが変わる,
2026-10-07 04:26,Oni,Oni_lose_btl_boss,割り当て表で下書きが変わる,
2026-10-07 04:26,Oni,Oni_lose_btl_e1,割り当て表で下書きが変わる,
2026-10-07 04:26,Oni,Oni_lose_btl_e2,割り当て表で下書きが変わる,
2026-10-07 04:26,Oni,Oni_lose_btl_m1,割り当て表で下書きが変わる,
2026-10-07 04:26,Oni,Oni_lose_btl_m2,割り当て表で下書きが変わる,
2026-10-07 04:26,Oni,Oni_lose_btl_m3,割り当て表で下書きが変わる,
2026-10-07 04:26,Oni,Oni_lose_inochi_boss,割り当て表で下書きが変わる,
2026-10-07 04:26,Oni,Oni_lose_inochi_e1,割り当て表で下書きが変わる,
2026-10-07 04:26,Oni,Oni_lose_inochi_e2,割り当て表で下書きが変わる,
2026-10-07 04:26,Oni,Oni_lose_inochi_e3,割り当て表で下書きが変わる,
2026-10-07 04:26,Oni,Oni_lose_inochi_m1,割り当て表で下書きが変わる,
2026-10-07 04:26,Oni,Oni_lose_inochi_m2,割り当て表で下書きが変わる,
2026-10-07 04:26,Oni,Oni_lose_inochi_m3,割り当て表で下書きが変わる,
2026-10-07 04:26,Oni,Oni_lose_onedari_boss,割り当て表で下書きが変わる,
2026-10-07 04:26,Oni,Oni_lose_onedari_e1,割り当て表で下書きが変わる,
2026-10-07 04:26,Oni,Oni_lose_onedari_e2,割り当て表で下書きが変わる,
2026-10-07 04:26,Oni,Oni_lose_onedari_e3,割り当て表で下書きが変わる,
2026-10-07 04:26,Oni,Oni_lose_onedari_m1,割り当て表で下書きが変わる,
2026-10-07 04:26,Oni,Oni_lose_onedari_m3,割り当て表で下書きが変わる,
2026-10-07 04:26,Onsen,Onsen_atk_boss,割り当て表で下書きが変わる,
2026-10-07 04:26,Onsen,Onsen_atk_e1,割り当て表で下書きが変わる,
2026-10-07 04:26,Onsen,Onsen_atk_e2,割り当て表で下書きが変わる,
2026-10-07 04:26,Onsen,Onsen_atk_e3,割り当て表で下書きが変わる,
2026-10-07 04:26,Onsen,Onsen_atk_m1,割り当て表で下書きが変わる,
2026-10-07 04:26,Onsen,Onsen_atk_m2,割り当て表で下書きが変わる,
2026-10-07 04:26,Onsen,Onsen_lose_btl_boss,割り当て表で下書きが変わる,
2026-10-07 04:26,Onsen,Onsen_lose_btl_e3,割り当て表で下書きが変わる,
2026-10-07 04:26,Onsen,Onsen_lose_btl_m1,割り当て表で下書きが変わる,
2026-10-07 04:26,Onsen,Onsen_lose_btl_m2,割り当て表で下書きが変わる,
2026-10-07 04:26,Onsen,Onsen_lose_btl_m3,割り当て表で下書きが変わる,
2026-10-07 04:26,Onsen,Onsen_lose_inochi_boss,割り当て表で下書きが変わる,
2026-10-07 04:26,Onsen,Onsen_lose_inochi_e1,割り当て表で下書きが変わる,
2026-10-07 04:26,Onsen,Onsen_lose_inochi_e2,割り当て表で下書きが変わる,
2026-10-07 04:26,Onsen,Onsen_lose_inochi_e3,割り当て表で下書きが変わる,
2026-10-07 04:26,Onsen,Onsen_lose_inochi_m1,割り当て表で下書きが変わる,
2026-10-07 04:26,Onsen,Onsen_lose_inochi_m3,割り当て表で下書きが変わる,
2026-10-07 04:26,Onsen,Onsen_lose_onedari_e1,割り当て表で下書きが変わる,
2026-10-07 04:26,Onsen,Onsen_lose_onedari_e2,割り当て表で下書きが変わる,
2026-10-07 04:26,Onsen,Onsen_lose_onedari_e3,割り当て表で下書きが変わる,
2026-10-07 04:26,Onsen,Onsen_lose_onedari_m1,割り当て表で下書きが変わる,
2026-10-07 04:26,Onsen,Onsen_lose_onedari_m2,割り当て表で下書きが変わる,
2026-10-07 04:26,Prison,Prison_atk_boss,割り当て表で下書きが変わる,
2026-10-07 04:26,Prison,Prison_atk_e1,割り当て表で下書きが変わる,
2026-10-07 04:26,Prison,Prison_atk_e3,割り当て表で下書きが変わる,
2026-10-07 04:26,Prison,Prison_atk_m3,割り当て表で下書きが変わる,
2026-10-07 04:26,Prison,Prison_lose_btl_boss,割り当て表で下書きが変わる,
2026-10-07 04:26,Prison,Prison_lose_btl_e1,割り当て表で下書きが変わる,
2026-10-07 04:26,Prison,Prison_lose_btl_e3,割り当て表で下書きが変わる,
2026-10-07 04:26,Prison,Prison_lose_btl_m1,割り当て表で下書きが変わる,
2026-10-07 04:26,Prison,Prison_lose_btl_m2,割り当て表で下書きが変わる,
2026-10-07 04:26,Prison,Prison_lose_btl_m3,割り当て表で下書きが変わる,
2026-10-07 04:26,Prison,Prison_lose_inochi_boss,割り当て表で下書きが変わる,
2026-10-07 04:26,Prison,Prison_lose_inochi_e1,割り当て表で下書きが変わる,
2026-10-07 04:26,Prison,Prison_lose_inochi_e3,割り当て表で下書きが変わる,
2026-10-07 04:26,Prison,Prison_lose_inochi_m1,割り当て表で下書きが変わる,
2026-10-07 04:26,Prison,Prison_lose_inochi_m3,割り当て表で下書きが変わる,
2026-10-07 04:26,Prison,Prison_lose_onedari_boss,割り当て表で下書きが変わる,
2026-10-07 04:26,Prison,Prison_lose_onedari_e3,割り当て表で下書きが変わる,
2026-10-07 04:26,Prison,Prison_lose_onedari_m3,割り当て表で下書きが変わる,
2026-10-07 04:26,Revue,Revue_atk_e1,割り当て表で下書きが変わる,
2026-10-07 04:26,Revue,Revue_atk_e2,割り当て表で下書きが変わる,
2026-10-07 04:26,Revue,Revue_atk_e3,割り当て表で下書きが変わる,
2026-10-07 04:26,Revue,Revue_atk_m1,割り当て表で下書きが変わる,
2026-10-07 04:26,Revue,Revue_atk_m2,割り当て表で下書きが変わる,
2026-10-07 04:26,Revue,Revue_lose_btl_boss,割り当て表で下書きが変わる,
2026-10-07 04:26,Revue,Revue_lose_btl_e1,割り当て表で下書きが変わる,
2026-10-07 04:26,Revue,Revue_lose_btl_e2,割り当て表で下書きが変わる,
2026-10-07 04:26,Revue,Revue_lose_btl_e3,割り当て表で下書きが変わる,
2026-10-07 04:26,Revue,Revue_lose_btl_m1,割り当て表で下書きが変わる,
2026-10-07 04:26,Revue,Revue_lose_btl_m2,割り当て表で下書きが変わる,
2026-10-07 04:26,Revue,Revue_lose_btl_m3,割り当て表で下書きが変わる,
2026-10-07 04:26,Revue,Revue_lose_inochi_e2,割り当て表で下書きが変わる,
2026-10-07 04:26,Revue,Revue_lose_inochi_e3,割り当て表で下書きが変わる,
2026-10-07 04:26,Revue,Revue_lose_inochi_m1,割り当て表で下書きが変わる,
2026-10-07 04:26,Revue,Revue_lose_inochi_m2,割り当て表で下書きが変わる,
2026-10-07 04:26,Revue,Revue_lose_onedari_boss,割り当て表で下書きが変わる,
2026-10-07 04:26,Revue,Revue_lose_onedari_e1,割り当て表で下書きが変わる,
2026-10-07 04:26,Revue,Revue_lose_onedari_e2,割り当て表で下書きが変わる,
2026-10-07 04:26,Revue,Revue_lose_onedari_e3,割り当て表で下書きが変わる,
2026-10-07 04:26,Revue,Revue_lose_onedari_m1,割り当て表で下書きが変わる,
2026-10-07 04:26,Revue,Revue_lose_onedari_m2,割り当て表で下書きが変わる,
2026-10-07 04:26,Revue,Revue_lose_onedari_m3,割り当て表で下書きが変わる,
2026-10-07 04:26,Salon,Salon_atk_boss,割り当て表で下書きが変わる,
2026-10-07 04:26,Salon,Salon_atk_e1,割り当て表で下書きが変わる,
2026-10-07 04:26,Salon,Salon_atk_e2,割り当て表で下書きが変わる,
2026-10-07 04:26,Salon,Salon_atk_e3,割り当て表で下書きが変わる,
2026-10-07 04:26,Salon,Salon_atk_m1,割り当て表で下書きが変わる,
2026-10-07 04:26,Salon,Salon_atk_m2,割り当て表で下書きが変わる,
2026-10-07 04:26,Salon,Salon_lose_btl_boss,割り当て表で下書きが変わる,
2026-10-07 04:26,Salon,Salon_lose_btl_e2,割り当て表で下書きが変わる,
2026-10-07 04:26,Salon,Salon_lose_btl_e3,割り当て表で下書きが変わる,
2026-10-07 04:26,Salon,Salon_lose_btl_m1,割り当て表で下書きが変わる,
2026-10-07 04:26,Salon,Salon_lose_btl_m2,割り当て表で下書きが変わる,
2026-10-07 04:26,Salon,Salon_lose_btl_m3,割り当て表で下書きが変わる,
2026-10-07 04:26,Salon,Salon_lose_inochi_boss,割り当て表で下書きが変わる,
2026-10-07 04:26,Salon,Salon_lose_inochi_e1,割り当て表で下書きが変わる,
2026-10-07 04:26,Salon,Salon_lose_inochi_e3,割り当て表で下書きが変わる,
2026-10-07 04:26,Salon,Salon_lose_inochi_m1,割り当て表で下書きが変わる,
2026-10-07 04:26,Salon,Salon_lose_inochi_m2,割り当て表で下書きが変わる,
2026-10-07 04:26,Salon,Salon_lose_inochi_m3,割り当て表で下書きが変わる,
2026-10-07 04:26,Salon,Salon_lose_onedari_boss,割り当て表で下書きが変わる,
2026-10-07 04:26,Salon,Salon_lose_onedari_e1,割り当て表で下書きが変わる,
2026-10-07 04:26,Salon,Salon_lose_onedari_e2,割り当て表で下書きが変わる,
2026-10-07 04:26,Salon,Salon_lose_onedari_m1,割り当て表で下書きが変わる,
2026-10-07 04:26,Salon,Salon_lose_onedari_m2,割り当て表で下書きが変わる,
2026-10-07 04:26,Salon,Salon_lose_onedari_m3,割り当て表で下書きが変わる,
2026-10-07 04:26,Scylla,Scylla_lose_onedari_e3,割り当て表で下書きが変わる,
2026-10-07 04:26,ShowPub,ShowPub_atk_boss,割り当て表で下書きが変わる,
2026-10-07 04:26,ShowPub,ShowPub_atk_e1,割り当て表で下書きが変わる,
2026-10-07 04:26,ShowPub,ShowPub_atk_e2,割り当て表で下書きが変わる,
2026-10-07 04:26,ShowPub,ShowPub_atk_e3,割り当て表で下書きが変わる,
2026-10-07 04:26,ShowPub,ShowPub_atk_m1,割り当て表で下書きが変わる,
2026-10-07 04:26,ShowPub,ShowPub_atk_m2,割り当て表で下書きが変わる,
2026-10-07 04:26,ShowPub,ShowPub_atk_m3,割り当て表で下書きが変わる,
2026-10-07 04:26,ShowPub,ShowPub_lose_btl_boss,割り当て表で下書きが変わる,
2026-10-07 04:26,ShowPub,ShowPub_lose_btl_e1,割り当て表で下書きが変わる,
2026-10-07 04:26,ShowPub,ShowPub_lose_btl_e2,割り当て表で下書きが変わる,
2026-10-07 04:26,ShowPub,ShowPub_lose_btl_e3,割り当て表で下書きが変わる,
2026-10-07 04:26,ShowPub,ShowPub_lose_btl_m1,割り当て表で下書きが変わる,
2026-10-07 04:26,ShowPub,ShowPub_lose_btl_m2,割り当て表で下書きが変わる,
2026-10-07 04:26,ShowPub,ShowPub_lose_btl_m3,割り当て表で下書きが変わる,
2026-10-07 04:26,ShowPub,ShowPub_lose_inochi_boss,割り当て表で下書きが変わる,
2026-10-07 04:26,ShowPub,ShowPub_lose_inochi_e1,割り当て表で下書きが変わる,
2026-10-07 04:26,ShowPub,ShowPub_lose_inochi_e2,割り当て表で下書きが変わる,
2026-10-07 04:26,ShowPub,ShowPub_lose_inochi_e3,割り当て表で下書きが変わる,
2026-10-07 04:26,ShowPub,ShowPub_lose_inochi_m1,割り当て表で下書きが変わる,
2026-10-07 04:26,ShowPub,ShowPub_lose_inochi_m2,割り当て表で下書きが変わる,
2026-10-07 04:26,ShowPub,ShowPub_lose_inochi_m3,割り当て表で下書きが変わる,
2026-10-07 04:26,ShowPub,ShowPub_lose_onedari_boss,割り当て表で下書きが変わる,
2026-10-07 04:26,ShowPub,ShowPub_lose_onedari_e1,割り当て表で下書きが変わる,
2026-10-07 04:26,ShowPub,ShowPub_lose_onedari_e2,割り当て表で下書きが変わる,
2026-10-07 04:26,ShowPub,ShowPub_lose_onedari_e3,割り当て表で下書きが変わる,
2026-10-07 04:26,ShowPub,ShowPub_lose_onedari_m1,割り当て表で下書きが変わる,
2026-10-07 04:26,ShowPub,ShowPub_lose_onedari_m2,割り当て表で下書きが変わる,
2026-10-07 04:26,ShowPub,ShowPub_lose_onedari_m3,割り当て表で下書きが変わる,
2026-10-07 04:26,Slime,Slime_atk_boss,割り当て表で下書きが変わる,
2026-10-07 04:26,Slime,Slime_atk_e1,割り当て表で下書きが変わる,
2026-10-07 04:26,Slime,Slime_atk_e3,割り当て表で下書きが変わる,
2026-10-07 04:26,Slime,Slime_atk_m1,割り当て表で下書きが変わる,
2026-10-07 04:26,Slime,Slime_lose_btl_boss,割り当て表で下書きが変わる,
2026-10-07 04:26,Slime,Slime_lose_btl_e1,割り当て表で下書きが変わる,
2026-10-07 04:26,Slime,Slime_lose_btl_e2,割り当て表で下書きが変わる,
2026-10-07 04:26,Slime,Slime_lose_btl_e3,割り当て表で下書きが変わる,
2026-10-07 04:26,Slime,Slime_lose_btl_m1,割り当て表で下書きが変わる,
2026-10-07 04:26,Slime,Slime_lose_btl_m3,割り当て表で下書きが変わる,
2026-10-07 04:26,Slime,Slime_lose_inochi_boss,割り当て表で下書きが変わる,
2026-10-07 04:26,Slime,Slime_lose_inochi_e1,割り当て表で下書きが変わる,
2026-10-07 04:26,Slime,Slime_lose_inochi_e2,割り当て表で下書きが変わる,
2026-10-07 04:26,Slime,Slime_lose_inochi_e3,割り当て表で下書きが変わる,
2026-10-07 04:26,Slime,Slime_lose_inochi_m1,割り当て表で下書きが変わる,
2026-10-07 04:26,Slime,Slime_lose_inochi_m3,割り当て表で下書きが変わる,
2026-10-07 04:26,Slime,Slime_lose_onedari_e1,割り当て表で下書きが変わる,
2026-10-07 04:26,Slime,Slime_lose_onedari_e2,割り当て表で下書きが変わる,
2026-10-07 04:26,Slime,Slime_lose_onedari_m1,割り当て表で下書きが変わる,
2026-10-07 04:26,Slime,Slime_lose_onedari_m3,割り当て表で下書きが変わる,
2026-10-07 04:26,Snow,Snow_atk_boss,割り当て表で下書きが変わる,
2026-10-07 04:26,Snow,Snow_atk_e1,割り当て表で下書きが変わる,
2026-10-07 04:26,Snow,Snow_atk_e2,割り当て表で下書きが変わる,
2026-10-07 04:26,Snow,Snow_atk_e3,割り当て表で下書きが変わる,
2026-10-07 04:26,Snow,Snow_atk_m1,割り当て表で下書きが変わる,
2026-10-07 04:26,Snow,Snow_atk_m2,割り当て表で下書きが変わる,
2026-10-07 04:26,Snow,Snow_lose_btl_boss,割り当て表で下書きが変わる,
2026-10-07 04:26,Snow,Snow_lose_btl_e1,割り当て表で下書きが変わる,
2026-10-07 04:26,Snow,Snow_lose_btl_e2,割り当て表で下書きが変わる,
2026-10-07 04:26,Snow,Snow_lose_btl_e3,割り当て表で下書きが変わる,
2026-10-07 04:26,Snow,Snow_lose_btl_m2,割り当て表で下書きが変わる,
2026-10-07 04:26,Snow,Snow_lose_inochi_boss,割り当て表で下書きが変わる,
2026-10-07 04:26,Snow,Snow_lose_inochi_e1,割り当て表で下書きが変わる,
2026-10-07 04:26,Snow,Snow_lose_inochi_e2,割り当て表で下書きが変わる,
2026-10-07 04:26,Snow,Snow_lose_inochi_e3,割り当て表で下書きが変わる,
2026-10-07 04:26,Snow,Snow_lose_inochi_m1,割り当て表で下書きが変わる,
2026-10-07 04:26,Snow,Snow_lose_inochi_m2,割り当て表で下書きが変わる,
2026-10-07 04:26,Snow,Snow_lose_inochi_m3,割り当て表で下書きが変わる,
2026-10-07 04:26,Snow,Snow_lose_onedari_boss,割り当て表で下書きが変わる,
2026-10-07 04:26,Snow,Snow_lose_onedari_e1,割り当て表で下書きが変わる,
2026-10-07 04:26,Snow,Snow_lose_onedari_e2,割り当て表で下書きが変わる,
2026-10-07 04:26,Snow,Snow_lose_onedari_e3,割り当て表で下書きが変わる,
2026-10-07 04:26,Snow,Snow_lose_onedari_m3,割り当て表で下書きが変わる,
2026-10-07 04:26,Studio,Studio_atk_boss,割り当て表で下書きが変わる,
2026-10-07 04:26,Studio,Studio_atk_e1,割り当て表で下書きが変わる,
2026-10-07 04:26,Studio,Studio_atk_e2,割り当て表で下書きが変わる,
2026-10-07 04:26,Studio,Studio_atk_e3,割り当て表で下書きが変わる,
2026-10-07 04:26,Studio,Studio_atk_m1,割り当て表で下書きが変わる,
2026-10-07 04:26,Studio,Studio_lose_btl_boss,割り当て表で下書きが変わる,
2026-10-07 04:26,Studio,Studio_lose_btl_e1,割り当て表で下書きが変わる,
2026-10-07 04:26,Studio,Studio_lose_btl_e2,割り当て表で下書きが変わる,
2026-10-07 04:26,Studio,Studio_lose_btl_e3,割り当て表で下書きが変わる,
2026-10-07 04:26,Studio,Studio_lose_btl_m1,割り当て表で下書きが変わる,
2026-10-07 04:26,Studio,Studio_lose_btl_m2,割り当て表で下書きが変わる,
2026-10-07 04:26,Studio,Studio_lose_btl_m3,割り当て表で下書きが変わる,
2026-10-07 04:26,Studio,Studio_lose_inochi_boss,割り当て表で下書きが変わる,
2026-10-07 04:26,Studio,Studio_lose_inochi_e1,割り当て表で下書きが変わる,
2026-10-07 04:26,Studio,Studio_lose_inochi_e2,割り当て表で下書きが変わる,
2026-10-07 04:26,Studio,Studio_lose_inochi_e3,割り当て表で下書きが変わる,
2026-10-07 04:26,Studio,Studio_lose_inochi_m1,割り当て表で下書きが変わる,
2026-10-07 04:26,Studio,Studio_lose_inochi_m2,割り当て表で下書きが変わる,
2026-10-07 04:26,Studio,Studio_lose_inochi_m3,割り当て表で下書きが変わる,
2026-10-07 04:26,Studio,Studio_lose_onedari_boss,割り当て表で下書きが変わる,
2026-10-07 04:26,Studio,Studio_lose_onedari_e1,割り当て表で下書きが変わる,
2026-10-07 04:26,Studio,Studio_lose_onedari_e2,割り当て表で下書きが変わる,
2026-10-07 04:26,Studio,Studio_lose_onedari_e3,割り当て表で下書きが変わる,
2026-10-07 04:26,Studio,Studio_lose_onedari_m1,割り当て表で下書きが変わる,
2026-10-07 04:26,Studio,Studio_lose_onedari_m3,割り当て表で下書きが変わる,
2026-10-07 04:26,Summoner,Summoner_atk_boss,割り当て表で下書きが変わる,
2026-10-07 04:26,Summoner,Summoner_atk_e1,割り当て表で下書きが変わる,
2026-10-07 04:26,Summoner,Summoner_atk_m2,割り当て表で下書きが変わる,
2026-10-07 04:26,Summoner,Summoner_atk_m3,割り当て表で下書きが変わる,
2026-10-07 04:26,Summoner,Summoner_lose_btl_e1,割り当て表で下書きが変わる,
2026-10-07 04:26,Summoner,Summoner_lose_btl_e3,割り当て表で下書きが変わる,
2026-10-07 04:26,Summoner,Summoner_lose_btl_m3,割り当て表で下書きが変わる,
2026-10-07 04:26,Summoner,Summoner_lose_inochi_e1,割り当て表で下書きが変わる,
2026-10-07 04:26,Summoner,Summoner_lose_inochi_e3,割り当て表で下書きが変わる,
2026-10-07 04:26,Summoner,Summoner_lose_inochi_m1,割り当て表で下書きが変わる,
2026-10-07 04:26,Summoner,Summoner_lose_inochi_m2,割り当て表で下書きが変わる,
2026-10-07 04:26,Summoner,Summoner_lose_onedari_e1,割り当て表で下書きが変わる,
2026-10-07 04:26,Summoner,Summoner_lose_onedari_e3,割り当て表で下書きが変わる,
2026-10-07 04:26,Summoner,Summoner_lose_onedari_m1,割り当て表で下書きが変わる,
2026-10-07 04:26,Summoner,Summoner_lose_onedari_m3,割り当て表で下書きが変わる,
2026-10-07 04:26,Train,Train_atk_boss,割り当て表で下書きが変わる,
2026-10-07 04:26,Train,Train_atk_e1,割り当て表で下書きが変わる,
2026-10-07 04:26,Train,Train_atk_e2,割り当て表で下書きが変わる,
2026-10-07 04:26,Train,Train_atk_e3,割り当て表で下書きが変わる,
2026-10-07 04:26,Train,Train_atk_m1,割り当て表で下書きが変わる,
2026-10-07 04:26,Train,Train_atk_m2,割り当て表で下書きが変わる,
2026-10-07 04:26,Train,Train_lose_btl_boss,割り当て表で下書きが変わる,
2026-10-07 04:26,Train,Train_lose_btl_e1,割り当て表で下書きが変わる,
2026-10-07 04:26,Train,Train_lose_btl_e2,割り当て表で下書きが変わる,
2026-10-07 04:26,Train,Train_lose_btl_e3,割り当て表で下書きが変わる,
2026-10-07 04:26,Train,Train_lose_btl_m1,割り当て表で下書きが変わる,
2026-10-07 04:26,Train,Train_lose_btl_m2,割り当て表で下書きが変わる,
2026-10-07 04:26,Train,Train_lose_btl_m3,割り当て表で下書きが変わる,
2026-10-07 04:26,Train,Train_lose_inochi_boss,割り当て表で下書きが変わる,
2026-10-07 04:26,Train,Train_lose_inochi_e1,割り当て表で下書きが変わる,
2026-10-07 04:26,Train,Train_lose_inochi_e2,割り当て表で下書きが変わる,
2026-10-07 04:26,Train,Train_lose_inochi_m1,割り当て表で下書きが変わる,
2026-10-07 04:26,Train,Train_lose_inochi_m2,割り当て表で下書きが変わる,
2026-10-07 04:26,Train,Train_lose_inochi_m3,割り当て表で下書きが変わる,
2026-10-07 04:26,Train,Train_lose_onedari_boss,割り当て表で下書きが変わる,
2026-10-07 04:26,Train,Train_lose_onedari_e1,割り当て表で下書きが変わる,
2026-10-07 04:26,Train,Train_lose_onedari_e2,割り当て表で下書きが変わる,
2026-10-07 04:26,Train,Train_lose_onedari_e3,割り当て表で下書きが変わる,
2026-10-07 04:26,Train,Train_lose_onedari_m1,割り当て表で下書きが変わる,
2026-10-07 04:26,Train,Train_lose_onedari_m2,割り当て表で下書きが変わる,
2026-10-07 04:26,Train,Train_lose_onedari_m3,割り当て表で下書きが変わる,
2026-10-07 04:26,Tutor,Tutor_atk_boss,割り当て表で下書きが変わる,
2026-10-07 04:26,Tutor,Tutor_atk_e1,割り当て表で下書きが変わる,
2026-10-07 04:26,Tutor,Tutor_atk_e2,割り当て表で下書きが変わる,
2026-10-07 04:26,Tutor,Tutor_atk_e3,割り当て表で下書きが変わる,
2026-10-07 04:26,Tutor,Tutor_atk_m1,割り当て表で下書きが変わる,
2026-10-07 04:26,Tutor,Tutor_atk_m2,割り当て表で下書きが変わる,
2026-10-07 04:26,Tutor,Tutor_atk_m3,割り当て表で下書きが変わる,
2026-10-07 04:26,Tutor,Tutor_lose_btl_boss,割り当て表で下書きが変わる,
2026-10-07 04:26,Tutor,Tutor_lose_btl_e1,割り当て表で下書きが変わる,
2026-10-07 04:26,Tutor,Tutor_lose_btl_e2,割り当て表で下書きが変わる,
2026-10-07 04:26,Tutor,Tutor_lose_btl_e3,割り当て表で下書きが変わる,
2026-10-07 04:26,Tutor,Tutor_lose_btl_m1,割り当て表で下書きが変わる,
2026-10-07 04:26,Tutor,Tutor_lose_btl_m2,割り当て表で下書きが変わる,
2026-10-07 04:26,Tutor,Tutor_lose_btl_m3,割り当て表で下書きが変わる,
2026-10-07 04:26,Tutor,Tutor_lose_inochi_boss,割り当て表で下書きが変わる,
2026-10-07 04:26,Tutor,Tutor_lose_inochi_e2,割り当て表で下書きが変わる,
2026-10-07 04:26,Tutor,Tutor_lose_inochi_m1,割り当て表で下書きが変わる,
2026-10-07 04:26,Tutor,Tutor_lose_inochi_m2,割り当て表で下書きが変わる,
2026-10-07 04:26,Tutor,Tutor_lose_inochi_m3,割り当て表で下書きが変わる,
2026-10-07 04:26,Tutor,Tutor_lose_onedari_boss,割り当て表で下書きが変わる,
2026-10-07 04:26,Tutor,Tutor_lose_onedari_e1,割り当て表で下書きが変わる,
2026-10-07 04:26,Tutor,Tutor_lose_onedari_e2,割り当て表で下書きが変わる,
2026-10-07 04:26,Tutor,Tutor_lose_onedari_m1,割り当て表で下書きが変わる,
2026-10-07 04:26,Tutor,Tutor_lose_onedari_m2,割り当て表で下書きが変わる,
2026-10-07 04:26,Tutor,Tutor_lose_onedari_m3,割り当て表で下書きが変わる,
2026-10-07 04:26,Twins,Twins_atk_boss,割り当て表で下書きが変わる,
2026-10-07 04:26,Twins,Twins_atk_e1,割り当て表で下書きが変わる,
2026-10-07 04:26,Twins,Twins_atk_e2,割り当て表で下書きが変わる,
2026-10-07 04:26,Twins,Twins_atk_e3,割り当て表で下書きが変わる,
2026-10-07 04:26,Twins,Twins_atk_m1,割り当て表で下書きが変わる,
2026-10-07 04:26,Twins,Twins_atk_m3,割り当て表で下書きが変わる,
2026-10-07 04:26,Twins,Twins_lose_btl_boss,割り当て表で下書きが変わる,
2026-10-07 04:26,Twins,Twins_lose_btl_e1,割り当て表で下書きが変わる,
2026-10-07 04:26,Twins,Twins_lose_btl_e2,割り当て表で下書きが変わる,
2026-10-07 04:26,Twins,Twins_lose_btl_e3,割り当て表で下書きが変わる,
2026-10-07 04:26,Twins,Twins_lose_btl_m3,割り当て表で下書きが変わる,
2026-10-07 04:26,Twins,Twins_lose_inochi_boss,割り当て表で下書きが変わる,
2026-10-07 04:26,Twins,Twins_lose_inochi_e1,割り当て表で下書きが変わる,
2026-10-07 04:26,Twins,Twins_lose_inochi_e2,割り当て表で下書きが変わる,
2026-10-07 04:26,Twins,Twins_lose_inochi_e3,割り当て表で下書きが変わる,
2026-10-07 04:26,Twins,Twins_lose_inochi_m1,割り当て表で下書きが変わる,
2026-10-07 04:26,Twins,Twins_lose_inochi_m2,割り当て表で下書きが変わる,
2026-10-07 04:26,Twins,Twins_lose_inochi_m3,割り当て表で下書きが変わる,
2026-10-07 04:26,Twins,Twins_lose_onedari_e2,割り当て表で下書きが変わる,
2026-10-07 04:26,Twins,Twins_lose_onedari_e3,割り当て表で下書きが変わる,
2026-10-07 04:26,Twins,Twins_lose_onedari_m1,割り当て表で下書きが変わる,
2026-10-07 04:26,Twins,Twins_lose_onedari_m2,割り当て表で下書きが変わる,
2026-10-07 04:26,Twins,Twins_lose_onedari_m3,割り当て表で下書きが変わる,
2026-10-07 04:26,Vampire,Vampire_atk_e1,割り当て表で下書きが変わる,
2026-10-07 04:26,Vampire,Vampire_atk_e2,割り当て表で下書きが変わる,
2026-10-07 04:26,Vampire,Vampire_atk_e3,割り当て表で下書きが変わる,
2026-10-07 04:26,Vampire,Vampire_atk_m1,割り当て表で下書きが変わる,
2026-10-07 04:26,Vampire,Vampire_atk_m2,割り当て表で下書きが変わる,
2026-10-07 04:26,Vampire,Vampire_atk_m3,割り当て表で下書きが変わる,
2026-10-07 04:26,Vampire,Vampire_lose_btl_boss,割り当て表で下書きが変わる,
2026-10-07 04:26,Vampire,Vampire_lose_btl_e2,割り当て表で下書きが変わる,
2026-10-07 04:26,Vampire,Vampire_lose_btl_m1,割り当て表で下書きが変わる,
2026-10-07 04:26,Vampire,Vampire_lose_btl_m2,割り当て表で下書きが変わる,
2026-10-07 04:26,Vampire,Vampire_lose_btl_m3,割り当て表で下書きが変わる,
2026-10-07 04:26,Vampire,Vampire_lose_inochi_boss,割り当て表で下書きが変わる,
2026-10-07 04:26,Vampire,Vampire_lose_inochi_e1,割り当て表で下書きが変わる,
2026-10-07 04:26,Vampire,Vampire_lose_inochi_e2,割り当て表で下書きが変わる,
2026-10-07 04:26,Vampire,Vampire_lose_inochi_e3,割り当て表で下書きが変わる,
2026-10-07 04:26,Vampire,Vampire_lose_inochi_m1,割り当て表で下書きが変わる,
2026-10-07 04:26,Vampire,Vampire_lose_inochi_m2,割り当て表で下書きが変わる,
2026-10-07 04:26,Vampire,Vampire_lose_onedari_e2,割り当て表で下書きが変わる,
2026-10-07 04:26,Vampire,Vampire_lose_onedari_e3,割り当て表で下書きが変わる,
2026-10-07 04:26,Vampire,Vampire_lose_onedari_m1,割り当て表で下書きが変わる,
2026-10-07 04:26,Witch,Witch_atk_boss,割り当て表で下書きが変わる,
2026-10-07 04:26,Witch,Witch_atk_e1,割り当て表で下書きが変わる,
2026-10-07 04:26,Witch,Witch_atk_e2,割り当て表で下書きが変わる,
2026-10-07 04:26,Witch,Witch_atk_e3,割り当て表で下書きが変わる,
2026-10-07 04:26,Witch,Witch_atk_m1,割り当て表で下書きが変わる,
2026-10-07 04:26,Witch,Witch_atk_m2,割り当て表で下書きが変わる,
2026-10-07 04:26,Witch,Witch_atk_m3,割り当て表で下書きが変わる,
2026-10-07 04:26,Witch,Witch_lose_btl_e1,割り当て表で下書きが変わる,
2026-10-07 04:26,Witch,Witch_lose_btl_e2,割り当て表で下書きが変わる,
2026-10-07 04:26,Witch,Witch_lose_btl_e3,割り当て表で下書きが変わる,
2026-10-07 04:26,Witch,Witch_lose_btl_m1,割り当て表で下書きが変わる,
2026-10-07 04:26,Witch,Witch_lose_btl_m2,割り当て表で下書きが変わる,
2026-10-07 04:26,Witch,Witch_lose_btl_m3,割り当て表で下書きが変わる,
2026-10-07 04:26,Witch,Witch_lose_inochi_boss,割り当て表で下書きが変わる,
2026-10-07 04:26,Witch,Witch_lose_inochi_e2,割り当て表で下書きが変わる,
2026-10-07 04:26,Witch,Witch_lose_inochi_e3,割り当て表で下書きが変わる,
2026-10-07 04:26,Witch,Witch_lose_inochi_m1,割り当て表で下書きが変わる,
2026-10-07 04:26,Witch,Witch_lose_inochi_m2,割り当て表で下書きが変わる,
2026-10-07 04:26,Witch,Witch_lose_inochi_m3,割り当て表で下書きが変わる,
2026-10-07 04:26,Witch,Witch_lose_onedari_boss,割り当て表で下書きが変わる,
2026-10-07 04:26,Witch,Witch_lose_onedari_e1,割り当て表で下書きが変わる,
2026-10-07 04:26,Witch,Witch_lose_onedari_e2,割り当て表で下書きが変わる,
2026-10-07 04:26,Witch,Witch_lose_onedari_m2,割り当て表で下書きが変わる,
2026-10-07 04:26,Witch,Witch_lose_onedari_m3,割り当て表で下書きが変わる,
