番号,ファイル名,採用,備考
c0001,c0001_スクリーンショット 2026-10-02 223703.png,,
c0002,c0002_スクリーンショット 2026-10-02 223740.png,,
c0003,c0003_スクリーンショット 2026-10-02 223753.png,,
c0004,c0004_スクリーンショット 2026-10-02 223801.png,見送り,c0003 とほぼ同じ（差 7.9）
c0005,c0005_スクリーンショット 2026-10-02 223810.png,,
c0006,c0006_スクリーンショット 2026-10-02 223814.png,見送り,c0005 とほぼ同じ（差 4.3）
c0007,c0007_スクリーンショット 2026-10-02 223850.png,,
c0008,c0008_スクリーンショット 2026-10-02 223932.png,,
c0009,c0009_スクリーンショット 2026-10-02 223938.png,,
c0010,c0010_スクリーンショット 2026-10-02 223959.png,,
c0011,c0011_スクリーンショット 2026-10-02 224004.png,,
c0012,c0012_スクリーンショット 2026-10-02 224020.png,,
c0013,c0013_スクリーンショット 2026-10-02 224028.png,,
c0014,c0014_スクリーンショット 2026-10-02 224200.png,,
c0015,c0015_スクリーンショット 2026-10-02 224302.png,,
c0016,c0016_スクリーンショット 2026-10-02 224316.png,,
c0017,c0017_スクリーンショット 2026-10-02 224327.png,,
c0018,c0018_peg_fours_front.png,,
c0019,c0019_peg_fours_front_2.png,,
c0020,c0020_nipple_pov_straddle.png,,
c0021,c0021_inverted_seated_toy.png,,
c0022,c0022_stand_embrace_back.png,,
c0023,c0023_スクリーンショット 2026-10-02 225121.png,,
c0024,c0024_スクリーンショット 2026-10-02 225154.png,,
c0025,c0025_スクリーンショット 2026-10-02 225232.png,,
c0026,c0026_スクリーンショット 2026-10-02 225308.png,,
c0027,c0027_スクリーンショット 2026-10-02 225334.png,,
c0028,c0028_スクリーンショット 2026-10-02 225405.png,,
c0029,c0029_スクリーンショット 2026-10-02 225431.png,,
c0030,c0030_スクリーンショット 2026-10-02 225449.png,,
c0031,c0031_スクリーンショット 2026-10-02 225520.png,,
c0032,c0032_スクリーンショット 2026-10-02 225617.png,,
c0033,c0033_スクリーンショット 2026-10-02 225713.png,,
c0034,c0034_スクリーンショット 2026-10-02 225744.png,見送り,c0033 とほぼ同じ（差 7.4）
c0035,c0035_スクリーンショット 2026-10-02 225813.png,,
c0036,c0036_スクリーンショット 2026-10-02 225830.png,,
c0037,c0037_スクリーンショット 2026-10-02 230650.png,,
c0038,c0038_スクリーンショット 2026-10-02 230837.png,,
c0039,c0039_スクリーンショット 2026-10-02 230853.png,,
c0040,c0040_スクリーンショット 2026-10-02 230903.png,見送り,c0039 とほぼ同じ（差 10.4）
c0041,c0041_スクリーンショット 2026-10-02 230917.png,,
c0042,c0042_スクリーンショット 2026-10-02 231017.png,,
c0043,c0043_スクリーンショット 2026-10-02 231036.png,,
c0044,c0044_スクリーンショット 2026-10-02 231114.png,,
c0045,c0045_スクリーンショット 2026-10-02 231206.png,,
c0046,c0046_スクリーンショット 2026-10-02 231236.png,,
c0047,c0047_スクリーンショット 2026-10-02 231300.png,,
c0048,c0048_スクリーンショット 2026-10-02 231817.png,,
c0049,c0049_スクリーンショット 2026-10-02 232012.png,,
c0050,c0050_スクリーンショット 2026-10-02 232903.png,,
c0051,c0051_スクリーンショット 2026-10-02 233113.png,,
c0052,c0052_スクリーンショット 2026-10-02 233142.png,,
c0053,c0053_スクリーンショット 2026-10-02 233213.png,見送り,c0052 とほぼ同じ（差 12.7）
c0054,c0054_スクリーンショット 2026-10-02 233220.png,見送り,c0052 とほぼ同じ（差 16.6）
c0055,c0055_スクリーンショット 2026-10-02 233309.png,,
c0056,c0056_スクリーンショット 2026-10-02 233344.png,,
