MOD,場面,状態,字数_前,字数_後,日付
Rosetta_MOD,バックアップ,済,,,2026-10-07
Rosetta_MOD,@敗北_ロゼッタ(見本を置く),済,11166,14679,2026-10-07
Rosetta_MOD,生徒→性奴隷(従者・魔法・罠ほか),済(該当なし),,,2026-10-07
Rosetta_MOD,@敗北_エルザ,済,9433,11191,2026-10-07
Rosetta_MOD,@敗北_ヴィヴィアン,済,9093,10580,2026-10-07
Rosetta_MOD,@敗北_ミレーユ,済,9171,11176,2026-10-07
Rosetta_MOD,@敗北_オナニー,済,7007,7992,2026-10-07
Rosetta_MOD,スタック(上限12・印・数字),案を提示して止まり中,,,2026-10-07
Rosetta_MOD,スタック(上限12・印・数字),済(実機確認待ち),,,2026-10-07
全MOD,第2段 調査(書き換えなし),済(報告して止まり中),,,2026-10-07
N119_Venus_MOD,第3段 見本 28本(カード・tools.zipのscen・読む用),済(確認待ち),113184,130260,2026-10-07
N119_Venus_MOD,見本OK・最後の射精行をフラッシュ桃に(28)・汎用の道具で入れ直し,済,108172,124980,2026-10-07
N1_Host_MOD_v4,第4段 24本(m1の4本は前の責めだけで直さず)・カード・読む用,済,180721,197444,2026-10-07
N41_Nekomata_MOD,第4段 28本・カード・tools.zipのscen・読む用,済,203952,227455,2026-10-07
N18_Lamia_MOD,第4段 28本・カード(読む用.mdは古い写しで写せず)、,済,216185,239018,2026-10-07
N3_Inma_MOD_v4,第4段 12本(読む用も),済,92054,102166,2026-10-07
N7_Inmon_MOD_v4,第4段 15本(読む用も),済,111881,120773,2026-10-07
N2_Circle_MOD_v4,第4段 22本(読む用も),済,163148,175126,2026-10-07
N5_Witch_MOD_v4,第4段 24本(読む用も),済,178427,191374,2026-10-07
N4_Android_MOD_v4,第4段 21本(読む用も),済,155533,167994,2026-10-07
N8_Esthe_MOD_v4,第4段 13本(読む用も),済,95379,104217,2026-10-07
N11_Slime_MOD_v4,第4段 18本(読む用も),済,135790,145938,2026-10-07
N6_Puppet_MOD_v4,第4段 24本(読む用も),済,175445,189694,2026-10-07
N10_Lab_MOD_v4,第4段 26本(読む用も),済,190783,206969,2026-10-07
N13_CrossCafe_MOD_v4,第4段 28本(読む用も),済,207676,224477,2026-10-07
N9_Clinic_MOD_v4,第4段 28本(読む用も),済,207169,222454,2026-10-07
N12_Salon_MOD_v4,第4段 28本(読む用も),済,206483,224329,2026-10-07
N14_Idol_MOD_v4,第4段 28本(読む用も),済,208034,226529,2026-10-07
N15_Dorm_MOD_v4,第4段 28本(読む用も),済,210368,226585,2026-10-07
N17_Scylla_MOD,第4段 24本(読む用も),済,187237,207535,2026-10-07
N19_Twins_MOD,第4段 27本(読む用も),済,204609,222971,2026-10-07
N20_Vampire_MOD,第4段 24本(読む用は写せず),済,180005,198196,2026-10-07
N16_Alraune_MOD,第4段 24本(読む用も・読む用は写せず),済,178676,197217,2026-10-07
N21_Hive_MOD,第4段 24本(読む用も),済,186626,202113,2026-10-07
N23_Heels_MOD,第4段 28本(読む用は写せず),済,203325,225964,2026-10-07
N24_Maid_MOD,第4段 28本(読む用は写せず),済,204732,224351,2026-10-07
N22_Prison_MOD,第4段 28本(読む用も),済,208379,225669,2026-10-07
N26_Kitsune_MOD,第4段 24本(読む用は写せず),済,184905,199760,2026-10-07
N27_Knight_MOD,第4段 21本(読む用も),済,159552,173136,2026-10-07
N25_Auction_MOD,第4段 28本(読む用は写せず),済,204775,225259,2026-10-07
N28_Gym_MOD,第4段 25本(読む用は写せず),済,191318,206711,2026-10-07
N29_Summoner_MOD,第4段 25本(読む用も),済,201861,221008,2026-10-07
N30_Ninja_MOD,第4段 24本(読む用は写せず・scen一部写せず),済,184408,201568,2026-10-07
N33_Dream_MOD,第4段 20本(読む用は写せず・scen一部写せず),済,146956,161259,2026-10-07
N34_Library_MOD,第4段 26本(読む用も),済,187592,205389,2026-10-07
N32_Arachne_MOD,第4段 24本(読む用も),済,174763,192054,2026-10-07
N35_Angel_MOD,第4段 24本(読む用も),済,172701,193221,2026-10-07
N31_Onsen_MOD,第4段 24本(読む用は写せず),済,173609,190754,2026-10-07
N36_Harem_MOD,第4段 25本(読む用も),済,185984,202237,2026-10-07
N37_Dragon_MOD,第4段 24本(読む用も),済,174516,189968,2026-10-08
N38_Tutor_MOD,第4段 19本(読む用も),済,139834,154294,2026-10-08
N28_Gym_MOD,第4段 25本(読む用も),済,191318,206711,2026-10-08
N42_Snow_MOD,第4段 20本(読む用も),済,145295,159786,2026-10-08
N46_ShowPub_MOD,第4段 17本(読む用は写せず・scen一部写せず),済,49225,61412,2026-10-08
N39_DarkElf_MOD,第4段 24本(読む用は写せず・scen一部写せず),済,174212,189063,2026-10-08
N47_Oiran_MOD,第4段 16本(読む用は写せず),済,45945,57634,2026-10-08
N43_Oni_MOD,第4段 24本(読む用も),済,174858,191998,2026-10-08
N45_Train_MOD,第4段 28本(読む用も),済,209484,228941,2026-10-08
N44_Mimic_MOD,第4段 28本(読む用は写せず),済,205383,223832,2026-10-08
N48_Office_MOD,第4段 20本(読む用は写せず・scen一部写せず),済,59090,73797,2026-10-08
N49_Lingerie_MOD,第4段 28本(読む用は写せず),済,79519,96741,2026-10-08
N40_Casino_MOD,第4段 26本(読む用も),済,191133,211927,2026-10-08
N50_GhostShip_MOD,第4段 16本(読む用は写せず),済,45989,58615,2026-10-08
N51_Alchemy_MOD,第4段 23本(読む用は写せず),済,65793,81160,2026-10-08
N52_Masque_MOD,第4段 22本(読む用は写せず・scen一部写せず),済,64262,81755,2026-10-08
N56_Luna_MOD,第4段 18本(読む用は写せず),済,52278,64360,2026-10-08
N53_Fortune_MOD,第4段 20本(読む用は写せず・scen一部写せず),済,56935,72065,2026-10-08
N54_Revue_MOD,第4段 28本(読む用は写せず・scen一部写せず),済,82032,100201,2026-10-08
N55_Studio_MOD,第4段 27本(読む用は写せず),済,78998,95859,2026-10-08
N58_Circus_MOD,第4段 20本(読む用は写せず),済,59110,72648,2026-10-08
N60_Starship_MOD,第4段 24本(読む用は写せず),済,69707,84326,2026-10-08
N62_Eruru_MOD,第4段 16本(読む用は写せず),済,58081,66857,2026-10-08
N57_Police_MOD,第4段 16本(読む用は写せず),済,46079,59985,2026-10-08
N63_Exam_MOD,第4段 18本(読む用は写せず),済,68911,78505,2026-10-08
N59_Candy_MOD,第4段 20本(読む用は写せず・scen一部写せず),済,58445,72351,2026-10-08
N65_Flower_MOD,第4段 12本(読む用は写せず),済,46318,54577,2026-10-08
N61_Konoha_MOD,第4段 21本(読む用は写せず),済,77156,88674,2026-10-08
N64_Sister_MOD,第4段 24本(読む用は写せず),済,93110,106307,2026-10-08
N68_Patra_MOD,第4段 13本(読む用は写せず),済,49316,57220,2026-10-08
N66_Tavern_MOD,第4段 28本(読む用は写せず),済,107988,122109,2026-10-08
N67_Octa_MOD,第4段 18本(読む用は写せず),済,68819,79695,2026-10-08
N66_Tavern_MOD,第4段 28本(読む用は写せず),済,107988,122209,2026-10-08
N69_Cammy_MOD,第4段 20本(読む用は写せず),済,77142,86807,2026-10-08
N70_Neneko_MOD,第4段 21本(読む用は写せず),済,80637,92210,2026-10-08
N72_Yatsume_MOD,第4段 14本(読む用は写せず),済,53942,65939,2026-10-08
N71_Eiraira_MOD,第4段 16本(読む用は写せず),済,61048,70254,2026-10-08
N73_Musashi_MOD,第4段 13本(読む用は写せず),済,50233,60248,2026-10-08
N75_SEruru_MOD,第4段 12本(読む用は写せず),済,46188,55447,2026-10-08
N77_Sylvia_MOD,第4段 12本(読む用も),済,46376,54799,2026-10-08
N78_Kiss_MOD,第4段 10本(読む用も),済,39091,48314,2026-10-08
N76_Gemini_MOD,第4段 20本(読む用も),済,76947,89970,2026-10-08
N79_Perfume_MOD,第4段 28本(読む用も),済,107716,124774,2026-10-08
N79_Perfume_MOD,第4段 28本(読む用も),済,107716,124774,2026-10-08
N80_Queen_MOD,第4段 16本(読む用も),済,61584,73115,2026-10-08
N81_Inn_MOD,第4段 15本(読む用も),済,57783,68243,2026-10-08
N74_Necro_MOD,第4段 23本(読む用は写せず),済,84140,95992,2026-10-08
N82_Ranch_MOD,第4段 20本(読む用も),済,77180,91649,2026-10-08
N84_Centaur_MOD,第4段 23本(読む用も),済,88543,101103,2026-10-08
N85_Labyrinth_MOD,第4段 23本(読む用も),済,88173,103696,2026-10-08
N83_Tengu_MOD,第4段 20本(読む用も),済,76859,91825,2026-10-08
N88_Tea_MOD,第4段 27本(読む用も),済,103666,117476,2026-10-08
N87_Atelier_MOD,第4段 14本(読む用も),済,53722,62979,2026-10-08
N86_Military_MOD,第4段 27本(読む用も),済,103496,119565,2026-10-08
N91_Underworld_MOD,第4段 12本(読む用も),済,46030,57765,2026-10-08
N90_General_MOD,第4段 20本(読む用も),済,77028,90736,2026-10-08
N89_Bride_MOD,第4段 28本(読む用も),済,107230,127346,2026-10-08
N92_Spirit_MOD,第4段 24本(読む用も),済,92270,109751,2026-10-08
N97_Mirror_MOD,第4段 12本(読む用も),済,46244,54638,2026-10-08
N93_Moth_MOD,第4段 24本(読む用も),済,92194,110415,2026-10-08
N94_Werewolf_MOD,第4段 26本(読む用も・scen一部写せず),済,99978,114598,2026-10-08
N96_Clock_MOD,第4段 16本(読む用も),済,61843,72232,2026-10-08
N95_Smith_MOD,第4段 23本(読む用も),済,89041,105174,2026-10-08
N98_Beach_MOD,第4段 20本(読む用も),済,76954,92349,2026-10-08
N100_Sphinx_MOD,第4段 12本(読む用も),済,46095,55545,2026-10-08
N98_Beach_MOD,第4段 20本(読む用も),済,76954,92353,2026-10-08
N99_Medusa_MOD,第4段 16本(読む用も),済,61489,71857,2026-10-08
N101_Valkyrie_MOD,第4段 12本(読む用も),済,46201,55459,2026-10-08
N106_Genji_MOD,第4段 28本(読む用も),済,108314,135467,2026-10-08
N105_Sky_MOD,第4段 24本(読む用も),済,92583,107868,2026-10-08
Ruin_MOD,第4段 5本,済,30989,34247,2026-10-07
N110_Poseidon_MOD,第4段 24本(読む用も),済,92823,113983,2026-10-07
N103_Amazon_MOD,第4段 28本(読む用は写せず・scen一部写せず),済,107832,131418,2026-10-07
N104_Shrine_MOD,第4段 28本(読む用も),済,108769,123024,2026-10-07
N107_Tensho_MOD,第4段 25本(読む用も),済,96947,117764,2026-10-07
N108_Queens_MOD,第4段 28本(読む用も),済,110245,141341,2026-10-07
N109_Yamatai_MOD,第4段 28本(読む用も),済,109770,133619,2026-10-07
N111_Seraph_MOD,第4段 28本(読む用も),済,110305,135435,2026-10-07
N114_PandoraFarm_MOD,第4段 28本(読む用も),済,109400,136179,2026-10-07
N112_Sphinx2_MOD,第4段 28本(読む用も),済,108767,132273,2026-10-07
N102_Pawn_MOD,第4段 28本(読む用も),済,107032,123110,2026-10-07
N115_Hakai_MOD,第4段 28本(読む用も),済,109935,137508,2026-10-07
N113_Ranch2_MOD,第4段 28本(読む用も・scen一部写せず),済,111358,137171,2026-10-07
N117_Konton_MOD,第4段 28本(読む用は写せず),済,109489,134564,2026-10-07
N116_Sosei_MOD,第4段 28本(読む用も),済,108715,140042,2026-10-07
N116_Sosei_MOD,第4段 28本(読む用も),済,108715,140346,2026-10-07
N122_Queen2_MOD,第4段 20本(読む用も),済,79442,100699,2026-10-07
N124_Dominia2_MOD,第4段 28本(読む用も・scen一部写せず),済,111934,135970,2026-10-07
N125_LastTower_MOD,第4段 28本(読む用も),済,108030,137724,2026-10-07
N118_Yumir_MOD,第4段 28本(読む用も),済,108932,139693,2026-10-07
