取り込んだ名前,構図候補での元の名前
alt_ashikoki.png,（構図候補に無い）
alt_ashikoki_2.png,（構図候補に無い）
alt_ashikoki_3.png,（構図候補に無い）
alt_ashikoki_4.png,（構図候補に無い）
alt_ashikoki_5.png,（構図候補に無い）
alt_ashikoki_6.png,（構図候補に無い）
alt_ashikoki_7.png,（構図候補に無い）
alt_ashikoki_8.png,（構図候補に無い）
alt_thigh_top.png,（構図候補に無い）
alt_thigh_top_2.png,（構図候補に無い）
alt_thigh_top_3.png,（構図候補に無い）
alt_thigh_top_4.png,（構図候補に無い）
alt_thigh_top_5.png,（構図候補に無い）
alt_thigh_top_6.png,alt_thigh_top\alt_thigh_top_00001_.png
alt_thigh_top_7.png,alt_thigh_top\alt_thigh_top_00003_.png
alt_thigh_top_8.png,alt_thigh_top\alt_thigh_top_00007_.png
alt_thigh_top_9.png,alt_thigh_top\alt_thigh_top_00008_.png
anilingus_pov_close.png,（構図候補に無い）
anilingus_pov_close_2.png,（構図候補に無い）
anilingus_pov_legs_up_hj.png,（構図候補に無い）
anilingus_pov_legs_up_hj_2.png,（構図候補に無い）
anilingus_pov_legs_up_hj_3.png,（構図候補に無い）
anilingus_side_fours_hj.png,（構図候補に無い）
anilingus_stand_bent_squat.png,（構図候補に無い）
arachne.png,（構図候補に無い）
arachne_10.png,arachne\arachne_00007_.png
arachne_11.png,arachne\arachne_00008_.png
arachne_12.png,arachne\arachne_00010_.png
arachne_2.png,（構図候補に無い）
arachne_3.png,（構図候補に無い）
arachne_4.png,（構図候補に無い）
arachne_5.png,（構図候補に無い）
arachne_6.png,arachne\arachne_00001_.png
arachne_7.png,arachne\arachne_00003_.png
arachne_8.png,arachne\arachne_00004_.png
arachne_9.png,arachne\arachne_00005_.png
armpit.png,（構図候補に無い）
armpit_10.png,armpit\armpit_00005_.png
armpit_11.png,armpit\armpit_00007_.png
armpit_12.png,armpit\armpit_00011_.png
armpit_2.png,（構図候補に無い）
armpit_3.png,（構図候補に無い）
armpit_4.png,（構図候補に無い）
armpit_5.png,（構図候補に無い）
armpit_6.png,armpit\armpit_00001_.png
armpit_7.png,armpit\armpit_00002_.png
armpit_8.png,armpit\armpit_00003_.png
armpit_9.png,armpit\armpit_00004_.png
armpit_face_lying_hj.png,（構図候補に無い）
armpit_headlock_side_hj.png,（構図候補に無い）
armpit_job_b.png,（構図候補に無い）
armpit_job_b_2.png,（構図候補に無い）
armpit_job_b_3.png,（構図候補に無い）
armpit_job_b_4.png,（構図候補に無い）
armpit_job_stand.png,（構図候補に無い）
armpit_job_stand_2.png,（構図候補に無い）
armpit_pov_front.png,（構図候補に無い）
armpit_stand_front.png,（構図候補に無い）
behind_hug_bust.png,（構図候補に無い）
behind_hug_bust_2.png,（構図候補に無い）
behind_hug_seated_b.png,（構図候補に無い）
behind_hug_seated_b_2.png,（構図候補に無い）
between_legs_sit_lying.png,（構図候補に無い）
between_legs_sit_lying_2.png,between_legs_sit_lying\between_legs_sit_lying_00001_.png
between_legs_sit_lying_3.png,between_legs_sit_lying\between_legs_sit_lying_00002_.png
between_legs_sit_lying_4.png,between_legs_sit_lying\between_legs_sit_lying_00003_.png
between_legs_sit_lying_5.png,between_legs_sit_lying\between_legs_sit_lying_00004_.png
between_legs_sit_lying_6.png,between_legs_sit_lying\between_legs_sit_lying_00005_.png
between_legs_sit_lying_7.png,between_legs_sit_lying\between_legs_sit_lying_00006_.png
between_legs_sit_lying_8.png,between_legs_sit_lying\between_legs_sit_lying_00007_.png
between_legs_sit_lying_9.png,between_legs_sit_lying\between_legs_sit_lying_00008_.png
bloodsuck_behind.png,（構図候補に無い）
bloodsuck_behind_b.png,（構図候補に無い）
bloodsuck_behind_b_2.png,（構図候補に無い）
bloodsuck_p.png,（構図候補に無い）
bloodsuck_p_2.png,（構図候補に無い）
bloodsuck_p_3.png,（構図候補に無い）
bloodsuck_p_4.png,bloodsuck_p\bloodsuck_p_00001_.png
bloodsuck_p_5.png,bloodsuck_p\bloodsuck_p_00003_.png
bloodsuck_p_6.png,bloodsuck_p\bloodsuck_p_00005_.png
bloodsuck_p_7.png,bloodsuck_p\bloodsuck_p_00006_.png
bloodsuck_p_8.png,bloodsuck_p\bloodsuck_p_00007_.png
bondage_p.png,（構図候補に無い）
bondage_p_2.png,（構図候補に無い）
bondage_p_3.png,（構図候補に無い）
bondage_p_4.png,bound_bed_above\bound_bed_above_00001_.png
bondage_p_5.png,bondage_p\bondage_p_00001_.png
bondage_p_6.png,bondage_p\bondage_p_00003_.png
bondage_p_7.png,bondage_p\bondage_p_00004_.png
bondage_p_8.png,bondage_p\bondage_p_00006_.png
bondage_p_9.png,bondage_p\bondage_p_00007_.png
bound_bed_above.png,bound_bed_above\bound_bed_above_00002_.png
bound_bed_above_2.png,bound_bed_above\bound_bed_above_00005_.png
bound_bed_above_3.png,bound_bed_above\bound_bed_above_00007_.png
bound_chair_front.png,（構図候補に無い）
bound_chair_front_2.png,bound_chair_front\bound_chair_front_00002_.png
bound_chair_front_3.png,bound_chair_front\bound_chair_front_00004_.png
bound_chair_front_4.png,bound_chair_front\bound_chair_front_00006_.png
bound_chair_front_5.png,bound_chair_front\bound_chair_front_00008_.png
bound_spread_eagle.png,bound_spread_eagle\bound_spread_eagle_00001_.png
bound_spread_eagle_2.png,bound_spread_eagle\bound_spread_eagle_00002_.png
bound_spread_eagle_3.png,bound_spread_eagle\bound_spread_eagle_00003_.png
bound_spread_eagle_4.png,bound_spread_eagle\bound_spread_eagle_00004_.png
bound_spread_eagle_5.png,bound_spread_eagle\bound_spread_eagle_00005_.png
bound_spread_eagle_6.png,bound_spread_eagle\bound_spread_eagle_00006_.png
bound_spread_eagle_7.png,bound_spread_eagle\bound_spread_eagle_00007_.png
bound_spread_eagle_8.png,bound_spread_eagle\bound_spread_eagle_00008_.png
bound_stand_front.png,（構図候補に無い）
bound_stand_front_2.png,（構図候補に無い）
bound_stand_leg_up_peg.png,（構図候補に無い）
bound_tentacle_stand.png,（構図候補に無い）
bound_wrap_hj.png,（構図候補に無い）
buttjob_pov.png,（構図候補に無い）
buttjob_pov_2.png,（構図候補に無い）
buttjob_pov_3.png,（構図候補に無い）
buttjob_pov_4.png,（構図候補に無い）
buttjob_pov_5.png,（構図候補に無い）
chastity.png,（構図候補に無い）
chastity_2.png,（構図候補に無い）
chastity_3.png,（構図候補に無い）
chastity_4.png,（構図候補に無い）
chastity_5.png,（構図候補に無い）
chastity_6.png,（構図候補に無い）
chastity_7.png,（構図候補に無い）
chastity_8.png,（構図候補に無い）
chastity_fours_behind.png,（構図候補に無い）
chastity_lie_pov.png,（構図候補に無い）
chastity_lie_pov_2.png,（構図候補に無い）
chastity_lie_pov_3.png,（構図候補に無い）
chastity_lie_pov_4.png,（構図候補に無い）
chastity_pov_b.png,（構図候補に無い）
chastity_pov_b_2.png,（構図候補に無い）
chastity_pov_back.png,（構図候補に無い）
chastity_side_hold.png,（構図候補に無い）
chastity_sit_back_low.png,（構図候補に無い）
chastity_stand_face.png,（構図候補に無い）
chastity_stand_step_low.png,（構図候補に無い）
chest_press_lying.png,（構図候補に無い）
chest_press_lying_2.png,（構図候補に無い）
chest_press_stand.png,（構図候補に無い）
chesthug_close.png,（構図候補に無い）
chesthug_close_2.png,（構図候補に無い）
chesthug_lap_finger.png,（構図候補に無い）
chesthug_stand.png,（構図候補に無い）
chesthug_stand_2.png,（構図候補に無い）
chin_pov.png,（構図候補に無い）
chin_pov_2.png,（構図候補に無い）
chin_pov_3.png,（構図候補に無い）
chin_pov_4.png,chin_pov\chin_pov_00001_.png
chin_pov_5.png,chin_pov\chin_pov_00002_.png
chin_pov_6.png,chin_pov\chin_pov_00008_.png
close_hug_p.png,（構図候補に無い）
close_hug_p_2.png,close_hug_p\close_hug_p_00001_.png
close_hug_p_3.png,close_hug_p\close_hug_p_00003_.png
close_hug_p_4.png,close_hug_p\close_hug_p_00004_.png
close_hug_p_5.png,close_hug_p\close_hug_p_00005_.png
close_hug_p_6.png,close_hug_p\close_hug_p_00006_.png
close_hug_p_7.png,close_hug_p\close_hug_p_00007_.png
close_hug_p_8.png,close_hug_p\close_hug_p_00008_.png
collar.png,（構図候補に無い）
collar_2.png,（構図候補に無い）
collar_3.png,（構図候補に無い）
collar_4.png,（構図候補に無い）
collar_5.png,（構図候補に無い）
collar_6.png,collar\collar_00002_.png
collar_7.png,collar\collar_00004_.png
collar_8.png,collar\collar_00008_.png
collar_pov.png,（構図候補に無い）
collar_pov_2.png,（構図候補に無い）
collar_pov_3.png,（構図候補に無い）
collar_pov_4.png,（構図候補に無い）
collar_pov_5.png,（構図候補に無い）
collar_pov_6.png,（構図候補に無い）
collar_pov_7.png,（構図候補に無い）
collar_pov_8.png,collar_pov\collar_pov_00005_.png
drain_facesit_low.png,（構図候補に無い）
drain_facesit_low_2.png,（構図候補に無い）
drain_pov_hands.png,（構図候補に無い）
drain_pov_thighs.png,（構図候補に無い）
ear_lick_side.png,（構図候補に無い）
ear_lick_side_2.png,（構図候補に無い）
ear_lick_side_3.png,（構図候補に無い）
ear_lick_side_4.png,ear_lick_side\ear_lick_side_00002_.png
ear_lick_side_5.png,ear_lick_side\ear_lick_side_00003_.png
ear_lick_side_6.png,ear_lick_side\ear_lick_side_00005_.png
ear_lick_side_7.png,ear_lick_side\ear_lick_side_00007_.png
ear_lick_side_8.png,ear_lick_side\ear_lick_side_00008_.png
ear_lying_above.png,（構図候補に無い）
ear_lying_above_2.png,（構図候補に無い）
ear_lying_above_3.png,（構図候補に無い）
ear_lying_above_4.png,（構図候補に無い）
ear_lying_above_5.png,ear_lying_above\ear_lying_above_00003_.png
ear_lying_above_6.png,ear_lying_above\ear_lying_above_00004_.png
ear_lying_above_7.png,ear_lying_above\ear_lying_above_00006_.png
ear_lying_above_8.png,ear_lying_above\ear_lying_above_00007_.png
ear_prone_above.png,（構図候補に無い）
ear_sit_front_beside_whisper.png,（構図候補に無い）
ear_two_sides_front.png,（構図候補に無い）
energy_drain.png,（構図候補に無い）
energy_drain_10.png,energy_drain\energy_drain_00010_.png
energy_drain_11.png,energy_drain\energy_drain_00011_.png
energy_drain_12.png,energy_drain\energy_drain_00012_.png
energy_drain_2.png,（構図候補に無い）
energy_drain_3.png,（構図候補に無い）
energy_drain_4.png,（構図候補に無い）
energy_drain_5.png,（構図候補に無い）
energy_drain_6.png,（構図候補に無い）
energy_drain_7.png,（構図候補に無い）
energy_drain_8.png,（構図候補に無い）
energy_drain_9.png,energy_drain\energy_drain_00009_.png
energy_drain_kiss.png,（構図候補に無い）
energy_drain_kiss_2.png,（構図候補に無い）
energy_drain_kiss_3.png,energy_drain_kiss\energy_drain_kiss_00001_.png
energy_drain_kiss_4.png,energy_drain_kiss\energy_drain_kiss_00002_.png
energy_drain_kiss_5.png,energy_drain_kiss\energy_drain_kiss_00004_.png
energy_drain_kiss_6.png,energy_drain_kiss\energy_drain_kiss_00006_.png
energy_drain_kiss_7.png,energy_drain_kiss\energy_drain_kiss_00007_.png
energy_drain_kiss_8.png,energy_drain_kiss\energy_drain_kiss_00008_.png
energy_drain_ride.png,energy_drain_ride\energy_drain_ride_00003_.png
energy_drain_ride_2.png,energy_drain_ride\energy_drain_ride_00004_.png
energy_drain_ride_3.png,energy_drain_ride\energy_drain_ride_00006_.png
energy_drain_ride_4.png,（構図候補に無い）
energy_drain_ride_5.png,（構図候補に無い）
face_close_behind_tongue.png,（構図候補に無い）
facesit.png,（構図候補に無い）
facesit_2.png,（構図候補に無い）
facesit_3.png,（構図候補に無い）
facesit_4.png,（構図候補に無い）
facesit_5.png,（構図候補に無い）
facesit_6.png,（構図候補に無い）
facesit_7.png,facesit\facesit_00004_.png
facesit_8.png,facesit\facesit_00008_.png
facesit_foot.png,（構図候補に無い）
facesit_foot_2.png,（構図候補に無い）
facesit_foot_3.png,（構図候補に無い）
facesit_foot_4.png,（構図候補に無い）
facesit_foot_5.png,（構図候補に無い）
facesit_foot_6.png,facesit_foot\facesit_foot_00002_.png
facesit_foot_7.png,facesit_foot\facesit_foot_00004_.png
facesit_foot_8.png,facesit_foot\facesit_foot_00008_.png
facesit_front.png,（構図候補に無い）
facesit_front_2.png,（構図候補に無い）
facesit_lie_front.png,（構図候補に無い）
facesit_lie_front_10.png,（構図候補に無い）
facesit_lie_front_11.png,（構図候補に無い）
facesit_lie_front_12.png,（構図候補に無い）
facesit_lie_front_13.png,（構図候補に無い）
facesit_lie_front_2.png,（構図候補に無い）
facesit_lie_front_3.png,（構図候補に無い）
facesit_lie_front_4.png,（構図候補に無い）
facesit_lie_front_5.png,（構図候補に無い）
facesit_lie_front_6.png,（構図候補に無い）
facesit_lie_front_7.png,（構図候補に無い）
facesit_lie_front_8.png,（構図候補に無い）
facesit_lie_front_9.png,（構図候補に無い）
facesit_nipple_above.png,（構図候補に無い）
facesit_pov.png,（構図候補に無い）
facesit_pov_2.png,（構図候補に無い）
facesit_pov_3.png,（構図候補に無い）
facesit_side.png,（構図候補に無い）
facesit_side_2.png,（構図候補に無い）
facesit_side_3.png,（構図候補に無い）
facesit_side_4.png,facesit_side\facesit_side_00001_.png
facesit_side_5.png,facesit_side\facesit_side_00002_.png
facesit_side_6.png,facesit_side\facesit_side_00005_.png
facesit_side_7.png,facesit_side\facesit_side_00006_.png
facesit_side_8.png,facesit_side\facesit_side_00008_.png
figure_four.png,（構図候補に無い）
figure_four_2.png,（構図候補に無い）
figure_four_3.png,（構図候補に無い）
figure_four_4.png,（構図候補に無い）
figure_four_5.png,（構図候補に無い）
figure_four_6.png,（構図候補に無い）
figure_four_7.png,figure_four\figure_four_00004_.png
figure_four_8.png,figure_four\figure_four_00007_.png
figure_four_foot.png,（構図候補に無い）
figure_four_foot_2.png,（構図候補に無い）
figure_four_foot_3.png,（構図候補に無い）
figure_four_foot_4.png,（構図候補に無い）
figure_four_foot_5.png,（構図候補に無い）
figure_four_foot_6.png,figure_four_foot\figure_four_foot_00002_.png
figure_four_foot_7.png,figure_four_foot\figure_four_foot_00005_.png
figure_four_foot_8.png,figure_four_foot\figure_four_foot_00006_.png
finger_bent_behind_facing.png,（構図候補に無い）
finger_bent_behind_facing_b.png,（構図候補に無い）
finger_bent_behind_lap.png,（構図候補に無い）
finger_fours_behind.png,（構図候補に無い）
finger_fours_behind_2.png,（構図候補に無い）
finger_fours_behind_3.png,（構図候補に無い）
finger_fours_behind_tentacle.png,（構図候補に無い）
finger_fours_behind_tentacle_b.png,（構図候補に無い）
finger_fours_front_tentacle.png,（構図候補に無い）
finger_fours_kneel_back.png,（構図候補に無い）
finger_fours_kneel_side.png,（構図候補に無い）
finger_fours_low.png,（構図候補に無い）
finger_fours_side_hj.png,（構図候補に無い）
finger_front_legs.png,（構図候補に無い）
finger_front_legs_2.png,finger_front_legs\finger_front_legs_00001_.png
finger_front_legs_3.png,finger_front_legs\finger_front_legs_00005_.png
finger_front_legs_4.png,finger_front_legs\finger_front_legs_00006_.png
finger_front_legs_5.png,finger_front_legs\finger_front_legs_00007_.png
finger_front_legs_6.png,finger_front_legs\finger_front_legs_00008_.png
finger_lap_hips.png,（構図候補に無い）
finger_lie_above_facing_finger.png,（構図候補に無い）
finger_lie_low_beside.png,（構図候補に無い）
finger_lie_side_back.png,（構図候補に無い）
finger_piledriver_pov.png,（構図候補に無い）
finger_piledriver_side.png,（構図候補に無い）
finger_piledriver_side_10.png,（構図候補に無い）
finger_piledriver_side_11.png,（構図候補に無い）
finger_piledriver_side_12.png,（構図候補に無い）
finger_piledriver_side_13.png,（構図候補に無い）
finger_piledriver_side_14.png,（構図候補に無い）
finger_piledriver_side_15.png,（構図候補に無い）
finger_piledriver_side_16.png,（構図候補に無い）
finger_piledriver_side_17.png,（構図候補に無い）
finger_piledriver_side_18.png,（構図候補に無い）
finger_piledriver_side_19.png,（構図候補に無い）
finger_piledriver_side_2.png,（構図候補に無い）
finger_piledriver_side_20.png,（構図候補に無い）
finger_piledriver_side_21.png,（構図候補に無い）
finger_piledriver_side_3.png,（構図候補に無い）
finger_piledriver_side_4.png,（構図候補に無い）
finger_piledriver_side_5.png,（構図候補に無い）
finger_piledriver_side_6.png,（構図候補に無い）
finger_piledriver_side_7.png,（構図候補に無い）
finger_piledriver_side_8.png,（構図候補に無い）
finger_piledriver_side_9.png,（構図候補に無い）
finger_pov_legs.png,（構図候補に無い）
finger_pov_legs_10.png,finger_pov_legs\finger_pov_legs_00008_.png
finger_pov_legs_2.png,（構図候補に無い）
finger_pov_legs_3.png,（構図候補に無い）
finger_pov_legs_4.png,finger_pov_legs\finger_pov_legs_00001_.png
finger_pov_legs_5.png,finger_pov_legs\finger_pov_legs_00002_.png
finger_pov_legs_6.png,finger_pov_legs\finger_pov_legs_00003_.png
finger_pov_legs_7.png,finger_pov_legs\finger_pov_legs_00004_.png
finger_pov_legs_8.png,finger_pov_legs\finger_pov_legs_00005_.png
finger_pov_legs_9.png,finger_pov_legs\finger_pov_legs_00006_.png
finger_prone_behind_lap.png,（構図候補に無い）
finger_prone_behind_lap_10.png,（構図候補に無い）
finger_prone_behind_lap_11.png,（構図候補に無い）
finger_prone_behind_lap_12.png,（構図候補に無い）
finger_prone_behind_lap_13.png,（構図候補に無い）
finger_prone_behind_lap_14.png,（構図候補に無い）
finger_prone_behind_lap_15.png,（構図候補に無い）
finger_prone_behind_lap_16.png,（構図候補に無い）
finger_prone_behind_lap_17.png,（構図候補に無い）
finger_prone_behind_lap_18.png,（構図候補に無い）
finger_prone_behind_lap_19.png,（構図候補に無い）
finger_prone_behind_lap_2.png,（構図候補に無い）
finger_prone_behind_lap_20.png,（構図候補に無い）
finger_prone_behind_lap_21.png,（構図候補に無い）
finger_prone_behind_lap_22.png,（構図候補に無い）
finger_prone_behind_lap_23.png,（構図候補に無い）
finger_prone_behind_lap_3.png,（構図候補に無い）
finger_prone_behind_lap_4.png,（構図候補に無い）
finger_prone_behind_lap_5.png,（構図候補に無い）
finger_prone_behind_lap_6.png,（構図候補に無い）
finger_prone_behind_lap_7.png,（構図候補に無い）
finger_prone_behind_lap_8.png,（構図候補に無い）
finger_prone_behind_lap_9.png,（構図候補に無い）
finger_prone_behind_on_finger.png,（構図候補に無い）
finger_prone_stand_low.png,（構図候補に無い）
finger_side_legs.png,（構図候補に無い）
finger_side_lying.png,finger_side_lying\finger_side_lying_00001_.png
finger_side_lying_2.png,finger_side_lying\finger_side_lying_00002_.png
finger_side_lying_3.png,finger_side_lying\finger_side_lying_00003_.png
finger_side_lying_4.png,finger_side_lying\finger_side_lying_00004_.png
finger_side_lying_5.png,finger_side_lying\finger_side_lying_00005_.png
finger_side_lying_6.png,finger_side_lying\finger_side_lying_00006_.png
finger_side_lying_7.png,finger_side_lying\finger_side_lying_00007_.png
finger_side_lying_8.png,finger_side_lying\finger_side_lying_00008_.png
finger_side_sit.png,（構図候補に無い）
finger_side_sit_2.png,（構図候補に無い）
finger_sit_front_back.png,（構図候補に無い）
finger_sit_front_back_nipple.png,（構図候補に無い）
finger_sit_front_back_nipple_b.png,（構図候補に無い）
finger_spoon_b.png,（構図候補に無い）
finger_spoon_b_2.png,（構図候補に無い）
finger_spoon_side.png,（構図候補に無い）
finger_spoon_side_2.png,finger_spoon_side\finger_spoon_side_00001_.png
finger_spoon_side_3.png,finger_spoon_side\finger_spoon_side_00002_.png
finger_spoon_side_4.png,finger_spoon_side\finger_spoon_side_00003_.png
finger_spoon_side_5.png,finger_spoon_side\finger_spoon_side_00004_.png
finger_spoon_side_6.png,finger_spoon_side\finger_spoon_side_00005_.png
finger_spoon_side_7.png,finger_spoon_side\finger_spoon_side_00006_.png
finger_spoon_side_8.png,finger_spoon_side\finger_spoon_side_00007_.png
finger_spoon_side_9.png,finger_spoon_side\finger_spoon_side_00008_.png
finger_stand_bent_side.png,（構図候補に無い）
finger_wall_stand_low.png,（構図候補に無い）
fingering_p.png,（構図候補に無い）
fingering_p_2.png,（構図候補に無い）
fingering_p_3.png,（構図候補に無い）
fingering_p_4.png,（構図候補に無い）
fingering_p_5.png,（構図候補に無い）
fingering_p_6.png,（構図候補に無い）
fingering_p_7.png,（構図候補に無い）
fingering_p_8.png,（構図候補に無い）
fingering_p_9.png,fingering_p\fingering_p_00003_.png
foot_behind_nipple.png,（構図候補に無い）
foot_chest_pov.png,（構図候補に無い）
foot_chest_pov_10.png,foot_chest_pov\foot_chest_pov_00008_.png
foot_chest_pov_11.png,（構図候補に無い）
foot_chest_pov_2.png,（構図候補に無い）
foot_chest_pov_3.png,（構図候補に無い）
foot_chest_pov_4.png,（構図候補に無い）
foot_chest_pov_5.png,（構図候補に無い）
foot_chest_pov_6.png,（構図候補に無い）
foot_chest_pov_7.png,foot_chest_pov\foot_chest_pov_00001_.png
foot_chest_pov_8.png,foot_chest_pov\foot_chest_pov_00003_.png
foot_chest_pov_9.png,foot_chest_pov\foot_chest_pov_00005_.png
foot_face_pov.png,（構図候補に無い）
foot_lie_front_lap.png,（構図候補に無い）
foot_lie_front_lap_2.png,（構図候補に無い）
foot_lie_front_lap_3.png,（構図候補に無い）
foot_lie_front_lap_4.png,（構図候補に無い）
foot_lie_front_lap_5.png,（構図候補に無い）
foot_lie_front_lap_6.png,（構図候補に無い）
foot_lie_pov.png,（構図候補に無い）
foot_lie_pov_2.png,（構図候補に無い）
foot_lie_pov_3.png,（構図候補に無い）
foot_lie_pov_4.png,（構図候補に無い）
foot_lie_pov_5.png,（構図候補に無い）
foot_lie_pov_6.png,（構図候補に無い）
foot_lie_pov_b.png,（構図候補に無い）
foot_lie_pov_b_2.png,（構図候補に無い）
foot_lie_pov_b_3.png,（構図候補に無い）
foot_lie_pov_b_4.png,（構図候補に無い）
foot_lie_pov_urethra.png,（構図候補に無い）
foot_pov_sit_both.png,（構図候補に無い）
foot_side_sitting.png,（構図候補に無い）
foot_side_sitting_2.png,（構図候補に無い）
foot_sofa_lying.png,（構図候補に無い）
footjob_p.png,（構図候補に無い）
footjob_p_10.png,footjob_p\footjob_p_00006_.png
footjob_p_11.png,footjob_p\footjob_p_00008_.png
footjob_p_2.png,（構図候補に無い）
footjob_p_3.png,（構図候補に無い）
footjob_p_4.png,（構図候補に無い）
footjob_p_5.png,（構図候補に無い）
footjob_p_6.png,（構図候補に無い）
footjob_p_7.png,（構図候補に無い）
footjob_p_8.png,footjob_p\footjob_p_00002_.png
footjob_p_9.png,footjob_p\footjob_p_00003_.png
footjob_side_lying.png,（構図候補に無い）
footjob_side_lying_2.png,（構図候補に無い）
footjob_side_lying_3.png,（構図候補に無い）
footjob_side_lying_4.png,（構図候補に無い）
footjob_side_lying_5.png,footjob_side_lying\footjob_side_lying_00001_.png
footjob_side_lying_6.png,footjob_side_lying\footjob_side_lying_00002_.png
footjob_side_lying_7.png,footjob_side_lying\footjob_side_lying_00004_.png
footjob_side_lying_8.png,footjob_side_lying\footjob_side_lying_00005_.png
fours_behind_nipple.png,（構図候補に無い）
futa.png,（構図候補に無い）
futa_2.png,（構図候補に無い）
futa_3.png,（構図候補に無い）
futa_4.png,（構図候補に無い）
futa_5.png,（構図候補に無い）
futa_6.png,（構図候補に無い）
futa_7.png,（構図候補に無い）
futa_8.png,（構図候補に無い）
futadom_p.png,（構図候補に無い）
futadom_p_2.png,（構図候補に無い）
futadom_p_3.png,（構図候補に無い）
futadom_p_4.png,（構図候補に無い）
futadom_p_5.png,futadom_p\futadom_p_00003_.png
futadom_p_6.png,futadom_p\futadom_p_00004_.png
futadom_p_7.png,futadom_p\futadom_p_00007_.png
futadom_p_8.png,futadom_p\futadom_p_00008_.png
hairjob_pov.png,（構図候補に無い）
handjob_side_p.png,（構図候補に無い）
handjob_side_p_10.png,（構図候補に無い）
handjob_side_p_11.png,handjob_side_p\handjob_side_p_00001_.png
handjob_side_p_12.png,handjob_side_p\handjob_side_p_00004_.png
handjob_side_p_13.png,handjob_side_p\handjob_side_p_00005_.png
handjob_side_p_14.png,handjob_side_p\handjob_side_p_00007_.png
handjob_side_p_2.png,（構図候補に無い）
handjob_side_p_3.png,（構図候補に無い）
handjob_side_p_4.png,（構図候補に無い）
handjob_side_p_5.png,bound_bed_above\bound_bed_above_00004_.png
handjob_side_p_6.png,（構図候補に無い）
handjob_side_p_7.png,（構図候補に無い）
handjob_side_p_8.png,（構図候補に無い）
handjob_side_p_9.png,（構図候補に無い）
head_side_nipple.png,head_side_nipple\head_side_nipple_00001_.png
head_side_nipple_2.png,bound_bed_above\bound_bed_above_00008_.png
head_side_nipple_3.png,head_side_nipple\head_side_nipple_00002_.png
head_side_nipple_4.png,head_side_nipple\head_side_nipple_00004_.png
head_side_nipple_5.png,head_side_nipple\head_side_nipple_00005_.png
head_side_nipple_6.png,head_side_nipple\head_side_nipple_00006_.png
head_side_nipple_7.png,head_side_nipple\head_side_nipple_00007_.png
head_side_nipple_8.png,head_side_nipple\head_side_nipple_00008_.png
headlock.png,headlock\headlock_00007_.png
headlock_foot.png,（構図候補に無い）
headlock_foot_2.png,（構図候補に無い）
headlock_foot_3.png,（構図候補に無い）
headlock_foot_4.png,（構図候補に無い）
headlock_foot_5.png,（構図候補に無い）
headlock_foot_6.png,（構図候補に無い）
headlock_foot_7.png,（構図候補に無い）
headlock_foot_8.png,（構図候補に無い）
headlock_hj.png,（構図候補に無い）
headlock_hj_2.png,（構図候補に無い）
headlock_hj_3.png,（構図候補に無い）
headlock_hj_4.png,headlock_hj\headlock_hj_00002_.png
headlock_hj_5.png,headlock_hj\headlock_hj_00003_.png
headlock_hj_6.png,headlock_hj\headlock_hj_00004_.png
headlock_hj_7.png,headlock_hj\headlock_hj_00006_.png
headlock_hj_8.png,headlock_hj\headlock_hj_00008_.png
headlock_sit_side.png,（構図候補に無い）
headlock_sit_side_10.png,（構図候補に無い）
headlock_sit_side_11.png,（構図候補に無い）
headlock_sit_side_12.png,（構図候補に無い）
headlock_sit_side_13.png,（構図候補に無い）
headlock_sit_side_14.png,（構図候補に無い）
headlock_sit_side_15.png,（構図候補に無い）
headlock_sit_side_16.png,（構図候補に無い）
headlock_sit_side_17.png,（構図候補に無い）
headlock_sit_side_18.png,（構図候補に無い）
headlock_sit_side_19.png,（構図候補に無い）
headlock_sit_side_2.png,（構図候補に無い）
headlock_sit_side_20.png,（構図候補に無い）
headlock_sit_side_21.png,（構図候補に無い）
headlock_sit_side_22.png,（構図候補に無い）
headlock_sit_side_23.png,（構図候補に無い）
headlock_sit_side_24.png,（構図候補に無い）
headlock_sit_side_25.png,（構図候補に無い）
headlock_sit_side_26.png,（構図候補に無い）
headlock_sit_side_27.png,（構図候補に無い）
headlock_sit_side_28.png,（構図候補に無い）
headlock_sit_side_29.png,（構図候補に無い）
headlock_sit_side_3.png,（構図候補に無い）
headlock_sit_side_30.png,（構図候補に無い）
headlock_sit_side_31.png,（構図候補に無い）
headlock_sit_side_32.png,（構図候補に無い）
headlock_sit_side_33.png,（構図候補に無い）
headlock_sit_side_34.png,（構図候補に無い）
headlock_sit_side_35.png,（構図候補に無い）
headlock_sit_side_4.png,（構図候補に無い）
headlock_sit_side_5.png,（構図候補に無い）
headlock_sit_side_6.png,（構図候補に無い）
headlock_sit_side_7.png,（構図候補に無い）
headlock_sit_side_8.png,（構図候補に無い）
headlock_sit_side_9.png,（構図候補に無い）
hj_behind_seated.png,（構図候補に無い）
hj_behind_seated_10.png,（構図候補に無い）
hj_behind_seated_11.png,（構図候補に無い）
hj_behind_seated_12.png,（構図候補に無い）
hj_behind_seated_13.png,（構図候補に無い）
hj_behind_seated_14.png,（構図候補に無い）
hj_behind_seated_15.png,hj_behind_seated\hj_behind_seated_00005_.png
hj_behind_seated_16.png,hj_behind_seated\hj_behind_seated_00008_.png
hj_behind_seated_2.png,（構図候補に無い）
hj_behind_seated_3.png,（構図候補に無い）
hj_behind_seated_4.png,（構図候補に無い）
hj_behind_seated_5.png,（構図候補に無い）
hj_behind_seated_6.png,（構図候補に無い）
hj_behind_seated_7.png,（構図候補に無い）
hj_behind_seated_8.png,（構図候補に無い）
hj_behind_seated_9.png,（構図候補に無い）
hj_lap_above.png,（構図候補に無い）
hj_lap_above_2.png,（構図候補に無い）
hj_lap_above_3.png,hj_lap_above\hj_lap_above_00001_.png
hj_lap_above_4.png,hj_lap_above\hj_lap_above_00004_.png
hj_lap_above_5.png,hj_lap_above\hj_lap_above_00005_.png
hj_lap_above_6.png,hj_lap_above\hj_lap_above_00006_.png
hj_lap_above_7.png,hj_lap_above\hj_lap_above_00007_.png
hj_lap_above_8.png,hj_lap_above\hj_lap_above_00008_.png
hj_lie_side_on_whisper.png,（構図候補に無い）
hj_lying_beside_front.png,（構図候補に無い）
hj_lying_beside_front_2.png,（構図候補に無い）
hj_lying_beside_front_3.png,（構図候補に無い）
hj_lying_beside_front_4.png,（構図候補に無い）
hj_lying_beside_front_5.png,（構図候補に無い）
hj_pov_above.png,（構図候補に無い）
hj_pov_above_10.png,lowangle_side_hj\lowangle_side_hj_00002_.png
hj_pov_above_11.png,（構図候補に無い）
hj_pov_above_12.png,（構図候補に無い）
hj_pov_above_2.png,（構図候補に無い）
hj_pov_above_3.png,（構図候補に無い）
hj_pov_above_4.png,（構図候補に無い）
hj_pov_above_5.png,（構図候補に無い）
hj_pov_above_6.png,（構図候補に無い）
hj_pov_above_7.png,（構図候補に無い）
hj_pov_above_8.png,（構図候補に無い）
hj_pov_above_9.png,（構図候補に無い）
hj_pov_close.png,（構図候補に無い）
hj_pov_close_2.png,（構図候補に無い）
hj_pov_close_3.png,（構図候補に無い）
hj_pov_close_4.png,（構図候補に無い）
hj_pov_close_5.png,（構図候補に無い）
hj_pov_close_6.png,（構図候補に無い）
hj_pov_close_7.png,（構図候補に無い）
hj_pov_close_8.png,（構図候補に無い）
hj_side_clothed.png,（構図候補に無い）
hj_side_clothed_2.png,（構図候補に無い）
hj_sit_side_beside_nipple.png,（構図候補に無い）
hj_sit_side_beside_nipple_2.png,（構図候補に無い）
hj_stand_side.png,（構図候補に無い）
hj_stand_side_2.png,（構図候補に無い）
hj_stand_side_3.png,（構図候補に無い）
hold_behind_stand_hj.png,（構図候補に無い）
hold_behind_tentacle.png,（構図候補に無い）
hug_lie_above_facing.png,（構図候補に無い）
hug_lie_side_over_kiss.png,（構図候補に無い）
hug_lie_side_over_kiss_2.png,（構図候補に無い）
hug_lie_side_over_kiss_3.png,（構図候補に無い）
hug_seated_chest.png,（構図候補に無い）
hug_seated_chest_2.png,（構図候補に無い）
hug_seated_chest_3.png,（構図候補に無い）
hug_seated_chest_4.png,（構図候補に無い）
hug_seated_chest_5.png,hug_seated_chest\hug_seated_chest_00003_.png
hug_seated_chest_6.png,hug_seated_chest\hug_seated_chest_00004_.png
hug_seated_chest_7.png,hug_seated_chest\hug_seated_chest_00006_.png
hug_seated_chest_8.png,hug_seated_chest\hug_seated_chest_00008_.png
hug_sit_side_facing_smother.png,（構図候補に無い）
hug_sit_side_facing_smother_b.png,（構図候補に無い）
hug_sit_side_facing_smother_c.png,（構図候補に無い）
hug_stand_behind_facing_smother.png,（構図候補に無い）
hug_stand_side_facing.png,（構図候補に無い）
hug_standing_chest.png,（構図候補に無い）
hug_standing_chest_10.png,hug_standing_chest\hug_standing_chest_00008_.png
hug_standing_chest_2.png,（構図候補に無い）
hug_standing_chest_3.png,hug_standing_chest\hug_standing_chest_00001_.png
hug_standing_chest_4.png,hug_standing_chest\hug_standing_chest_00002_.png
hug_standing_chest_5.png,hug_standing_chest\hug_standing_chest_00003_.png
hug_standing_chest_6.png,hug_standing_chest\hug_standing_chest_00004_.png
hug_standing_chest_7.png,hug_standing_chest\hug_standing_chest_00005_.png
hug_standing_chest_8.png,hug_standing_chest\hug_standing_chest_00006_.png
hug_standing_chest_9.png,hug_standing_chest\hug_standing_chest_00007_.png
inverted.png,（構図候補に無い）
inverted_10.png,inverted\inverted_00008_.png
inverted_11.png,inverted\inverted_00009_.png
inverted_12.png,inverted\inverted_00012_.png
inverted_2.png,（構図候補に無い）
inverted_3.png,（構図候補に無い）
inverted_4.png,（構図候補に無い）
inverted_5.png,（構図候補に無い）
inverted_6.png,（構図候補に無い）
inverted_7.png,（構図候補に無い）
inverted_8.png,（構図候補に無い）
inverted_9.png,inverted\inverted_00004_.png
inverted_seated_toy.png,（構図候補に無い）
kiss_above_drool.png,（構図候補に無い）
kiss_close_side_tongue.png,（構図候補に無い）
kiss_lap.png,（構図候補に無い）
kiss_lap_10.png,kiss_lap\kiss_lap_00007_.png
kiss_lap_11.png,kiss_lap\kiss_lap_00008_.png
kiss_lap_2.png,（構図候補に無い）
kiss_lap_3.png,（構図候補に無い）
kiss_lap_4.png,（構図候補に無い）
kiss_lap_5.png,（構図候補に無い）
kiss_lap_6.png,（構図候補に無い）
kiss_lap_7.png,（構図候補に無い）
kiss_lap_8.png,kiss_lap\kiss_lap_00004_.png
kiss_lap_9.png,kiss_lap\kiss_lap_00006_.png
kiss_lap_bed_side.png,（構図候補に無い）
kiss_lie_above_hj.png,（構図候補に無い）
kiss_lie_above_hj_2.png,（構図候補に無い）
kiss_lie_side.png,（構図候補に無い）
kiss_lie_side_2.png,（構図候補に無い）
kiss_lie_side_3.png,（構図候補に無い）
kiss_lie_side_on_hj.png,（構図候補に無い）
kiss_lie_side_on_hj_2.png,（構図候補に無い）
kiss_lying_ontop_side.png,（構図候補に無い）
kiss_lying_ontop_side_2.png,（構図候補に無い）
kiss_lying_ontop_side_3.png,（構図候補に無い）
kiss_lying_ontop_side_4.png,（構図候補に無い）
kiss_lying_ontop_side_5.png,（構図候補に無い）
kiss_lying_ontop_side_6.png,（構図候補に無い）
kiss_lying_ontop_side_7.png,（構図候補に無い）
kiss_lying_ontop_side_8.png,（構図候補に無い）
kiss_lying_ontop_side_9.png,（構図候補に無い）
kiss_p.png,（構図候補に無い）
kiss_p_10.png,kiss_p\kiss_p_00008_.png
kiss_p_2.png,（構図候補に無い）
kiss_p_3.png,（構図候補に無い）
kiss_p_4.png,（構図候補に無い）
kiss_p_5.png,kiss_p\kiss_p_00001_.png
kiss_p_6.png,kiss_p\kiss_p_00002_.png
kiss_p_7.png,kiss_p\kiss_p_00003_.png
kiss_p_8.png,kiss_p\kiss_p_00004_.png
kiss_p_9.png,kiss_p\kiss_p_00007_.png
kiss_peg_above.png,（構図候補に無い）
kiss_peg_above_2.png,（構図候補に無い）
kiss_peg_above_3.png,（構図候補に無い）
kiss_peg_spoon.png,（構図候補に無い）
kiss_peg_spoon_2.png,（構図候補に無い）
kiss_pov.png,（構図候補に無い）
kiss_pov_10.png,kiss_pov\kiss_pov_00006_.png
kiss_pov_11.png,kiss_pov\kiss_pov_00007_.png
kiss_pov_2.png,（構図候補に無い）
kiss_pov_3.png,（構図候補に無い）
kiss_pov_4.png,（構図候補に無い）
kiss_pov_5.png,（構図候補に無い）
kiss_pov_6.png,（構図候補に無い）
kiss_pov_7.png,kiss_pov\kiss_pov_00001_.png
kiss_pov_8.png,kiss_pov\kiss_pov_00003_.png
kiss_pov_9.png,kiss_pov\kiss_pov_00005_.png
kiss_pov_b.png,（構図候補に無い）
kiss_pov_b_10.png,（構図候補に無い）
kiss_pov_b_2.png,（構図候補に無い）
kiss_pov_b_3.png,（構図候補に無い）
kiss_pov_b_4.png,（構図候補に無い）
kiss_pov_b_5.png,（構図候補に無い）
kiss_pov_b_6.png,（構図候補に無い）
kiss_pov_b_7.png,（構図候補に無い）
kiss_pov_b_8.png,（構図候補に無い）
kiss_pov_b_9.png,（構図候補に無い）
kiss_sit_side_nipple.png,（構図候補に無い）
kiss_sit_side_nipple_10.png,（構図候補に無い）
kiss_sit_side_nipple_11.png,（構図候補に無い）
kiss_sit_side_nipple_12.png,（構図候補に無い）
kiss_sit_side_nipple_13.png,（構図候補に無い）
kiss_sit_side_nipple_2.png,（構図候補に無い）
kiss_sit_side_nipple_3.png,（構図候補に無い）
kiss_sit_side_nipple_4.png,（構図候補に無い）
kiss_sit_side_nipple_5.png,（構図候補に無い）
kiss_sit_side_nipple_6.png,（構図候補に無い）
kiss_sit_side_nipple_7.png,（構図候補に無い）
kiss_sit_side_nipple_8.png,（構図候補に無い）
kiss_sit_side_nipple_9.png,（構図候補に無い）
kiss_stand_front_hug.png,（構図候補に無い）
kiss_stand_front_hug_10.png,（構図候補に無い）
kiss_stand_front_hug_11.png,（構図候補に無い）
kiss_stand_front_hug_12.png,（構図候補に無い）
kiss_stand_front_hug_13.png,（構図候補に無い）
kiss_stand_front_hug_14.png,（構図候補に無い）
kiss_stand_front_hug_15.png,（構図候補に無い）
kiss_stand_front_hug_16.png,（構図候補に無い）
kiss_stand_front_hug_17.png,（構図候補に無い）
kiss_stand_front_hug_18.png,（構図候補に無い）
kiss_stand_front_hug_19.png,（構図候補に無い）
kiss_stand_front_hug_2.png,（構図候補に無い）
kiss_stand_front_hug_20.png,（構図候補に無い）
kiss_stand_front_hug_21.png,（構図候補に無い）
kiss_stand_front_hug_22.png,（構図候補に無い）
kiss_stand_front_hug_23.png,（構図候補に無い）
kiss_stand_front_hug_24.png,（構図候補に無い）
kiss_stand_front_hug_3.png,（構図候補に無い）
kiss_stand_front_hug_4.png,（構図候補に無い）
kiss_stand_front_hug_5.png,（構図候補に無い）
kiss_stand_front_hug_6.png,（構図候補に無い）
kiss_stand_front_hug_7.png,（構図候補に無い）
kiss_stand_front_hug_8.png,（構図候補に無い）
kiss_stand_front_hug_9.png,（構図候補に無い）
kiss_stand_side_facing.png,（構図候補に無い）
kiss_standing_clothed.png,（構図候補に無い）
kiss_wall.png,（構図候補に無い）
kiss_wall_2.png,（構図候補に無い）
kiss_wall_3.png,（構図候補に無い）
kiss_wall_4.png,（構図候補に無い）
kiss_wall_5.png,（構図候補に無い）
kiss_wall_6.png,kiss_wall\kiss_wall_00002_.png
kiss_wall_7.png,kiss_wall\kiss_wall_00004_.png
kiss_wall_8.png,kiss_wall\kiss_wall_00007_.png
kneel_bed_edge_nipple.png,（構図候補に無い）
kneel_bed_edge_nipple_2.png,（構図候補に無い）
kneel_bed_edge_nipple_3.png,（構図候補に無い）
kneel_bed_edge_nipple_4.png,kneel_bed_edge_nipple\kneel_bed_edge_nipple_00002_.png
kneel_behind_hug.png,kneel_behind_hug\kneel_behind_hug_00001_.png
kneel_behind_hug_2.png,（構図候補に無い）
kneel_behind_hug_3.png,kneel_behind_hug\kneel_behind_hug_00004_.png
kneel_front_nipple.png,（構図候補に無い）
kneel_front_nipple_2.png,kneel_front_nipple\kneel_front_nipple_00002_.png
kneel_front_nipple_3.png,kneel_front_nipple\kneel_front_nipple_00003_.png
kneel_front_nipple_4.png,kneel_front_nipple\kneel_front_nipple_00004_.png
kneel_front_sit_foot.png,kneel_front_sit_foot\kneel_front_sit_foot_00002_.png
kneel_front_sit_foot_2.png,kneel_front_sit_foot\kneel_front_sit_foot_00003_.png
kneel_front_sit_foot_3.png,kneel_front_sit_foot\kneel_front_sit_foot_00004_.png
kneel_pov_sit_foot.png,（構図候補に無い）
kneel_pov_sit_foot_2.png,（構図候補に無い）
kneel_seiza_head.png,（構図候補に無い）
kneel_seiza_head_2.png,（構図候補に無い）
kneel_seiza_head_3.png,kneel_seiza_head\kneel_seiza_head_00001_.png
kneel_seiza_head_4.png,kneel_seiza_head\kneel_seiza_head_00004_.png
kneel_stand_leash.png,（構図候補に無い）
kneel_stand_leash_2.png,（構図候補に無い）
kneel_stand_leash_3.png,kneel_stand_leash\kneel_stand_leash_00002_.png
kneel_stand_leash_4.png,kneel_stand_leash\kneel_stand_leash_00003_.png
kneel_throne_chin.png,（構図候補に無い）
kneel_throne_chin_2.png,（構図候補に無い）
kneel_throne_chin_3.png,kneel_throne_chin\kneel_throne_chin_00003_.png
kneel_throne_chin_4.png,kneel_throne_chin\kneel_throne_chin_00004_.png
lamia.png,（構図候補に無い）
lamia_10.png,lamia\lamia_00001_.png
lamia_11.png,lamia\lamia_00005_.png
lamia_12.png,lamia\lamia_00011_.png
lamia_2.png,（構図候補に無い）
lamia_3.png,（構図候補に無い）
lamia_4.png,（構図候補に無い）
lamia_5.png,（構図候補に無い）
lamia_6.png,（構図候補に無い）
lamia_7.png,（構図候補に無い）
lamia_8.png,（構図候補に無い）
lamia_9.png,（構図候補に無い）
lamia_coil.png,（構図候補に無い）
lamia_coil_10.png,lamia_coil\lamia_coil_00004_.png
lamia_coil_11.png,lamia_coil\lamia_coil_00006_.png
lamia_coil_12.png,lamia_coil\lamia_coil_00011_.png
lamia_coil_2.png,（構図候補に無い）
lamia_coil_3.png,（構図候補に無い）
lamia_coil_4.png,（構図候補に無い）
lamia_coil_5.png,（構図候補に無い）
lamia_coil_6.png,（構図候補に無い）
lamia_coil_7.png,（構図候補に無い）
lamia_coil_8.png,（構図候補に無い）
lamia_coil_9.png,lamia_coil\lamia_coil_00002_.png
lamia_coil_legs.png,（構図候補に無い）
lamia_pov_coil.png,（構図候補に無い）
lamia_pov_coil_2.png,（構図候補に無い）
lap_finger.png,（構図候補に無い）
lap_finger_10.png,lap_finger\lap_finger_00007_.png
lap_finger_11.png,lap_finger\lap_finger_00008_.png
lap_finger_2.png,（構図候補に無い）
lap_finger_3.png,（構図候補に無い）
lap_finger_4.png,lap_finger\lap_finger_00001_.png
lap_finger_5.png,lap_finger\lap_finger_00002_.png
lap_finger_6.png,lap_finger\lap_finger_00003_.png
lap_finger_7.png,lap_finger\lap_finger_00004_.png
lap_finger_8.png,lap_finger\lap_finger_00005_.png
lap_finger_9.png,lap_finger\lap_finger_00006_.png
lap_finger_anal.png,lap_finger_anal\lap_finger_anal_00001_.png
lap_finger_anal_2.png,lap_finger_anal\lap_finger_anal_00002_.png
lap_finger_anal_3.png,lap_finger_anal\lap_finger_anal_00003_.png
lap_finger_anal_4.png,lap_finger_anal\lap_finger_anal_00004_.png
lap_finger_anal_5.png,lap_finger_anal\lap_finger_anal_00005_.png
lap_finger_anal_6.png,lap_finger_anal\lap_finger_anal_00006_.png
lap_finger_anal_7.png,lap_finger_anal\lap_finger_anal_00007_.png
lap_finger_anal_8.png,lap_finger_anal\lap_finger_anal_00008_.png
lap_finger_hj.png,（構図候補に無い）
lap_finger_hj_2.png,lap_finger_hj\lap_finger_hj_00001_.png
lap_finger_hj_3.png,lap_finger_hj\lap_finger_hj_00002_.png
lap_finger_hj_4.png,lap_finger_hj\lap_finger_hj_00003_.png
lap_finger_hj_5.png,lap_finger_hj\lap_finger_hj_00004_.png
lap_finger_hj_6.png,lap_finger_hj\lap_finger_hj_00005_.png
lap_finger_hj_7.png,lap_finger_hj\lap_finger_hj_00006_.png
lap_finger_hj_8.png,lap_finger_hj\lap_finger_hj_00007_.png
lap_finger_hj_9.png,lap_finger_hj\lap_finger_hj_00008_.png
lap_nursing_hj.png,（構図候補に無い）
lap_nursing_hj_2.png,（構図候補に無い）
lap_nursing_hj_3.png,（構図候補に無い）
lap_nursing_hj_4.png,（構図候補に無い）
lap_nursing_hj_5.png,（構図候補に無い）
lap_nursing_hj_6.png,lap_nursing_hj\lap_nursing_hj_00002_.png
lap_nursing_hj_7.png,lap_nursing_hj\lap_nursing_hj_00003_.png
lap_nursing_hj_8.png,lap_nursing_hj\lap_nursing_hj_00004_.png
lap_pillow_hj_side.png,（構図候補に無い）
lap_pillow_hj_side_2.png,（構図候補に無い）
lap_pillow_hj_side_3.png,lap_pillow_hj_side\lap_pillow_hj_side_00001_.png
lap_pillow_hj_side_4.png,lap_pillow_hj_side\lap_pillow_hj_side_00003_.png
lap_sit_front_hj.png,（構図候補に無い）
lie_across_chest_side.png,（構図候補に無い）
lie_beside_hug_chest.png,（構図候補に無い）
lie_beside_hug_chest_2.png,（構図候補に無い）
lie_beside_hug_chest_3.png,lie_beside_hug_chest\lie_beside_hug_chest_00001_.png
lie_beside_hug_chest_4.png,lie_beside_hug_chest\lie_beside_hug_chest_00002_.png
lie_beside_hug_chest_5.png,lie_beside_hug_chest\lie_beside_hug_chest_00003_.png
lie_beside_pov.png,（構図候補に無い）
lowangle_side_hj.png,lowangle_side_hj\lowangle_side_hj_00001_.png
lowangle_side_hj_2.png,lowangle_side_hj\lowangle_side_hj_00003_.png
lowangle_side_hj_3.png,lowangle_side_hj\lowangle_side_hj_00004_.png
lowangle_side_hj_4.png,lowangle_side_hj\lowangle_side_hj_00005_.png
lowangle_side_hj_5.png,lowangle_side_hj\lowangle_side_hj_00006_.png
lowangle_side_hj_6.png,lowangle_side_hj\lowangle_side_hj_00007_.png
lowangle_side_hj_7.png,lowangle_side_hj\lowangle_side_hj_00008_.png
lowangle_side_hj_8.png,lowangle_side_hj\lowangle_side_hj_00009_.png
lowangle_side_hj_9.png,lowangle_side_hj\lowangle_side_hj_00010_.png
lying_on_him_lookback.png,lying_on_him_lookback\lying_on_him_lookback_00001_.png
lying_on_him_lookback_10.png,lying_on_him_lookback\lying_on_him_lookback_00011_.png
lying_on_him_lookback_11.png,lying_on_him_lookback\lying_on_him_lookback_00012_.png
lying_on_him_lookback_12.png,lying_on_him_lookback\lying_on_him_lookback_00013_.png
lying_on_him_lookback_2.png,（構図候補に無い）
lying_on_him_lookback_3.png,lying_on_him_lookback\lying_on_him_lookback_00002_.png
lying_on_him_lookback_4.png,lying_on_him_lookback\lying_on_him_lookback_00003_.png
lying_on_him_lookback_5.png,lying_on_him_lookback\lying_on_him_lookback_00004_.png
lying_on_him_lookback_6.png,lying_on_him_lookback\lying_on_him_lookback_00005_.png
lying_on_him_lookback_7.png,lying_on_him_lookback\lying_on_him_lookback_00006_.png
lying_on_him_lookback_8.png,lying_on_him_lookback\lying_on_him_lookback_00007_.png
lying_on_him_lookback_9.png,lying_on_him_lookback\lying_on_him_lookback_00008_.png
lying_on_legs_side.png,（構図候補に無い）
machine_pov_straddle.png,（構図候補に無い）
machine_pov_straddle_2.png,（構図候補に無い）
multi_three_lying_above.png,（構図候補に無い）
multi_two_fours.png,（構図候補に無い）
multi_two_on_lying.png,（構図候補に無い）
multi_two_sandwich_seated.png,（構図候補に無い）
multi_two_sandwich_stand.png,（構図候補に無い）
multi_two_sandwich_stand_2.png,（構図候補に無い）
multi_two_seated_ears_hj.png,（構図候補に無い）
nipple_behind_standing.png,（構図候補に無い）
nipple_behind_standing_10.png,nipple_behind_standing\nipple_behind_standing_00006_.png
nipple_behind_standing_11.png,nipple_behind_standing\nipple_behind_standing_00007_.png
nipple_behind_standing_12.png,nipple_behind_standing\nipple_behind_standing_00008_.png
nipple_behind_standing_2.png,（構図候補に無い）
nipple_behind_standing_3.png,（構図候補に無い）
nipple_behind_standing_4.png,（構図候補に無い）
nipple_behind_standing_5.png,nipple_behind_standing\nipple_behind_standing_00001_.png
nipple_behind_standing_6.png,nipple_behind_standing\nipple_behind_standing_00002_.png
nipple_behind_standing_7.png,nipple_behind_standing\nipple_behind_standing_00003_.png
nipple_behind_standing_8.png,nipple_behind_standing\nipple_behind_standing_00004_.png
nipple_behind_standing_9.png,nipple_behind_standing\nipple_behind_standing_00005_.png
nipple_behind_torso.png,（構図候補に無い）
nipple_behind_torso_2.png,（構図候補に無い）
nipple_behind_whisper_blindfold.png,（構図候補に無い）
nipple_face_close_blindfold.png,（構図候補に無い）
nipple_front_standing.png,（構図候補に無い）
nipple_front_standing_2.png,（構図候補に無い）
nipple_front_standing_3.png,nipple_front_standing\nipple_front_standing_00001_.png
nipple_front_standing_4.png,nipple_front_standing\nipple_front_standing_00002_.png
nipple_front_standing_5.png,nipple_front_standing\nipple_front_standing_00004_.png
nipple_front_standing_6.png,nipple_front_standing\nipple_front_standing_00005_.png
nipple_front_standing_7.png,nipple_front_standing\nipple_front_standing_00006_.png
nipple_front_standing_8.png,nipple_front_standing\nipple_front_standing_00007_.png
nipple_front_standing_9.png,nipple_front_standing\nipple_front_standing_00008_.png
nipple_kneel_front_back_peg.png,（構図候補に無い）
nipple_lap_facing.png,nipple_lap_facing\nipple_lap_facing_00001_.png
nipple_lap_facing_2.png,（構図候補に無い）
nipple_lap_facing_3.png,nipple_lap_facing\nipple_lap_facing_00002_.png
nipple_lap_facing_4.png,nipple_lap_facing\nipple_lap_facing_00003_.png
nipple_lap_facing_5.png,nipple_lap_facing\nipple_lap_facing_00004_.png
nipple_lap_facing_6.png,nipple_lap_facing\nipple_lap_facing_00006_.png
nipple_lap_facing_7.png,nipple_lap_facing\nipple_lap_facing_00008_.png
nipple_lap_pinch.png,（構図候補に無い）
nipple_lap_pinch_2.png,nipple_lap_pinch\nipple_lap_pinch_00001_.png
nipple_lap_pinch_3.png,nipple_lap_pinch\nipple_lap_pinch_00002_.png
nipple_lap_pinch_4.png,nipple_lap_pinch\nipple_lap_pinch_00003_.png
nipple_lap_pinch_5.png,nipple_lap_pinch\nipple_lap_pinch_00004_.png
nipple_lap_pinch_6.png,nipple_lap_pinch\nipple_lap_pinch_00005_.png
nipple_lap_pinch_7.png,nipple_lap_pinch\nipple_lap_pinch_00006_.png
nipple_lap_pinch_8.png,nipple_lap_pinch\nipple_lap_pinch_00007_.png
nipple_lick_hj.png,nipple_lick_hj\nipple_lick_hj_00001_.png
nipple_lick_hj_10.png,nipple_lick_hj\nipple_lick_hj_00010_.png
nipple_lick_hj_11.png,nipple_lick_hj\nipple_lick_hj_00011_.png
nipple_lick_hj_12.png,nipple_lick_hj\nipple_lick_hj_00012_.png
nipple_lick_hj_13.png,nipple_lick_hj\nipple_lick_hj_00013_.png
nipple_lick_hj_14.png,nipple_lick_hj\nipple_lick_hj_00014_.png
nipple_lick_hj_15.png,nipple_lick_hj\nipple_lick_hj_00015_.png
nipple_lick_hj_16.png,nipple_lick_hj\nipple_lick_hj_00016_.png
nipple_lick_hj_17.png,nipple_lick_hj\nipple_lick_hj_00017_.png
nipple_lick_hj_18.png,nipple_lick_hj\nipple_lick_hj_00018_.png
nipple_lick_hj_19.png,nipple_lick_hj\nipple_lick_hj_00019_.png
nipple_lick_hj_2.png,nipple_lick_hj\nipple_lick_hj_00002_.png
nipple_lick_hj_20.png,nipple_lick_hj\nipple_lick_hj_00020_.png
nipple_lick_hj_21.png,nipple_lick_hj\nipple_lick_hj_00021_.png
nipple_lick_hj_22.png,nipple_lick_hj\nipple_lick_hj_00022_.png
nipple_lick_hj_23.png,nipple_lick_hj\nipple_lick_hj_00023_.png
nipple_lick_hj_24.png,nipple_lick_hj\nipple_lick_hj_00024_.png
nipple_lick_hj_3.png,nipple_lick_hj\nipple_lick_hj_00003_.png
nipple_lick_hj_4.png,nipple_lick_hj\nipple_lick_hj_00004_.png
nipple_lick_hj_5.png,nipple_lick_hj\nipple_lick_hj_00005_.png
nipple_lick_hj_6.png,nipple_lick_hj\nipple_lick_hj_00006_.png
nipple_lick_hj_7.png,nipple_lick_hj\nipple_lick_hj_00007_.png
nipple_lick_hj_8.png,nipple_lick_hj\nipple_lick_hj_00008_.png
nipple_lick_hj_9.png,nipple_lick_hj\nipple_lick_hj_00009_.png
nipple_lie_pov_beside.png,（構図候補に無い）
nipple_lie_pov_hj.png,（構図候補に無い）
nipple_lie_pov_on.png,（構図候補に無い）
nipple_lie_pov_on_b.png,（構図候補に無い）
nipple_pov_lean_mask.png,（構図候補に無い）
nipple_pov_lick.png,（構図候補に無い）
nipple_pov_lick_10.png,nipple_pov_lick\nipple_pov_lick_00006_.png
nipple_pov_lick_11.png,nipple_pov_lick\nipple_pov_lick_00007_.png
nipple_pov_lick_2.png,（構図候補に無い）
nipple_pov_lick_3.png,（構図候補に無い）
nipple_pov_lick_4.png,（構図候補に無い）
nipple_pov_lick_5.png,（構図候補に無い）
nipple_pov_lick_6.png,（構図候補に無い）
nipple_pov_lick_7.png,（構図候補に無い）
nipple_pov_lick_8.png,nipple_pov_lick\nipple_pov_lick_00004_.png
nipple_pov_lick_9.png,nipple_pov_lick\nipple_pov_lick_00005_.png
nipple_pov_pinch.png,（構図候補に無い）
nipple_pov_pinch_2.png,（構図候補に無い）
nipple_pov_pinch_3.png,（構図候補に無い）
nipple_pov_straddle.png,（構図候補に無い）
nipple_side_lying.png,（構図候補に無い）
nipple_side_lying_10.png,nipple_side_lying\nipple_side_lying_00008_.png
nipple_side_lying_2.png,（構図候補に無い）
nipple_side_lying_3.png,（構図候補に無い）
nipple_side_lying_4.png,（構図候補に無い）
nipple_side_lying_5.png,（構図候補に無い）
nipple_side_lying_6.png,nipple_side_lying\nipple_side_lying_00002_.png
nipple_side_lying_7.png,nipple_side_lying\nipple_side_lying_00005_.png
nipple_side_lying_8.png,nipple_side_lying\nipple_side_lying_00006_.png
nipple_side_lying_9.png,nipple_side_lying\nipple_side_lying_00007_.png
nipple_sit_front_back_hj.png,（構図候補に無い）
nipple_sit_front_back_hj_2.png,（構図候補に無い）
nipple_sit_front_back_kiss.png,（構図候補に無い）
nipple_sit_front_foot.png,（構図候補に無い）
nipple_sit_front_kiss.png,（構図候補に無い）
nipple_sit_front_tentacle.png,（構図候補に無い）
nipple_sit_side.png,（構図候補に無い）
nipple_sit_side_2.png,（構図候補に無い）
nipple_sit_side_3.png,（構図候補に無い）
nipple_sit_side_4.png,（構図候補に無い）
nipple_sit_side_5.png,（構図候補に無い）
nipple_sit_tentacle.png,（構図候補に無い）
nipple_stand_close_beside.png,（構図候補に無い）
nipple_stand_front_back.png,（構図候補に無い）
oral_hang_above_between.png,（構図候補に無い）
oral_pov_low.png,（構図候補に無い）
oral_pov_low_10.png,（構図候補に無い）
oral_pov_low_2.png,（構図候補に無い）
oral_pov_low_3.png,（構図候補に無い）
oral_pov_low_4.png,（構図候補に無い）
oral_pov_low_5.png,（構図候補に無い）
oral_pov_low_6.png,（構図候補に無い）
oral_pov_low_7.png,（構図候補に無い）
oral_pov_low_8.png,（構図候補に無い）
oral_pov_low_9.png,（構図候補に無い）
oral_side_lying.png,（構図候補に無い）
oral_side_lying_2.png,（構図候補に無い）
oral_side_lying_3.png,（構図候補に無い）
oral_side_lying_4.png,（構図候補に無い）
oral_side_lying_5.png,（構図候補に無い）
oral_stand_side.png,（構図候補に無い）
paizuri.png,（構図候補に無い）
paizuri_2.png,（構図候補に無い）
paizuri_3.png,（構図候補に無い）
paizuri_4.png,（構図候補に無い）
paizuri_5.png,（構図候補に無い）
paizuri_6.png,（構図候補に無い）
paizuri_7.png,paizuri\paizuri_00001_.png
paizuri_8.png,paizuri\paizuri_00002_.png
paizuri_lie_pov.png,（構図候補に無い）
paizuri_lie_pov_2.png,（構図候補に無い）
paizuri_side.png,（構図候補に無い）
paizuri_side_2.png,（構図候補に無い）
paizuri_side_3.png,（構図候補に無い）
paizuri_side_4.png,（構図候補に無い）
paizuri_side_5.png,（構図候補に無い）
paizuri_side_6.png,paizuri_side\paizuri_side_00001_.png
paizuri_side_7.png,paizuri_side\paizuri_side_00002_.png
paizuri_side_8.png,paizuri_side\paizuri_side_00005_.png
paizuri_side_9.png,paizuri_side\paizuri_side_00008_.png
peg.png,（構図候補に無い）
peg_10.png,（構図候補に無い）
peg_11.png,（構図候補に無い）
peg_12.png,（構図候補に無い）
peg_13.png,（構図候補に無い）
peg_14.png,（構図候補に無い）
peg_15.png,（構図候補に無い）
peg_16.png,（構図候補に無い）
peg_17.png,（構図候補に無い）
peg_18.png,（構図候補に無い）
peg_19.png,（構図候補に無い）
peg_2.png,（構図候補に無い）
peg_20.png,（構図候補に無い）
peg_3.png,（構図候補に無い）
peg_4.png,（構図候補に無い）
peg_5.png,（構図候補に無い）
peg_6.png,（構図候補に無い）
peg_7.png,（構図候補に無い）
peg_8.png,（構図候補に無い）
peg_9.png,（構図候補に無い）
peg_bent_bench_behind.png,（構図候補に無い）
peg_bent_front_back.png,（構図候補に無い）
peg_bent_front_back_b.png,（構図候補に無い）
peg_bent_side.png,（構図候補に無い）
peg_bent_side_10.png,（構図候補に無い）
peg_bent_side_11.png,（構図候補に無い）
peg_bent_side_2.png,（構図候補に無い）
peg_bent_side_3.png,（構図候補に無い）
peg_bent_side_4.png,（構図候補に無い）
peg_bent_side_5.png,（構図候補に無い）
peg_bent_side_6.png,（構図候補に無い）
peg_bent_side_7.png,（構図候補に無い）
peg_bent_side_8.png,（構図候補に無い）
peg_bent_side_9.png,（構図候補に無い）
peg_bent_side_b.png,（構図候補に無い）
peg_bent_side_b_10.png,（構図候補に無い）
peg_bent_side_b_11.png,（構図候補に無い）
peg_bent_side_b_12.png,（構図候補に無い）
peg_bent_side_b_13.png,（構図候補に無い）
peg_bent_side_b_14.png,（構図候補に無い）
peg_bent_side_b_15.png,（構図候補に無い）
peg_bent_side_b_16.png,（構図候補に無い）
peg_bent_side_b_17.png,（構図候補に無い）
peg_bent_side_b_2.png,（構図候補に無い）
peg_bent_side_b_3.png,（構図候補に無い）
peg_bent_side_b_4.png,（構図候補に無い）
peg_bent_side_b_5.png,（構図候補に無い）
peg_bent_side_b_6.png,（構図候補に無い）
peg_bent_side_b_7.png,（構図候補に無い）
peg_bent_side_b_8.png,（構図候補に無い）
peg_bent_side_b_9.png,（構図候補に無い）
peg_bent_side_back.png,（構図候補に無い）
peg_bent_side_chastity.png,（構図候補に無い）
peg_bent_side_chastity_10.png,（構図候補に無い）
peg_bent_side_chastity_11.png,（構図候補に無い）
peg_bent_side_chastity_12.png,（構図候補に無い）
peg_bent_side_chastity_13.png,（構図候補に無い）
peg_bent_side_chastity_14.png,（構図候補に無い）
peg_bent_side_chastity_15.png,（構図候補に無い）
peg_bent_side_chastity_16.png,（構図候補に無い）
peg_bent_side_chastity_17.png,（構図候補に無い）
peg_bent_side_chastity_18.png,（構図候補に無い）
peg_bent_side_chastity_19.png,（構図候補に無い）
peg_bent_side_chastity_2.png,（構図候補に無い）
peg_bent_side_chastity_20.png,（構図候補に無い）
peg_bent_side_chastity_21.png,（構図候補に無い）
peg_bent_side_chastity_22.png,（構図候補に無い）
peg_bent_side_chastity_23.png,（構図候補に無い）
peg_bent_side_chastity_24.png,（構図候補に無い）
peg_bent_side_chastity_25.png,（構図候補に無い）
peg_bent_side_chastity_26.png,（構図候補に無い）
peg_bent_side_chastity_27.png,（構図候補に無い）
peg_bent_side_chastity_28.png,（構図候補に無い）
peg_bent_side_chastity_3.png,（構図候補に無い）
peg_bent_side_chastity_4.png,（構図候補に無い）
peg_bent_side_chastity_5.png,（構図候補に無い）
peg_bent_side_chastity_6.png,（構図候補に無い）
peg_bent_side_chastity_7.png,（構図候補に無い）
peg_bent_side_chastity_8.png,（構図候補に無い）
peg_bent_side_chastity_9.png,（構図候補に無い）
peg_chair.png,（構図候補に無い）
peg_chair_10.png,peg_chair\peg_chair_00008_.png
peg_chair_11.png,peg_chair\peg_chair_00009_.png
peg_chair_12.png,peg_chair\peg_chair_00010_.png
peg_chair_2.png,（構図候補に無い）
peg_chair_3.png,（構図候補に無い）
peg_chair_4.png,（構図候補に無い）
peg_chair_5.png,（構図候補に無い）
peg_chair_6.png,peg_chair\peg_chair_00001_.png
peg_chair_7.png,peg_chair\peg_chair_00003_.png
peg_chair_8.png,peg_chair\peg_chair_00004_.png
peg_chair_9.png,peg_chair\peg_chair_00007_.png
peg_desk_behind_b.png,（構図候補に無い）
peg_desk_side.png,（構図候補に無い）
peg_desk_side_10.png,peg_desk_side\peg_desk_side_00003_.png
peg_desk_side_11.png,peg_desk_side\peg_desk_side_00005_.png
peg_desk_side_12.png,peg_desk_side\peg_desk_side_00006_.png
peg_desk_side_2.png,（構図候補に無い）
peg_desk_side_3.png,（構図候補に無い）
peg_desk_side_4.png,（構図候補に無い）
peg_desk_side_5.png,（構図候補に無い）
peg_desk_side_6.png,（構図候補に無い）
peg_desk_side_7.png,（構図候補に無い）
peg_desk_side_8.png,（構図候補に無い）
peg_desk_side_9.png,（構図候補に無い）
peg_doggy.png,（構図候補に無い）
peg_doggy_10.png,（構図候補に無い）
peg_doggy_11.png,peg_doggy\peg_doggy_00001_.png
peg_doggy_12.png,peg_doggy\peg_doggy_00006_.png
peg_doggy_13.png,peg_doggy\peg_doggy_00010_.png
peg_doggy_2.png,（構図候補に無い）
peg_doggy_3.png,（構図候補に無い）
peg_doggy_4.png,（構図候補に無い）
peg_doggy_5.png,（構図候補に無い）
peg_doggy_6.png,（構図候補に無い）
peg_doggy_7.png,（構図候補に無い）
peg_doggy_8.png,（構図候補に無い）
peg_doggy_9.png,（構図候補に無い）
peg_fours_front.png,（構図候補に無い）
peg_fours_front_2.png,（構図候補に無い）
peg_fours_front_back.png,（構図候補に無い）
peg_fours_side.png,（構図候補に無い）
peg_fours_side_10.png,（構図候補に無い）
peg_fours_side_2.png,（構図候補に無い）
peg_fours_side_3.png,（構図候補に無い）
peg_fours_side_4.png,（構図候補に無い）
peg_fours_side_5.png,（構図候補に無い）
peg_fours_side_6.png,（構図候補に無い）
peg_fours_side_7.png,（構図候補に無い）
peg_fours_side_8.png,（構図候補に無い）
peg_fours_side_9.png,（構図候補に無い）
peg_fours_side_sandwich_peg.png,（構図候補に無い）
peg_hang_side_bound.png,（構図候補に無い）
peg_hang_side_bound_2.png,（構図候補に無い）
peg_hang_side_bound_3.png,（構図候補に無い）
peg_hang_side_bound_4.png,（構図候補に無い）
peg_hang_side_bound_5.png,（構図候補に無い）
peg_hang_side_bound_b.png,（構図候補に無い）
peg_hang_side_bound_b_2.png,（構図候補に無い）
peg_hang_side_bound_b_3.png,（構図候補に無い）
peg_hang_side_bound_b_4.png,（構図候補に無い）
peg_kneel_behind_hj_nipple.png,（構図候補に無い）
peg_lie_above_back.png,（構図候補に無い）
peg_lie_above_back_2.png,（構図候補に無い）
peg_lie_above_back_3.png,（構図候補に無い）
peg_lie_above_back_4.png,（構図候補に無い）
peg_lie_above_back_5.png,（構図候補に無い）
peg_lie_above_back_6.png,（構図候補に無い）
peg_lie_above_back_7.png,（構図候補に無い）
peg_lie_pov.png,（構図候補に無い）
peg_lie_pov_2.png,（構図候補に無い）
peg_lie_pov_3.png,（構図候補に無い）
peg_lie_pov_b.png,（構図候補に無い）
peg_lie_side.png,（構図候補に無い）
peg_lie_side_10.png,（構図候補に無い）
peg_lie_side_11.png,（構図候補に無い）
peg_lie_side_12.png,（構図候補に無い）
peg_lie_side_2.png,（構図候補に無い）
peg_lie_side_3.png,（構図候補に無い）
peg_lie_side_4.png,（構図候補に無い）
peg_lie_side_5.png,（構図候補に無い）
peg_lie_side_6.png,（構図候補に無い）
peg_lie_side_7.png,（構図候補に無い）
peg_lie_side_8.png,（構図候補に無い）
peg_lie_side_9.png,（構図候補に無い）
peg_lie_side_back_nipple.png,（構図候補に無い）
peg_lie_side_back_nipple_2.png,（構図候補に無い）
peg_nipple_p.png,（構図候補に無い）
peg_nipple_p_2.png,peg_nipple_p\peg_nipple_p_00001_.png
peg_nipple_p_3.png,peg_nipple_p\peg_nipple_p_00002_.png
peg_nipple_p_4.png,peg_nipple_p\peg_nipple_p_00003_.png
peg_nipple_p_5.png,peg_nipple_p\peg_nipple_p_00004_.png
peg_nipple_p_6.png,peg_nipple_p\peg_nipple_p_00005_.png
peg_nipple_p_7.png,peg_nipple_p\peg_nipple_p_00006_.png
peg_nipple_p_8.png,peg_nipple_p\peg_nipple_p_00008_.png
peg_p.png,（構図候補に無い）
peg_p_2.png,（構図候補に無い）
peg_p_3.png,（構図候補に無い）
peg_p_4.png,（構図候補に無い）
peg_p_5.png,peg_p\peg_p_00001_.png
peg_p_6.png,peg_p\peg_p_00003_.png
peg_p_7.png,peg_p\peg_p_00004_.png
peg_p_8.png,peg_p\peg_p_00008_.png
peg_piledriver_back.png,（構図候補に無い）
peg_pov.png,（構図候補に無い）
peg_pov_2.png,peg_pov\peg_pov_00001_.png
peg_pov_3.png,peg_pov\peg_pov_00002_.png
peg_pov_4.png,peg_pov\peg_pov_00005_.png
peg_pov_5.png,peg_pov\peg_pov_00006_.png
peg_pov_6.png,peg_pov\peg_pov_00008_.png
peg_pov_7.png,peg_pov\peg_pov_00009_.png
peg_pov_8.png,peg_pov\peg_pov_00010_.png
peg_pov_9.png,peg_pov\peg_pov_00011_.png
peg_press_side.png,（構図候補に無い）
peg_press_side_2.png,（構図候補に無い）
peg_press_side_3.png,（構図候補に無い）
peg_press_side_4.png,peg_press_side\peg_press_side_00002_.png
peg_press_side_5.png,peg_press_side\peg_press_side_00003_.png
peg_press_side_6.png,peg_press_side\peg_press_side_00006_.png
peg_press_side_7.png,peg_press_side\peg_press_side_00007_.png
peg_press_side_8.png,peg_press_side\peg_press_side_00008_.png
peg_prone_behind_eyes_cover.png,（構図候補に無い）
peg_prone_front_back.png,（構図候補に無い）
peg_prone_side.png,（構図候補に無い）
peg_prone_side_2.png,（構図候補に無い）
peg_prone_side_3.png,（構図候補に無い）
peg_prone_side_4.png,（構図候補に無い）
peg_prone_side_5.png,（構図候補に無い）
peg_prone_side_6.png,（構図候補に無い）
peg_prone_side_7.png,peg_prone_side\peg_prone_side_00002_.png
peg_prone_side_8.png,peg_prone_side\peg_prone_side_00006_.png
peg_prone_side_9.png,peg_prone_side\peg_prone_side_00007_.png
peg_prone_side_back.png,（構図候補に無い）
peg_prone_side_back_10.png,（構図候補に無い）
peg_prone_side_back_11.png,（構図候補に無い）
peg_prone_side_back_12.png,（構図候補に無い）
peg_prone_side_back_13.png,（構図候補に無い）
peg_prone_side_back_2.png,（構図候補に無い）
peg_prone_side_back_3.png,（構図候補に無い）
peg_prone_side_back_4.png,（構図候補に無い）
peg_prone_side_back_5.png,（構図候補に無い）
peg_prone_side_back_6.png,（構図候補に無い）
peg_prone_side_back_7.png,（構図候補に無い）
peg_prone_side_back_8.png,（構図候補に無い）
peg_prone_side_back_9.png,（構図候補に無い）
peg_prone_side_on.png,（構図候補に無い）
peg_prone_side_on_b.png,（構図候補に無い）
peg_sit_front_back.png,（構図候補に無い）
peg_sit_front_back_hj.png,（構図候補に無い）
peg_spoon.png,（構図候補に無い）
peg_spoon_10.png,peg_spoon\peg_spoon_00009_.png
peg_spoon_11.png,peg_spoon\peg_spoon_00011_.png
peg_spoon_12.png,peg_spoon\peg_spoon_00012_.png
peg_spoon_2.png,（構図候補に無い）
peg_spoon_3.png,peg_spoon\peg_spoon_00001_.png
peg_spoon_4.png,peg_spoon\peg_spoon_00002_.png
peg_spoon_5.png,peg_spoon\peg_spoon_00003_.png
peg_spoon_6.png,peg_spoon\peg_spoon_00004_.png
peg_spoon_7.png,peg_spoon\peg_spoon_00006_.png
peg_spoon_8.png,peg_spoon\peg_spoon_00007_.png
peg_spoon_9.png,peg_spoon\peg_spoon_00008_.png
peg_spoon_hj.png,（構図候補に無い）
peg_spoon_hj_2.png,（構図候補に無い）
peg_spoon_hj_3.png,（構図候補に無い）
peg_spoon_hj_4.png,peg_spoon_hj\peg_spoon_hj_00002_.png
peg_spoon_hj_5.png,peg_spoon_hj\peg_spoon_hj_00004_.png
peg_spoon_hj_6.png,peg_spoon_hj\peg_spoon_hj_00007_.png
peg_spoon_hj_7.png,peg_spoon_hj\peg_spoon_hj_00008_.png
peg_stand_behind_b.png,（構図候補に無い）
peg_stand_behind_b_2.png,（構図候補に無い）
peg_stand_behind_b_3.png,（構図候補に無い）
peg_stand_behind_chin.png,（構図候補に無い）
peg_stand_side_back.png,（構図候補に無い）
peg_stand_side_back_nipple.png,（構図候補に無い）
peg_strapon.png,（構図候補に無い）
peg_strapon_10.png,peg_strapon\peg_strapon_00009_.png
peg_strapon_11.png,peg_strapon\peg_strapon_00010_.png
peg_strapon_12.png,peg_strapon\peg_strapon_00011_.png
peg_strapon_2.png,（構図候補に無い）
peg_strapon_3.png,（構図候補に無い）
peg_strapon_4.png,（構図候補に無い）
peg_strapon_5.png,（構図候補に無い）
peg_strapon_6.png,（構図候補に無い）
peg_strapon_7.png,peg_strapon\peg_strapon_00002_.png
peg_strapon_8.png,peg_strapon\peg_strapon_00006_.png
peg_strapon_9.png,peg_strapon\peg_strapon_00007_.png
peg_wall_behind_b.png,（構図候補に無い）
peg_wall_behind_nipple.png,（構図候補に無い）
peg_wall_behind_nipple_2.png,（構図候補に無い）
pov_chest_press.png,（構図候補に無い）
pov_chest_press_2.png,（構図候補に無い）
pov_chest_press_3.png,（構図候補に無い）
pov_chest_press_4.png,（構図候補に無い）
pov_chest_press_5.png,（構図候補に無い）
pov_chest_press_6.png,（構図候補に無い）
pov_footjob.png,（構図候補に無い）
pov_footjob_10.png,（構図候補に無い）
pov_footjob_11.png,（構図候補に無い）
pov_footjob_12.png,pov_footjob\pov_footjob_00001_.png
pov_footjob_13.png,pov_footjob\pov_footjob_00004_.png
pov_footjob_2.png,（構図候補に無い）
pov_footjob_3.png,（構図候補に無い）
pov_footjob_4.png,（構図候補に無い）
pov_footjob_5.png,（構図候補に無い）
pov_footjob_6.png,（構図候補に無い）
pov_footjob_7.png,（構図候補に無い）
pov_footjob_8.png,（構図候補に無い）
pov_footjob_9.png,（構図候補に無い）
pov_loom.png,（構図候補に無い）
pov_loom_2.png,（構図候補に無い）
pov_loom_3.png,（構図候補に無い）
pov_loom_4.png,（構図候補に無い）
pov_loom_5.png,（構図候補に無い）
pov_multi_front.png,（構図候補に無い）
pov_multi_front_2.png,（構図候補に無い）
pov_multi_front_3.png,（構図候補に無い）
pov_multi_front_4.png,（構図候補に無い）
pov_multi_front_5.png,（構図候補に無い）
pov_multi_front_6.png,（構図候補に無い）
pov_multi_low.png,（構図候補に無い）
pov_multi_low_2.png,（構図候補に無い）
pov_multi_low_3.png,（構図候補に無い）
pov_multi_low_4.png,（構図候補に無い）
pov_multi_low_5.png,（構図候補に無い）
pov_multi_low_6.png,（構図候補に無い）
pov_multi_low_7.png,（構図候補に無い）
pov_multi_low_8.png,（構図候補に無い）
pov_multi_low_9.png,（構図候補に無い）
pov_paizuri.png,（構図候補に無い）
pov_paizuri_10.png,（構図候補に無い）
pov_paizuri_11.png,（構図候補に無い）
pov_paizuri_12.png,（構図候補に無い）
pov_paizuri_13.png,（構図候補に無い）
pov_paizuri_14.png,（構図候補に無い）
pov_paizuri_15.png,（構図候補に無い）
pov_paizuri_16.png,（構図候補に無い）
pov_paizuri_17.png,（構図候補に無い）
pov_paizuri_18.png,（構図候補に無い）
pov_paizuri_19.png,（構図候補に無い）
pov_paizuri_2.png,（構図候補に無い）
pov_paizuri_20.png,（構図候補に無い）
pov_paizuri_21.png,（構図候補に無い）
pov_paizuri_22.png,（構図候補に無い）
pov_paizuri_23.png,（構図候補に無い）
pov_paizuri_24.png,（構図候補に無い）
pov_paizuri_25.png,（構図候補に無い）
pov_paizuri_26.png,（構図候補に無い）
pov_paizuri_27.png,pov_paizuri\pov_paizuri_00003_.png
pov_paizuri_28.png,pov_paizuri\pov_paizuri_00004_.png
pov_paizuri_29.png,pov_paizuri\pov_paizuri_00005_.png
pov_paizuri_3.png,（構図候補に無い）
pov_paizuri_30.png,pov_paizuri\pov_paizuri_00007_.png
pov_paizuri_4.png,（構図候補に無い）
pov_paizuri_5.png,（構図候補に無い）
pov_paizuri_6.png,（構図候補に無い）
pov_paizuri_7.png,（構図候補に無い）
pov_paizuri_8.png,（構図候補に無い）
pov_paizuri_9.png,（構図候補に無い）
prone_reverse_sit.png,（構図候補に無い）
prostate_p.png,（構図候補に無い）
prostate_p_2.png,（構図候補に無い）
prostate_p_3.png,（構図候補に無い）
prostate_p_4.png,（構図候補に無い）
prostate_p_5.png,（構図候補に無い）
prostate_p_6.png,prostate_p\prostate_p_00001_.png
prostate_p_7.png,prostate_p\prostate_p_00002_.png
prostate_p_8.png,prostate_p\prostate_p_00008_.png
rah.png,（構図候補に無い）
rah_2.png,（構図候補に無い）
rah_3.png,（構図候補に無い）
rah_4.png,rah\rah_00002_.png
rah_5.png,rah\rah_00003_.png
rah_6.png,rah\rah_00004_.png
rah_7.png,rah\rah_00005_.png
rah_8.png,rah\rah_00007_.png
rah_behind.png,（構図候補に無い）
rah_behind_2.png,（構図候補に無い）
rah_behind_3.png,（構図候補に無い）
rah_behind_4.png,（構図候補に無い）
rah_behind_5.png,（構図候補に無い）
rah_behind_6.png,（構図候補に無い）
rah_behind_7.png,（構図候補に無い）
rah_behind_8.png,rah_behind\rah_behind_00005_.png
rah_behind_9.png,rah_behind\rah_behind_00007_.png
rah_lying.png,（構図候補に無い）
rah_lying_2.png,（構図候補に無い）
rah_lying_3.png,（構図候補に無い）
rah_lying_4.png,（構図候補に無い）
rah_lying_5.png,（構図候補に無い）
rah_lying_6.png,（構図候補に無い）
rah_lying_7.png,（構図候補に無い）
rah_lying_8.png,rah_lying\rah_lying_00007_.png
rah_standing.png,（構図候補に無い）
rah_standing_2.png,（構図候補に無い）
rah_standing_3.png,（構図候補に無い）
rah_standing_4.png,（構図候補に無い）
rah_standing_5.png,（構図候補に無い）
rah_standing_6.png,（構図候補に無い）
rah_standing_7.png,rah_standing\rah_standing_00002_.png
rah_standing_8.png,rah_standing\rah_standing_00007_.png
rekiben_front_back_peg.png,（構図候補に無い）
reverse_straddle_lookback.png,（構図候補に無い）
reverse_straddle_lookback_2.png,（構図候補に無い）
reverse_straddle_lookback_3.png,（構図候補に無い）
reverse_straddle_pov.png,（構図候補に無い）
reverse_straddle_pov_2.png,（構図候補に無い）
reverse_straddle_pov_3.png,（構図候補に無い）
reverse_straddle_pov_4.png,（構図候補に無い）
reverse_straddle_side.png,（構図候補に無い）
reverse_straddle_side_2.png,（構図候補に無い）
rimjob_bent_side_back.png,（構図候補に無い）
rimjob_fours_behind_over_hj.png,（構図候補に無い）
rimjob_fours_behind_over_hj_2.png,（構図候補に無い）
rimjob_fours_side.png,（構図候補に無い）
rimjob_fours_side_10.png,（構図候補に無い）
rimjob_fours_side_11.png,（構図候補に無い）
rimjob_fours_side_12.png,（構図候補に無い）
rimjob_fours_side_13.png,（構図候補に無い）
rimjob_fours_side_14.png,（構図候補に無い）
rimjob_fours_side_15.png,（構図候補に無い）
rimjob_fours_side_16.png,（構図候補に無い）
rimjob_fours_side_2.png,（構図候補に無い）
rimjob_fours_side_3.png,（構図候補に無い）
rimjob_fours_side_4.png,（構図候補に無い）
rimjob_fours_side_5.png,（構図候補に無い）
rimjob_fours_side_6.png,（構図候補に無い）
rimjob_fours_side_7.png,（構図候補に無い）
rimjob_fours_side_8.png,（構図候補に無い）
rimjob_fours_side_9.png,（構図候補に無い）
rimjob_lying_side.png,（構図候補に無い）
rimjob_sit_behind_between.png,（構図候補に無い）
rimjob_standing_side.png,（構図候補に無い）
rusty.png,（構図候補に無い）
rusty_2.png,（構図候補に無い）
rusty_3.png,（構図候補に無い）
rusty_4.png,rusty\rusty_00002_.png
rusty_5.png,rusty\rusty_00004_.png
rusty_6.png,rusty\rusty_00005_.png
rusty_7.png,rusty\rusty_00006_.png
rusty_8.png,rusty\rusty_00007_.png
rusty_bent_side.png,（構図候補に無い）
rusty_bent_side_2.png,（構図候補に無い）
rusty_close_behind.png,（構図候補に無い）
rusty_fours_behind_hj.png,（構図候補に無い）
rusty_fours_side_back_hj.png,（構図候補に無い）
rusty_fours_side_back_hj_b.png,（構図候補に無い）
rusty_pov_legs_up.png,（構図候補に無い）
rusty_pov_legs_up_2.png,（構図候補に無い）
rusty_pov_legs_up_3.png,（構図候補に無い）
rusty_stand_above.png,（構図候補に無い）
side_allfours_milking.png,（構図候補に無い）
side_allfours_milking_2.png,（構図候補に無い）
side_allfours_milking_3.png,（構図候補に無い）
side_allfours_milking_4.png,side_allfours_milking\side_allfours_milking_00001_.png
side_allfours_milking_5.png,side_allfours_milking\side_allfours_milking_00002_.png
side_allfours_milking_6.png,side_allfours_milking\side_allfours_milking_00003_.png
side_allfours_milking_7.png,side_allfours_milking\side_allfours_milking_00004_.png
side_allfours_milking_8.png,side_allfours_milking\side_allfours_milking_00005_.png
side_bound_hug.png,（構図候補に無い）
side_bound_hug_2.png,（構図候補に無い）
side_bound_hug_3.png,（構図候補に無い）
side_bound_hug_4.png,side_bound_hug\side_bound_hug_00001_.png
side_bound_hug_5.png,side_bound_hug\side_bound_hug_00002_.png
side_bound_hug_6.png,side_bound_hug\side_bound_hug_00003_.png
side_bound_hug_7.png,side_bound_hug\side_bound_hug_00005_.png
side_bound_hug_8.png,side_bound_hug\side_bound_hug_00008_.png
side_chin_lift.png,（構図候補に無い）
side_chin_lift_2.png,（構図候補に無い）
side_chin_lift_3.png,（構図候補に無い）
side_chin_lift_4.png,（構図候補に無い）
side_chin_lift_5.png,（構図候補に無い）
side_chin_lift_6.png,（構図候補に無い）
side_chin_lift_7.png,side_chin_lift\side_chin_lift_00003_.png
side_chin_lift_8.png,side_chin_lift\side_chin_lift_00005_.png
side_fours_finger.png,（構図候補に無い）
side_fours_finger_2.png,（構図候補に無い）
side_fours_finger_3.png,（構図候補に無い）
side_fours_lick.png,（構図候補に無い）
side_fours_lick_2.png,（構図候補に無い）
sit_between_legs_front.png,（構図候補に無い）
sit_between_legs_front_2.png,（構図候補に無い）
sit_between_legs_front_3.png,（構図候補に無い）
sit_between_legs_front_4.png,（構図候補に無い）
sit_side_bench_hj.png,（構図候補に無い）
sit_side_bench_hj_2.png,sit_side_bench_hj\sit_side_bench_hj_00001_.png
sit_side_bench_hj_3.png,sit_side_bench_hj\sit_side_bench_hj_00002_.png
sit_side_bench_hj_4.png,sit_side_bench_hj\sit_side_bench_hj_00003_.png
sit_side_neck.png,sit_side_neck\sit_side_neck_00003_.png
sit_side_neck_2.png,（構図候補に無い）
sit_side_neck_3.png,（構図候補に無い）
sit_side_sofa_nipple.png,（構図候補に無い）
sit_side_sofa_nipple_2.png,（構図候補に無い）
sit_side_sofa_nipple_3.png,（構図候補に無い）
sit_side_sofa_nipple_4.png,sit_side_sofa_nipple\sit_side_sofa_nipple_00002_.png
smother_chest_front.png,（構図候補に無い）
smother_chest_front_2.png,（構図候補に無い）
smother_lie_front.png,（構図候補に無い）
smother_lie_side_back.png,（構図候補に無い）
smother_lie_side_beside.png,（構図候補に無い）
smother_lie_side_over.png,（構図候補に無い）
smother_lying_low.png,（構図候補に無い）
smother_wall_side.png,（構図候補に無い）
stand_chest_side.png,（構図候補に無い）
stand_chest_side_2.png,（構図候補に無い）
stand_embrace_back.png,（構図候補に無い）
stand_embrace_kiss_finger.png,（構図候補に無い）
stand_embrace_side_finger.png,（構図候補に無い）
stand_over_face_lookback.png,（構図候補に無い）
stand_over_face_lookback_2.png,（構図候補に無い）
stand_over_face_lookback_3.png,（構図候補に無い）
stand_over_face_lookback_4.png,（構図候補に無い）
step.png,（構図候補に無い）
step_10.png,step\step_00004_.png
step_11.png,step\step_00005_.png
step_2.png,（構図候補に無い）
step_3.png,（構図候補に無い）
step_4.png,（構図候補に無い）
step_5.png,（構図候補に無い）
step_6.png,（構図候補に無い）
step_7.png,（構図候補に無い）
step_8.png,（構図候補に無い）
step_9.png,step\step_00002_.png
step_toy_prostrate_behind.png,（構図候補に無い）
straddle_behind_lookback.png,lying_on_him_lookback\lying_on_him_lookback_00010_.png
straddle_lie_pov.png,（構図候補に無い）
straddle_lie_pov_2.png,（構図候補に無い）
straddle_lie_pov_3.png,（構図候補に無い）
straddle_lie_pov_4.png,（構図候補に無い）
straddle_lie_pov_5.png,（構図候補に無い）
straddle_lie_pov_6.png,（構図候補に無い）
straddle_lie_pov_7.png,（構図候補に無い）
straddle_lie_pov_tentacle.png,（構図候補に無い）
straddle_pin_side.png,（構図候補に無い）
straddle_pin_side_2.png,straddle_pin_side\straddle_pin_side_00002_.png
straddle_pin_side_3.png,straddle_pin_side\straddle_pin_side_00003_.png
straddle_pin_side_4.png,straddle_pin_side\straddle_pin_side_00007_.png
straddle_pin_side_5.png,（構図候補に無い）
straddle_pin_side_6.png,（構図候補に無い）
straddle_pin_side_7.png,（構図候補に無い）
straddle_pin_side_8.png,straddle_pin_side\straddle_pin_side_00008_.png
straddle_pov.png,（構図候補に無い）
straddle_pov_2.png,（構図候補に無い）
straddle_pov_3.png,（構図候補に無い）
straddle_pov_4.png,（構図候補に無い）
straddle_pov_5.png,（構図候補に無い）
straddle_pov_6.png,（構図候補に無い）
straddle_pov_7.png,straddle_pov\straddle_pov_00004_.png
straddle_pov_8.png,straddle_pov\straddle_pov_00005_.png
straddle_pov_9.png,straddle_pov\straddle_pov_00006_.png
straddle_pov_handhold.png,（構図候補に無い）
straddle_pov_handhold_2.png,（構図候補に無い）
straddle_pov_handhold_3.png,（構図候補に無い）
straddle_pov_lean.png,（構図候補に無い）
straddle_pov_lean_2.png,（構図候補に無い）
straddle_pov_lean_3.png,（構図候補に無い）
straddle_pov_lean_4.png,（構図候補に無い）
straddle_pov_lean_5.png,（構図候補に無い）
straddle_pov_upright.png,（構図候補に無い）
straddle_pov_upright_10.png,（構図候補に無い）
straddle_pov_upright_11.png,（構図候補に無い）
straddle_pov_upright_12.png,（構図候補に無い）
straddle_pov_upright_13.png,（構図候補に無い）
straddle_pov_upright_14.png,（構図候補に無い）
straddle_pov_upright_15.png,（構図候補に無い）
straddle_pov_upright_16.png,（構図候補に無い）
straddle_pov_upright_17.png,（構図候補に無い）
straddle_pov_upright_18.png,（構図候補に無い）
straddle_pov_upright_19.png,（構図候補に無い）
straddle_pov_upright_2.png,（構図候補に無い）
straddle_pov_upright_20.png,（構図候補に無い）
straddle_pov_upright_21.png,（構図候補に無い）
straddle_pov_upright_22.png,（構図候補に無い）
straddle_pov_upright_23.png,（構図候補に無い）
straddle_pov_upright_24.png,（構図候補に無い）
straddle_pov_upright_25.png,（構図候補に無い）
straddle_pov_upright_26.png,（構図候補に無い）
straddle_pov_upright_27.png,（構図候補に無い）
straddle_pov_upright_28.png,（構図候補に無い）
straddle_pov_upright_29.png,（構図候補に無い）
straddle_pov_upright_3.png,（構図候補に無い）
straddle_pov_upright_30.png,（構図候補に無い）
straddle_pov_upright_31.png,（構図候補に無い）
straddle_pov_upright_32.png,（構図候補に無い）
straddle_pov_upright_33.png,（構図候補に無い）
straddle_pov_upright_34.png,（構図候補に無い）
straddle_pov_upright_35.png,（構図候補に無い）
straddle_pov_upright_36.png,（構図候補に無い）
straddle_pov_upright_37.png,（構図候補に無い）
straddle_pov_upright_38.png,（構図候補に無い）
straddle_pov_upright_39.png,（構図候補に無い）
straddle_pov_upright_4.png,（構図候補に無い）
straddle_pov_upright_5.png,（構図候補に無い）
straddle_pov_upright_6.png,（構図候補に無い）
straddle_pov_upright_7.png,（構図候補に無い）
straddle_pov_upright_8.png,（構図候補に無い）
straddle_pov_upright_9.png,（構図候補に無い）
succubus_tail.png,（構図候補に無い）
succubus_tail_10.png,succubus_tail\succubus_tail_00010_.png
succubus_tail_11.png,succubus_tail\succubus_tail_00011_.png
succubus_tail_12.png,succubus_tail\succubus_tail_00012_.png
succubus_tail_2.png,（構図候補に無い）
succubus_tail_3.png,（構図候補に無い）
succubus_tail_4.png,succubus_tail\succubus_tail_00001_.png
succubus_tail_5.png,succubus_tail\succubus_tail_00002_.png
succubus_tail_6.png,succubus_tail\succubus_tail_00003_.png
succubus_tail_7.png,succubus_tail\succubus_tail_00004_.png
succubus_tail_8.png,succubus_tail\succubus_tail_00007_.png
succubus_tail_9.png,succubus_tail\succubus_tail_00009_.png
suspension.png,suspension\suspension_00001_.png
suspension_10.png,suspension\suspension_00008_.png
suspension_11.png,suspension\suspension_00009_.png
suspension_2.png,（構図候補に無い）
suspension_3.png,（構図候補に無い）
suspension_4.png,（構図候補に無い）
suspension_5.png,（構図候補に無い）
suspension_6.png,suspension\suspension_00003_.png
suspension_7.png,suspension\suspension_00004_.png
suspension_8.png,suspension\suspension_00005_.png
suspension_9.png,suspension\suspension_00007_.png
suspension_hj.png,（構図候補に無い）
suspension_hj_2.png,（構図候補に無い）
suspension_hj_3.png,（構図候補に無い）
suspension_hj_4.png,（構図候補に無い）
suspension_hj_5.png,（構図候補に無い）
suspension_hj_6.png,（構図候補に無い）
suspension_hj_7.png,suspension_hj\suspension_hj_00007_.png
suspension_hj_8.png,suspension_hj\suspension_hj_00008_.png
suspension_peg.png,（構図候補に無い）
suspension_peg_2.png,（構図候補に無い）
suspension_peg_3.png,（構図候補に無い）
suspension_peg_4.png,（構図候補に無い）
suspension_peg_5.png,（構図候補に無い）
suspension_peg_6.png,（構図候補に無い）
suspension_peg_7.png,（構図候補に無い）
suspension_peg_8.png,suspension_peg\suspension_peg_00001_.png
suspension_peg_9.png,suspension_peg\suspension_peg_00006_.png
tentacle_fours_behind_finger.png,（構図候補に無い）
tentacle_fours_behind_on_peg.png,（構図候補に無い）
tentacle_hang_front_finger.png,（構図候補に無い）
tentacle_legs_watch.png,（構図候補に無い）
tentacle_lie_pov_straddle.png,（構図候補に無い）
thigh.png,（構図候補に無い）
thigh_2.png,（構図候補に無い）
thigh_3.png,（構図候補に無い）
thigh_4.png,（構図候補に無い）
thigh_5.png,（構図候補に無い）
thigh_6.png,thigh\thigh_00004_.png
thigh_7.png,thigh\thigh_00005_.png
thigh_8.png,thigh\thigh_00007_.png
thigh_lie_pov_on.png,（構図候補に無い）
thigh_lie_pov_on_2.png,（構図候補に無い）
thigh_lie_pov_on_3.png,（構図候補に無い）
thigh_lie_pov_on_4.png,（構図候補に無い）
thigh_lie_pov_on_5.png,（構図候補に無い）
thigh_lie_pov_on_6.png,（構図候補に無い）
thigh_lie_pov_on_7.png,（構図候補に無い）
thigh_lie_pov_on_8.png,（構図候補に無い）
thigh_lie_pov_on_9.png,（構図候補に無い）
thigh_lying.png,（構図候補に無い）
thigh_lying_2.png,thigh_lying\thigh_lying_00002_.png
thigh_lying_3.png,（構図候補に無い）
thigh_lying_4.png,thigh_lying\thigh_lying_00004_.png
thigh_lying_5.png,（構図候補に無い）
thigh_lying_6.png,thigh_lying\thigh_lying_00007_.png
thigh_ontop.png,（構図候補に無い）
thigh_ontop_10.png,thigh_ontop\thigh_ontop_00006_.png
thigh_ontop_11.png,thigh_ontop\thigh_ontop_00008_.png
thigh_ontop_2.png,（構図候補に無い）
thigh_ontop_3.png,（構図候補に無い）
thigh_ontop_4.png,（構図候補に無い）
thigh_ontop_5.png,（構図候補に無い）
thigh_ontop_6.png,（構図候補に無い）
thigh_ontop_7.png,（構図候補に無い）
thigh_ontop_8.png,（構図候補に無い）
thigh_ontop_9.png,thigh_ontop\thigh_ontop_00002_.png
thigh_side.png,（構図候補に無い）
thigh_side_2.png,（構図候補に無い）
thigh_side_3.png,（構図候補に無い）
thigh_side_4.png,（構図候補に無い）
thigh_side_5.png,（構図候補に無い）
thigh_side_6.png,（構図候補に無い）
thigh_side_7.png,（構図候補に無い）
thigh_side_8.png,thigh_side\thigh_side_00001_.png
thigh_standing.png,（構図候補に無い）
thigh_standing_2.png,（構図候補に無い）
thigh_standing_3.png,（構図候補に無い）
thigh_standing_4.png,（構図候補に無い）
thigh_standing_5.png,（構図候補に無い）
thigh_standing_6.png,（構図候補に無い）
thigh_standing_7.png,thigh_standing\thigh_standing_00001_.png
thigh_standing_8.png,thigh_standing\thigh_standing_00004_.png
thigh_standing_9.png,thigh_standing\thigh_standing_00008_.png
toes_nipple.png,toes_nipple\toes_nipple_00002_.png
toes_nipple_2.png,toes_nipple\toes_nipple_00006_.png
toes_nipple_3.png,（構図候補に無い）
toes_nipple_4.png,toes_nipple\toes_nipple_00009_.png
toes_nipple_5.png,（構図候補に無い）
toes_nipple_6.png,（構図候補に無い）
toes_nipple_7.png,（構図候補に無い）
toes_nipple_8.png,（構図候補に無い）
toes_nipple_9.png,toes_nipple\toes_nipple_00012_.png
toes_nipple_hj.png,（構図候補に無い）
toes_nipple_hj_2.png,toes_nipple_hj\toes_nipple_hj_00006_.png
toes_nipple_hj_5.png,（構図候補に無い）
toes_nipple_hj_6.png,（構図候補に無い）
toes_nipple_hj_7.png,（構図候補に無い）
topdown_hj_hands.png,topdown_hj_hands\topdown_hj_hands_00004_.png
topdown_hj_hands_2.png,topdown_hj_hands\topdown_hj_hands_00005_.png
topdown_hj_hands_3.png,topdown_hj_hands\topdown_hj_hands_00008_.png
two_ear_sit_front_sandwich.png,（構図候補に無い）
two_kiss_bent_low_sandwich_finger.png,（構図候補に無い）
two_low_close.png,（構図候補に無い）
two_lying_above.png,（構図候補に無い）
two_nipple_lie_pov_over_nipple.png,（構図候補に無い）
two_nipple_sit_front_sides_nipple.png,（構図候補に無い）
two_nipple_sit_side_sandwich_whisper.png,（構図候補に無い）
two_nipple_sit_side_sandwich_whisper_b.png,（構図候補に無い）
two_nipple_sit_side_sandwich_whisper_b_10.png,（構図候補に無い）
two_nipple_sit_side_sandwich_whisper_b_11.png,（構図候補に無い）
two_nipple_sit_side_sandwich_whisper_b_12.png,（構図候補に無い）
two_nipple_sit_side_sandwich_whisper_b_13.png,（構図候補に無い）
two_nipple_sit_side_sandwich_whisper_b_14.png,（構図候補に無い）
two_nipple_sit_side_sandwich_whisper_b_15.png,（構図候補に無い）
two_nipple_sit_side_sandwich_whisper_b_16.png,（構図候補に無い）
two_nipple_sit_side_sandwich_whisper_b_17.png,（構図候補に無い）
two_nipple_sit_side_sandwich_whisper_b_2.png,（構図候補に無い）
two_nipple_sit_side_sandwich_whisper_b_3.png,（構図候補に無い）
two_nipple_sit_side_sandwich_whisper_b_4.png,（構図候補に無い）
two_nipple_sit_side_sandwich_whisper_b_5.png,（構図候補に無い）
two_nipple_sit_side_sandwich_whisper_b_6.png,（構図候補に無い）
two_nipple_sit_side_sandwich_whisper_b_7.png,（構図候補に無い）
two_nipple_sit_side_sandwich_whisper_b_8.png,（構図候補に無い）
two_nipple_sit_side_sandwich_whisper_b_9.png,（構図候補に無い）
two_nipple_stand_front_sandwich_kiss.png,（構図候補に無い）
two_nipple_stand_side_sandwich_rimjob.png,（構図候補に無い）
two_peg_fours_side_sandwich_peg.png,（構図候補に無い）
two_peg_fours_side_sandwich_peg_2.png,（構図候補に無い）
two_peg_fours_side_sides_peg.png,（構図候補に無い）
two_pov_lying.png,（構図候補に無い）
two_seated_sides.png,（構図候補に無い）
two_seated_sides_2.png,（構図候補に無い）
two_stand_sandwich.png,（構図候補に無い）
two_straddle_sit_front_sandwich_whisper.png,（構図候補に無い）
two_whisper_sit.png,（構図候補に無い）
two_whisper_sit_front_sides.png,（構図候補に無い）
two_whisper_sit_front_sides_2.png,（構図候補に無い）
urethra_pov_b.png,（構図候補に無い）
urethra_pov_b_2.png,（構図候補に無い）
urethra_pov_b_3.png,（構図候補に無い）
urethra_pov_b_4.png,（構図候補に無い）
urethra_pov_low.png,（構図候補に無い）
urethra_pov_rod.png,（構図候補に無い）
urethra_pov_rod_2.png,（構図候補に無い）
urethra_pov_rod_3.png,（構図候補に無い）
urethra_pov_rod_4.png,（構図候補に無い）
urethra_pov_rod_5.png,（構図候補に無い）
urethra_pov_rod_6.png,（構図候補に無い）
urethra_pov_rod_7.png,（構図候補に無い）
urethra_side_rod.png,（構図候補に無い）
urethra_stand_pov.png,（構図候補に無い）
wall_standing_nipple.png,（構図候補に無い）
wall_standing_nipple_2.png,（構図候補に無い）
wall_standing_nipple_3.png,（構図候補に無い）
wall_standing_nipple_4.png,（構図候補に無い）
wall_standing_nipple_5.png,（構図候補に無い）
wall_standing_nipple_6.png,wall_standing_nipple\wall_standing_nipple_00003_.png
wall_standing_nipple_7.png,wall_standing_nipple\wall_standing_nipple_00007_.png
wall_standing_nipple_8.png,wall_standing_nipple\wall_standing_nipple_00008_.png
whisper.png,（構図候補に無い）
whisper_10.png,whisper\whisper_00008_.png
whisper_2.png,（構図候補に無い）
whisper_3.png,（構図候補に無い）
whisper_4.png,（構図候補に無い）
whisper_5.png,（構図候補に無い）
whisper_6.png,（構図候補に無い）
whisper_7.png,（構図候補に無い）
whisper_8.png,（構図候補に無い）
whisper_9.png,whisper\whisper_00002_.png
whisper_lie_side_sandwich_kiss.png,（構図候補に無い）
whisper_lying.png,（構図候補に無い）
whisper_lying_2.png,（構図候補に無い）
whisper_lying_3.png,（構図候補に無い）
whisper_lying_4.png,whisper_lying\whisper_lying_00001_.png
whisper_lying_5.png,whisper_lying\whisper_lying_00003_.png
whisper_lying_6.png,whisper_lying\whisper_lying_00004_.png
whisper_lying_7.png,whisper_lying\whisper_lying_00006_.png
whisper_lying_8.png,whisper_lying\whisper_lying_00007_.png
whisper_sit_front_back_nipple.png,（構図候補に無い）
whisper_sit_front_beside.png,（構図候補に無い）
whisper_sit_front_beside_2.png,（構図候補に無い）
whisper_sit_front_beside_3.png,（構図候補に無い）
whisper_sit_front_beside_4.png,（構図候補に無い）
whisper_sit_front_beside_5.png,（構図候補に無い）
whisper_sit_front_beside_6.png,（構図候補に無い）
whisper_sit_front_beside_7.png,（構図候補に無い）
whisper_sit_front_beside_8.png,（構図候補に無い）
whisper_sit_front_beside_9.png,（構図候補に無い）
whisper_sit_side_facing_hug.png,（構図候補に無い）
whisper_stand_side_back_nipple.png,（構図候補に無い）
xcross.png,（構図候補に無い）
xcross_2.png,（構図候補に無い）
xcross_3.png,（構図候補に無い）
xcross_4.png,（構図候補に無い）
xcross_5.png,（構図候補に無い）
xcross_6.png,（構図候補に無い）
xcross_7.png,xcross\xcross_00005_.png
xcross_8.png,xcross\xcross_00006_.png
xray.png,（構図候補に無い）
xray_2.png,（構図候補に無い）
xray_3.png,（構図候補に無い）
xray_4.png,（構図候補に無い）
xray_5.png,（構図候補に無い）
xray_6.png,（構図候補に無い）
xray_7.png,（構図候補に無い）
xray_8.png,xray\xray_00008_.png
