MODコード,絵柄,メモ
Alchemy,Dishwasher,ランダム 10/01 01:03
Alraune,XLDishwasher,ランダム 10/01 01:03
Amazon,hews,ランダム 10/01 01:03
Android,Hisano,ランダム 10/01 01:03
Angel,ahemaru,ランダム 10/01 01:03
Arachne,Minamoto,ランダム 10/01 01:03
Atelier,IFL,ランダム 10/01 01:03
Auction,YoukosoElf,ランダム 10/01 01:03
Beach,YoukosoElf,ランダム 10/01 01:03
Bride,HGK,ランダム 10/01 01:03
Cammy,Bose,ランダム 10/01 01:03
Candy,Otochichi,ランダム 10/01 01:03
Casino,Yabuki,ランダム 10/01 01:03
Centaur,Danimaru,ランダム 10/01 01:03
Circle,cgelRichy,ランダム 10/01 01:03
Circus,DishwasherLoHa,ランダム 10/01 01:03
Clinic,Toridamono,ランダム 10/01 01:03
Clock,ebora,ランダム 10/01 01:03
CrossCafe,DishwasherV2,ランダム 10/01 01:03
DarkElf,AiLove,ランダム 10/01 01:03
Dorm,Momisan,ランダム 10/01 01:03
Dragon,DishwasherV2,ランダム 10/01 01:03
Dream,Suujiniku,ランダム 10/01 01:03
Eiraira,WadaArco,ランダム 10/01 01:03
Eruru,ahemaru,ランダム 10/01 01:03
Esthe,ToLoveRuD,ランダム 10/01 01:03
Exam,Dishwasher,ランダム 10/01 01:03
Flower,KNAI,ランダム 10/01 01:03
Fortune,cgelRichy,ランダム 10/01 01:03
Gemini,Asanagi,ランダム 10/01 01:03
General,HGK,ランダム 10/01 01:03
GhostShip,DishwasherV2,ランダム 10/01 01:03
Gym,ebora,ランダム 10/01 01:03
Harem,GEN,ランダム 10/01 01:03
Heels,Dishwasher,ランダム 10/01 01:03
Hive,DishwasherV2,ランダム 10/01 01:03
Host,KNAI,ランダム 10/01 01:03
Idol,Bose,ランダム 10/01 01:03
Inma,Suujiniku,ランダム 10/01 01:03
Inmon,KNAI,ランダム 10/01 01:03
Inn,Shexyo,ランダム 10/01 01:03
Kiss,Mosouko,ランダム 10/01 01:03
Kitsune,WadaArco,ランダム 10/01 01:03
Knight,Asanagi,ランダム 10/01 01:03
Konoha,cgelRichy,ランダム 10/01 01:03
Lab,Asanagi,ランダム 10/01 01:03
Labyrinth,Minamoto,ランダム 10/01 01:03
Lamia,ToLoveRuD,ランダム 10/01 01:03
Library,YoukosoElf,ランダム 10/01 01:03
Lingerie,Toridamono,ランダム 10/01 01:03
Luna,Otochichi,ランダム 10/01 01:03
Maid,ebora,ランダム 10/01 01:03
Masque,Suujiniku,ランダム 10/01 01:03
Medusa,Raita,ランダム 10/01 01:03
Military,ebora,ランダム 10/01 01:03
Mimic,DishwasherLoHa,ランダム 10/01 01:03
Mirror,Raita,ランダム 10/01 01:03
Moth,Momisan,ランダム 10/01 01:03
Musashi,Dishwasher,ランダム 10/01 01:03
Necro,XLDishwasher,ランダム 10/01 01:03
Nekomata,XLDishwasher,ランダム 10/01 01:03
Neneko,ToLoveRuD,ランダム 10/01 01:03
Ninja,AiLove,ランダム 10/01 01:03
Octa,Asanagi,ランダム 10/01 01:03
Office,HGK,ランダム 10/01 01:03
Oiran,Yabuki,ランダム 10/01 01:03
Oni,Otochichi,ランダム 10/01 01:03
Onsen,WadaArco,ランダム 10/01 01:03
Patra,ATRex,ランダム 10/01 01:03
Pawn,ATRex,ランダム 10/01 01:03
Perfume,ahemaru,ランダム 10/01 01:03
Police,Bose,ランダム 10/01 01:03
Prison,Hisano,ランダム 10/01 01:03
Puppet,Shexyo,ランダム 10/01 01:03
Queen,Mosouko,ランダム 10/01 01:03
Ranch,DishwasherLoHa,ランダム 10/01 01:03
Revue,hews,ランダム 10/01 01:03
Rosetta,Raita,ランダム 10/01 01:03
Ruin,HGK,ランダム 10/01 01:03
SEruru,Danimaru,ランダム 10/01 01:03
Salon,BlueGK,ランダム 10/01 01:03
Scylla,GEN,ランダム 10/01 01:03
ShowPub,Momisan,ランダム 10/01 01:03
Shrine,BlueGK,ランダム 10/01 01:03
Sister,Mosouko,ランダム 10/01 01:03
Sky,GEN,ランダム 10/01 01:03
Slime,AiLove,ランダム 10/01 01:03
Smith,ATRex,ランダム 10/01 01:03
Snow,Danimaru,ランダム 10/01 01:03
Sphinx,Shexyo,ランダム 10/01 01:03
Spirit,Mosouko,ランダム 10/01 01:03
Starship,Minamoto,ランダム 10/01 01:03
Studio,Bose,ランダム 10/01 01:03
Summoner,Toridamono,ランダム 10/01 01:03
Sylvia,hews,ランダム 10/01 01:03
Tavern,IFL,ランダム 10/01 01:03
Tea,BlueGK,ランダム 10/01 01:03
Tengu,Minamoto,ランダム 10/01 01:03
Train,GEN,ランダム 10/01 01:03
Tutor,cgelRichy,ランダム 10/01 01:03
Twins,AiLove,ランダム 10/01 01:03
Underworld,hews,ランダム 10/01 01:03
Valkyrie,Hisano,ランダム 10/01 01:03
Vampire,Yabuki,ランダム 10/01 01:03
Werewolf,ToLoveRuD,ランダム 10/01 01:03
Witch,IFL,ランダム 10/01 01:03
Yakai,Suujiniku,ランダム 10/01 01:03
Yatsume,KNAI,ランダム 10/01 01:03
