連番名,元の名前,差分として省いた画像
ps_001.png,ParadiseSuccubus_20261002_221739.jpg,ParadiseSuccubus_20261002_221753.jpg ParadiseSuccubus_20261002_221808.jpg
ps_002.png,ParadiseSuccubus_20261002_221831.jpg,ParadiseSuccubus_20261002_221846.jpg ParadiseSuccubus_20261002_221855.jpg ParadiseSuccubus_20261002_221902.jpg
ps_003.png,ParadiseSuccubus_20261002_221943.jpg,
ps_004.png,ParadiseSuccubus_20261002_222010.jpg,ParadiseSuccubus_20261002_222016.jpg ParadiseSuccubus_20261002_222022.jpg
ps_005.png,ParadiseSuccubus_20261002_222034.jpg,ParadiseSuccubus_20261002_222040.jpg
ps_006.png,ParadiseSuccubus_20261002_222050.jpg,ParadiseSuccubus_20261002_222056.jpg
ps_007.png,ParadiseSuccubus_20261002_222109.jpg,
ps_008.png,ParadiseSuccubus_20261002_222208.jpg,ParadiseSuccubus_20261002_222224.jpg ParadiseSuccubus_20261002_222233.jpg ParadiseSuccubus_20261002_222244.jpg ParadiseSuccubus_20261002_222256.jpg ParadiseSuccubus_20261002_222304.jpg ParadiseSuccubus_20261002_222311.jpg
ps_009.png,ParadiseSuccubus_20261002_222320.jpg,
ps_010.png,ParadiseSuccubus_20261002_222347.jpg,ParadiseSuccubus_20261002_222352.jpg
ps_011.png,ParadiseSuccubus_20261002_222412.jpg,
ps_012.png,ParadiseSuccubus_20261002_222423.jpg,ParadiseSuccubus_20261002_222428.jpg
ps_013.png,ParadiseSuccubus_20261002_222455.jpg,
