フォルダ,ファイル名,種類,学習元の表示
.,sdduel_hero-000002.safetensors,不明,anima
.,sdduel_hero-000004.safetensors,不明,anima
.,sdduel_hero-000006.safetensors,不明,anima
.,sdduel_hero-000008.safetensors,不明,anima
.,sdduel_hero.safetensors,不明,anima
.,sdduel_style-000002.safetensors,不明,anima
.,sdduel_style-000004.safetensors,不明,anima
.,sdduel_style-000006.safetensors,不明,anima
.,sdduel_style-000008.safetensors,不明,anima
.,sdduel_style.safetensors,不明,anima
絵柄,michiking.safetensors,SD1.5（合わない）,
.,Anime_Screencap_Enhancement-v1.safetensors,SDXL系（合う）,sdxl_base_v0-9
.,Asanagi_Style.safetensors,SDXL系（合う）,sdxl_base_v1-0
.,Danimaru_Style.rev4.safetensors,SDXL系（合う）,sdxl_a1111_compat
.,HGK_Style.safetensors,SDXL系（合う）,sdxl_base_v1-0
.,Yabuki_Kentarou_V-Pred_V1-000110.safetensors,SDXL系（合う）,sdxl_base_v1-0
.,ai_love_higokko-illust.safetensors,SDXL系（合う）,sdxl_base_v1-0
.,anime_screencap-IL-NOOB_v3.safetensors,SDXL系（合う）,sdxl_base_v1-0
.,momisanC.safetensors,SDXL系（合う）,sdxl_base_v1-0
.,navier haruka 2t(v2)-000044.safetensors,SDXL系（合う）,sdxl_base_v1-0
.,sdduel_hero_xl-000002.safetensors,SDXL系（合う）,sdxl_base_v1-0
.,sdduel_hero_xl-000004.safetensors,SDXL系（合う）,sdxl_base_v1-0
.,sdduel_hero_xl-000006.safetensors,SDXL系（合う）,sdxl_base_v1-0
.,sdduel_hero_xl-000008.safetensors,SDXL系（合う）,sdxl_base_v1-0
.,sdduel_hero_xl.safetensors,SDXL系（合う）,sdxl_base_v1-0
.,sdduel_hero_xl_ATRex-000002.safetensors,SDXL系（合う）,sdxl_base_v1-0
.,sdduel_hero_xl_ATRex-000004.safetensors,SDXL系（合う）,sdxl_base_v1-0
.,sdduel_hero_xl_ATRex-000006.safetensors,SDXL系（合う）,sdxl_base_v1-0
.,sdduel_hero_xl_ATRex-000008.safetensors,SDXL系（合う）,sdxl_base_v1-0
.,sdduel_hero_xl_ATRex.safetensors,SDXL系（合う）,sdxl_base_v1-0
.,sdduel_hero_xl_mix-000002.safetensors,SDXL系（合う）,sdxl_base_v1-0
.,sdduel_hero_xl_mix-000004.safetensors,SDXL系（合う）,sdxl_base_v1-0
.,sdduel_hero_xl_mix-000006.safetensors,SDXL系（合う）,sdxl_base_v1-0
.,sdduel_hero_xl_mix-000008.safetensors,SDXL系（合う）,sdxl_base_v1-0
.,sdduel_hero_xl_mix.safetensors,SDXL系（合う）,sdxl_base_v1-0
.,sdduel_style_xl-000002.safetensors,SDXL系（合う）,sdxl_base_v1-0
.,sdduel_style_xl-000004.safetensors,SDXL系（合う）,sdxl_base_v1-0
.,sdduel_style_xl-000006.safetensors,SDXL系（合う）,sdxl_base_v1-0
.,sdduel_style_xl-000008.safetensors,SDXL系（合う）,sdxl_base_v1-0
.,sdduel_style_xl.safetensors,SDXL系（合う）,sdxl_base_v1-0
.,shinjiro.safetensors,SDXL系（合う）,sdxl_base_v1-0
.,suujiniku.safetensors,SDXL系（合う）,sdxl_base_v1-0
.,xl-dishwasher-000038.safetensors,SDXL系（合う）,sdxl_base_v1-0
キャラ,AL-ObserverAlpha-ILXL-V1.safetensors,SDXL系（合う）,sdxl_base_v1-0
キャラ,Akagi_Azur_Lane.safetensors,SDXL系（合う）,sdxl_base_v1-0
キャラ,Alice15-20.safetensors,SDXL系（合う）,sdxl_base_v0-9
キャラ,Alipheese-20 (2).safetensors,SDXL系（合う）,sdxl_base_v0-9
キャラ,Alma_Elma-20 (1).safetensors,SDXL系（合う）,sdxl_base_v0-9
キャラ,ArtoriaPendragon-Lancer-FGO-ILXL.safetensors,SDXL系（合う）,sdxl_base_v1-0
キャラ,ArtoriasDuo_Illu_Dwnsty.safetensors,SDXL系（合う）,sdxl_base_v1-0
キャラ,Astaroth-19.safetensors,SDXL系（合う）,sdxl_base_v0-9
キャラ,AugustVonParsevalILSTCAMEq3v2 AL.safetensors,SDXL系（合う）,sdxl_base_v1-0
キャラ,BD2Blade_ilxl.safetensors,SDXL系（合う）,sdxl_base_v1-0
キャラ,BD2_Eclipse_nyraen_v2.safetensors,SDXL系（合う）,sdxl_base_v1-0
キャラ,BD2_Luvencia_nyraen_v2.5.safetensors,SDXL系（合う）,sdxl_base_v1-0
キャラ,BD2_Nebris_nyraen_v2.5.safetensors,SDXL系（合う）,sdxl_base_v1-0
キャラ,BD2_Scheherazade_nyraen_v2.safetensors,SDXL系（合う）,sdxl_base_v1-0
キャラ,BD2_Wilhelmina_nyraen_v2.2.safetensors,SDXL系（合う）,sdxl_base_v1-0
キャラ,BD2_Zenith_nyraen_v2.2.safetensors,SDXL系（合う）,sdxl_base_v1-0
キャラ,Baltimore-AIO-initiumtest-000016.safetensors,SDXL系（合う）,sdxl_base_v1-0
キャラ,Bismarck_-_Kancolle_Illustrious.safetensors,SDXL系（合う）,sdxl_base_v1-0
キャラ,Black_Alice-19.safetensors,SDXL系（合う）,sdxl_base_v0-9
キャラ,Carmilla_Illus.safetensors,SDXL系（合う）,sdxl_base_v1-0
キャラ,Celia_ilxl-000056.safetensors,SDXL系（合う）,sdxl_base_v1-0
キャラ,Char-HonkaiSR-Aglaea-V2-IL.safetensors,SDXL系（合う）,sdxl_base_v1-0
キャラ,Char-HonkaiSR-BlackSwan-V2-IL.safetensors,SDXL系（合う）,sdxl_base_v1-0
キャラ,Char-HonkaiSR-Robin-V2-IL.safetensors,SDXL系（合う）,sdxl_base_v1-0
キャラ,Char-HonkaiSR-RuanMei-V3-IL.safetensors,SDXL系（合う）,sdxl_base_v1-0
キャラ,Char-HonkaiSR-Tingyun-V1-IL.safetensors,SDXL系（合う）,sdxl_base_v1-0
キャラ,Char-ZZZ-JaneDoe-V3-IL.safetensors,SDXL系（合う）,sdxl_base_v1-0
キャラ,Chien Wu (azur lane).safetensors,SDXL系（合う）,sdxl_base_v1-0
キャラ,Dalvi_ilxl_v1.5.safetensors,SDXL系（合う）,sdxl_base_v1-0
キャラ,Darian_ilxl_v2.safetensors,SDXL系（合う）,sdxl_base_v1-0
キャラ,Diana_ilxl_v2.safetensors,SDXL系（合う）,sdxl_base_v1-0
キャラ,Eden-19.safetensors,SDXL系（合う）,sdxl_base_v0-9
キャラ,EmmaTUST_nikke_gekawia.safetensors,SDXL系（合う）,sdxl_base_v1-0
キャラ,Erubetie-17.safetensors,SDXL系（合う）,sdxl_base_v0-9
キャラ,Fate T. HarlaownNEW_ILLUS_c-000010.safetensors,SDXL系（合う）,sdxl_base_v1-0
キャラ,FateApocrypha_Semiramis_IlluXL.safetensors,SDXL系（合う）,sdxl_base_v1-0
キャラ,FateGrandOrder_DivineRealm_LeonardoDaVinci_IlluXL.safetensors,SDXL系（合う）,sdxl_base_v1-0
キャラ,Fate伊吹童子Ibuki_DoujiFateGrand_OrderFGO-000009.safetensors,SDXL系（合う）,sdxl_base_v1-0
キャラ,Fatima-20.safetensors,SDXL系（合う）,sdxl_base_v0-9
キャラ,Franklin_(Clothing)_ILXL.safetensors,SDXL系（合う）,sdxl_base_v1-0
キャラ,FriedrichCarlILSTCAMEq2v1 AL.safetensors,SDXL系（合う）,sdxl_base_v1-0
キャラ,FrogGirl-20.safetensors,SDXL系（合う）,sdxl_base_v0-9
キャラ,Gorgons_XL.safetensors,SDXL系（合う）,sdxl_base_v1-0
キャラ,Granberia-11 (1).safetensors,SDXL系（合う）,sdxl_base_v0-9
キャラ,Granblue_Fantasy_-_Fediel.safetensors,SDXL系（合う）,sdxl_base_v1-0
キャラ,Granblue_Fantasy_-_Galleon.safetensors,SDXL系（合う）,sdxl_base_v1-0
キャラ,Granblue_Fantasy_-_Tweyen.safetensors,SDXL系（合う）,sdxl_base_v1-0
キャラ,HecateILSTCAMEv1.1 GBF.safetensors,SDXL系（合う）,sdxl_base_v1-0
キャラ,Hiruko-20 (1).safetensors,SDXL系（合う）,sdxl_base_v0-9
キャラ,Hoseki_AzurLane_Formidable_IllustriousXL_v1.safetensors,SDXL系（合う）,
キャラ,Hoseki_AzurLane_FriedrichDerGrosse_IllustriousXL_v1.safetensors,SDXL系（合う）,
キャラ,Hoseki_AzurLane_GrafZeppelin_IllustriousXL_v1.safetensors,SDXL系（合う）,
キャラ,Hoseki_AzurLane_SouthDakota_IllustriousXL_v1.safetensors,SDXL系（合う）,
キャラ,Hoseki_Nikke_Arcana_IllustriousXL_v2.safetensors,SDXL系（合う）,
キャラ,Hoseki_Nikke_Brid_IllustriousXL_v1.safetensors,SDXL系（合う）,
キャラ,Hoseki_Nikke_Rouge_IllustriousXL_v1.safetensors,SDXL系（合う）,
キャラ,Hoseki_ZenlessZoneZero_AstraYao_IllustriousXL_v2.safetensors,SDXL系（合う）,
キャラ,Hoseki_ZenlessZoneZero_EvelynChevalier_IllustriousXL_v2.safetensors,SDXL系（合う）,
キャラ,Hoseki_ZenlessZoneZero_YanagiTsukishiro_IllustriousXL_v1.safetensors,SDXL系（合う）,
キャラ,Ilias-20 (1).safetensors,SDXL系（合う）,sdxl_base_v0-9
キャラ,IrisvielVonEinzbern_IXL.safetensors,SDXL系（合う）,sdxl_base_v1-0
キャラ,JadeHSR_IL.safetensors,SDXL系（合う）,sdxl_base_v1-0
キャラ,Jeanne_dArc__Swimsuit_Archer_2nd_Ascension__FateGrand_Order.safetensors,SDXL系（合う）,sdxl_base_v1-0
キャラ,Kafka.safetensors,SDXL系（合う）,sdxl_base_v1-0
キャラ,Kaga_Azur_Lane.safetensors,SDXL系（合う）,sdxl_base_v1-0
キャラ,Kanade-20.safetensors,SDXL系（合う）,sdxl_base_v0-9
キャラ,Kanon-20.safetensors,SDXL系（合う）,sdxl_base_v0-9
キャラ,Kasumi_DOA_Ver2.0_IS.safetensors,SDXL系（合う）,sdxl_base_v1-0
キャラ,Kazan_azur_lane-IL-a2.safetensors,SDXL系（合う）,sdxl_base_v1-0
キャラ,KearsargeILSTCAMEq3v1 AL.safetensors,SDXL系（合う）,sdxl_base_v1-0
キャラ,LMermaidSP_ill_gekawia.safetensors,SDXL系（合う）,sdxl_base_v1-0
キャラ,Laura-20.safetensors,SDXL系（合う）,sdxl_base_v0-9
キャラ,Levia_ilxl-000044.safetensors,SDXL系（合う）,sdxl_base_v1-0
キャラ,Lilith-20.safetensors,SDXL系（合う）,sdxl_base_v0-9
キャラ,Lime.safetensors,SDXL系（合う）,sdxl_base_v1-0
キャラ,Lion_XL_illustrious-noob_v1.safetensors,SDXL系（合う）,sdxl_base_v1-0
キャラ,Lucretia-20.safetensors,SDXL系（合う）,sdxl_base_v0-9
キャラ,MHXXX.safetensors,SDXL系（合う）,sdxl_base_v1-0
キャラ,MaggioreBaraccaILSTCAMEq2v1 AL.safetensors,SDXL系（合う）,sdxl_base_v1-0
キャラ,Medusa illustxl.safetensors,SDXL系（合う）,sdxl_base_v1-0
キャラ,Micaela2-20.safetensors,SDXL系（合う）,sdxl_base_v0-9
キャラ,Michaela_ilxl-000023.safetensors,SDXL系（合う）,sdxl_base_v1-0
キャラ,Minagi-20 (1).safetensors,SDXL系（合う）,sdxl_base_v0-9
キャラ,Morpeah_ilxl_v2.safetensors,SDXL系（合う）,sdxl_base_v1-0
キャラ,Morrigan-20.safetensors,SDXL系（合う）,sdxl_base_v0-9
キャラ,MrKeb_AzurCleopatra_IL.safetensors,SDXL系（合う）,sdxl_base_v1-0
キャラ,MusashiILSTCAMEq6v3.2 AL.safetensors,SDXL系（合う）,sdxl_base_v1-0
キャラ,Musashi_Illus.safetensors,SDXL系（合う）,sdxl_base_v1-0
キャラ,Olivier_ilxl_v2.safetensors,SDXL系（合う）,sdxl_base_v1-0
キャラ,PeterStrasserILSTCAMEq4v1 AL.safetensors,SDXL系（合う）,sdxl_base_v1-0
キャラ,PittsburghILSTCAMEq2v1.2 AL.safetensors,SDXL系（合う）,sdxl_base_v1-0
キャラ,PrinzEugenV1.safetensors,SDXL系（合う）,sdxl_base_v1-0
キャラ,RafaelaV2-20 (1).safetensors,SDXL系（合う）,sdxl_base_v0-9
キャラ,Reisalin_Stout4-000003.safetensors,SDXL系（合う）,sdxl_base_v1-0
キャラ,Saja-19.safetensors,SDXL系（合う）,sdxl_base_v0-9
キャラ,Sara-20.safetensors,SDXL系（合う）,sdxl_base_v0-9
キャラ,Saratoga_Kantai_Collection-000009.safetensors,SDXL系（合う）,sdxl_base_v1-0
キャラ,Scathach-FGO-ILXL.safetensors,SDXL系（合う）,sdxl_base_v1-0
キャラ,ShinanoILSTCAMEq5v1 AL.safetensors,SDXL系（合う）,sdxl_base_v1-0
キャラ,Sigrid_de_L_Azur_V2 .safetensors,SDXL系（合う）,sdxl_1.0
キャラ,Sin__シン_NIKKE_Illustrious.safetensors,SDXL系（合う）,sdxl_base_v1-0
キャラ,Sonya-20.safetensors,SDXL系（合う）,sdxl_base_v0-9
キャラ,SovetskySoyuzILSTCAMEq2v1.1 AL.safetensors,SDXL系（合う）,sdxl_base_v1-0
キャラ,Spider_Princess.safetensors,SDXL系（合う）,sdxl_base_v1-0
キャラ,Sylvia_ilxl_v2.safetensors,SDXL系（合う）,sdxl_base_v1-0
キャラ,THEHEITA_28.safetensors,SDXL系（合う）,sdxl_base_v1-0
キャラ,Tamamo-10.safetensors,SDXL系（合う）,sdxl_base_v0-9
キャラ,TamamoRaceQueen.safetensors,SDXL系（合う）,sdxl_base_v1-0
キャラ,TiaSLizzie_ill_gekawia.safetensors,SDXL系（合う）,sdxl_base_v1-0
キャラ,Unfading_Smile_Prinz_Eugen_Azur_Lane_IL.safetensors,SDXL系（合う）,sdxl_base_v1-0
キャラ,Verthandi_V0.15.safetensors,SDXL系（合う）,sdxl_base_v1-0
キャラ,Yao-20.safetensors,SDXL系（合う）,sdxl_base_v0-9
キャラ,Zenobia_Illu_Dwnsty.safetensors,SDXL系（合う）,sdxl_base_v1-0
キャラ,ZuikakuILSTCAMEq3v1 AL.safetensors,SDXL系（合う）,sdxl_base_v1-0
キャラ,_echidna_gbf-elesico-ilxl.safetensors,SDXL系（合う）,sdxl_base_v1-0
キャラ,_europa_fgo-elesico-ilxl.safetensors,SDXL系（合う）,sdxl_base_v1-0
キャラ,_europa_gbf-elesico-ilxl.safetensors,SDXL系（合う）,sdxl_base_v1-0
キャラ,_monika_weisswind-elesico-ilxl.safetensors,SDXL系（合う）,sdxl_base_v1-0
キャラ,_noise_nikke-elesico-ilxl.safetensors,SDXL系（合う）,sdxl_base_v1-0
キャラ,_ramizel_sophie2-elesico-ilxl.safetensors,SDXL系（合う）,sdxl_base_v1-0
キャラ,_silva_gbf-elesico-ilxl.safetensors,SDXL系（合う）,sdxl_base_v1-0
キャラ,acheron-hsr-richy-v1_ixl.safetensors,SDXL系（合う）,sdxl_base_v1-0
キャラ,ade-nikke-richy-v2_ixl.safetensors,SDXL系（合う）,sdxl_base_v1-0
キャラ,admiral_nakhimov_IL_v1.0.safetensors,SDXL系（合う）,sdxl_base_v1-0
キャラ,aegir_azurlaneIL_scarxzys.safetensors,SDXL系（合う）,sdxl_base_v1-0
キャラ,aesc_(fate)_ilxl_v1.safetensors,SDXL系（合う）,sdxl_base_v1-0
キャラ,anis-nikke-richy-v1_ixl.safetensors,SDXL系（合う）,sdxl_base_v1-0
キャラ,arachnemge-000006.safetensors,SDXL系（合う）,sdxl_base_v1-0
キャラ,argus_XL_illustrious-noob_v1.safetensors,SDXL系（合う）,sdxl_base_v1-0
キャラ,asama_(azur_lane)_3_il-000012.safetensors,SDXL系（合う）,sdxl_base_v1-0
キャラ,atago_IL_v1.0.safetensors,SDXL系（合う）,sdxl_base_v1-0
キャラ,atago_kancolle_illust_scarxzys.safetensors,SDXL系（合う）,sdxl_base_v1-0
キャラ,azuma_IL_v1.0.safetensors,SDXL系（合う）,sdxl_base_v1-0
キャラ,bay-nikke-richy-v2_ixl.safetensors,SDXL系（合う）,sdxl_base_v1-0
キャラ,belfast_XL_illustrious-noob_v1.safetensors,SDXL系（合う）,sdxl_base_v1-0
キャラ,bennington_(azur_lane)_il-000013.safetensors,SDXL系（合う）,sdxl_base_v1-0
キャラ,blanc-nikke-richy-v1_ixl.safetensors,SDXL系（合う）,sdxl_base_v1-0
キャラ,bremerton_IL_v1.0.safetensors,SDXL系（合う）,sdxl_base_v1-0
キャラ,brest_XL_illustrious-noob_v1.safetensors,SDXL系（合う）,sdxl_base_v1-0
キャラ,burnice_white_zzz_illustrious_goofy.safetensors,SDXL系（合う）,sdxl_base_v1-0
キャラ,chang_wu-000032.safetensors,SDXL系（合う）,sdxl_base_v1-0
キャラ,charlotte_illus.safetensors,SDXL系（合う）,sdxl_base_v1-0
キャラ,chen_hai_XL_illustrious-noob_v1.safetensors,SDXL系（合う）,sdxl_base_v1-0
キャラ,cheshire_tcitmh_IL_v1.0.safetensors,SDXL系（合う）,sdxl_base_v1-0
キャラ,cinderella-nikke-richy-v1_ixl.safetensors,SDXL系（合う）,sdxl_base_v1-0
キャラ,cleopatra_IL_v1.0.safetensors,SDXL系（合う）,sdxl_base_v1-0
キャラ,cowpens_IL_v1.0.safetensors,SDXL系（合う）,sdxl_base_v1-0
キャラ,demonmge2-000013.safetensors,SDXL系（合う）,sdxl_base_v1-0
キャラ,diesel-nikke-richy-v1_ixl.safetensors,SDXL系（合う）,sdxl_base_v1-0
キャラ,dorothy-nikke-richy-v1_ixl.safetensors,SDXL系（合う）,sdxl_base_v1-0
キャラ,dreizehn_il.safetensors,SDXL系（合う）,sdxl_base_v1-0
キャラ,dupleix_XL_illustrious-noob_v1.safetensors,SDXL系（合う）,sdxl_base_v1-0
キャラ,elegg-swimsuit-nikke-richy-v1_ixl.safetensors,SDXL系（合う）,sdxl_base_v1-0
キャラ,enterprise_XL_illustrious-noob_v1.safetensors,SDXL系（合う）,sdxl_base_v1-0
キャラ,eunhwaTUv2.0_nikke_gekawia.safetensors,SDXL系（合う）,sdxl_base_v1-0
キャラ,fatedemeter-illu-nvwls-v1.safetensors,SDXL系（合う）,sdxl_base_v1-0
キャラ,fftifa-illu-nvwls-v1.safetensors,SDXL系（合う）,sdxl_base_v1-0
キャラ,fgolilith_IL1-600008.safetensors,SDXL系（合う）,sdxl_base_v1-0
キャラ,ganj-i-sawai_XL_illustrious_v1.safetensors,SDXL系（合う）,sdxl_base_v1-0
キャラ,gbfanila-illu-nvwls-v1.safetensors,SDXL系（合う）,sdxl_base_v1-0
キャラ,gbfbeatrix-illu-nvwls-v1.safetensors,SDXL系（合う）,sdxl_base_v1-0
キャラ,gbfbk-illu-nvwls-v1.safetensors,SDXL系（合う）,sdxl_base_v1-0
キャラ,gbfrosetta-illu-nvwls-v1.safetensors,SDXL系（合う）,sdxl_base_v1-0
キャラ,gbfyuel-illu-nvwls-v1.safetensors,SDXL系（合う）,sdxl_base_v1-0
キャラ,goetz_von_berlichingen_(azur_lane)_6-000033.safetensors,SDXL系（合う）,sdxl_base_v1-0
キャラ,gouden leeuw(ilv1)-000018.safetensors,SDXL系（合う）,sdxl_base_v1-0
キャラ,guam-al-richy-v1_ixl.safetensors,SDXL系（合う）,sdxl_base_v1-0
キャラ,guilty-nikke-richy-v1_ixl.safetensors,SDXL系（合う）,sdxl_base_v1-0
キャラ,hakuho_IL_v2.safetensors,SDXL系（合う）,sdxl_base_v1-0
キャラ,hakuhou_XL_illustrious-noob_v1.safetensors,SDXL系（合う）,sdxl_base_v1-0
キャラ,haruna_(kancolle)_ilxl_v1.safetensors,SDXL系（合う）,sdxl_base_v1-0
キャラ,helm-nikke-richy-v1_ixl.safetensors,SDXL系（合う）,sdxl_base_v1-0
キャラ,himekoilxl.safetensors,SDXL系（合う）,sdxl_base_v1-0
キャラ,hindenburg_IL_v1.0.safetensors,SDXL系（合う）,sdxl_base_v1-0
キャラ,hindenburg_azurlaneIL_scarxzys.safetensors,SDXL系（合う）,sdxl_base_v1-0
キャラ,hood_XL_illustrious-noob_v1.safetensors,SDXL系（合う）,sdxl_base_v1-0
キャラ,huyan_zhuo_illus.safetensors,SDXL系（合う）,sdxl_base_v1-0
キャラ,il-grablu-narmaya.safetensors,SDXL系（合う）,sdxl_base_v1-0
キャラ,il-grabluzeta.safetensors,SDXL系（合う）,sdxl_base_v1-0
キャラ,illustrious_XL_illustrious_v1.safetensors,SDXL系（合う）,sdxl_base_v1-0
キャラ,illustrious_XL_pony_v2.safetensors,SDXL系（合う）,sdxl_base_v1-0
キャラ,implacable_IL_v1.0.safetensors,SDXL系（合う）,sdxl_base_v1-0
キャラ,independence_XL_illustrious-noob_v1.safetensors,SDXL系（合う）,sdxl_base_v1-0
キャラ,indomitable_(azur_lane)_2_il_3-000012.safetensors,SDXL系（合う）,sdxl_base_v1-0
キャラ,kansas_XL_illustrious-noob_v1.safetensors,SDXL系（合う）,sdxl_base_v1-0
キャラ,kashima_ilxl_v1.2.safetensors,SDXL系（合う）,sdxl_base_v1-0
キャラ,kiara_heaven_hole.safetensors,SDXL系（合う）,sdxl_base_v1-0
キャラ,klaudia_valentz_XL_illustrious-noob_v2.safetensors,SDXL系（合う）,sdxl_base_v1-0
キャラ,kp_BaobhanSithFateGrandOrderBloodyBunnyIllustrious_v1_0.safetensors,SDXL系（合う）,sdxl_
キャラ,krasny_kavkaz_XL_illustrious-noob_v1.safetensors,SDXL系（合う）,sdxl_base_v1-0
キャラ,kronshtadt_IL_v1.0.safetensors,SDXL系（合う）,sdxl_base_v1-0
キャラ,label-nikke-richy-v1_ixl.safetensors,SDXL系（合う）,sdxl_base_v1-0
キャラ,lady_avalon_sn45.safetensors,SDXL系（合う）,
キャラ,leonardo_da_vinci_XL_illustrious-noob_v1.safetensors,SDXL系（合う）,sdxl_base_v1-0
キャラ,liladecyrus-illu-nvwls-v1.safetensors,SDXL系（合う）,sdxl_base_v1-0
キャラ,maiden-nikke-richy-v1_ixl.safetensors,SDXL系（合う）,sdxl_base_v1-0
キャラ,mary-nikke-richy-v1_ixl.safetensors,SDXL系（合う）,sdxl_base_v1-0
キャラ,mast-nikke-richy-v1_ixl.safetensors,SDXL系（合う）,sdxl_base_v1-0
キャラ,matahari-illu-nvwls-v1.safetensors,SDXL系（合う）,sdxl_base_v1-0
キャラ,mavuika_genshin_impact_ilxl_goofy.safetensors,SDXL系（合う）,sdxl_base_v1-0
キャラ,max immelmann (azur lane)_2-000010.safetensors,SDXL系（合う）,sdxl_base_v1-0
キャラ,mecklenburg-000018.safetensors,SDXL系（合う）,sdxl_base_v1-0
キャラ,medea illustxl.safetensors,SDXL系（合う）,sdxl_base_v1-0
キャラ,mihara-nikke-richy-v1_ixl.safetensors,SDXL系（合う）,sdxl_base_v1-0
キャラ,mogador_XL_illustrious-noob_v1.safetensors,SDXL系（合う）,sdxl_base_v1-0
キャラ,molay_illus.safetensors,SDXL系（合う）,sdxl_base_v1-0
キャラ,murasaki_fgo.safetensors,SDXL系（合う）,sdxl_base_v1-0
キャラ,mutsu_kai2_ilxl_v1.4.safetensors,SDXL系（合う）,sdxl_base_v1-0
キャラ,na_fritz_rumey_azur_lane_r32_v1_1.safetensors,SDXL系（合う）,sdxl_base_v1-0
キャラ,napoli_XL_illustrious-noob_v1.safetensors,SDXL系（合う）,sdxl_base_v1-0
キャラ,new_jersey_IL_v2.0.safetensors,SDXL系（合う）,sdxl_base_v1-0
キャラ,noir-nikke-richy-v1_ixl.safetensors,SDXL系（合う）,sdxl_base_v1-0
キャラ,nyotengu-illu-nvwls-v1.safetensors,SDXL系（合う）,sdxl_base_v1-0
キャラ,omi-san_fgo_ilxl_goofy.safetensors,SDXL系（合う）,sdxl_base_v1-0
キャラ,osakabehime-illu-nvwls-v1.safetensors,SDXL系（合う）,sdxl_base_v1-0
キャラ,owari_XL_illustrious-noob_v1.safetensors,SDXL系（合う）,sdxl_base_v1-0
キャラ,p5tae-ill.safetensors,SDXL系（合う）,sdxl_base_v1-0
キャラ,pamiat_merkuria_IL_v1.0.safetensors,SDXL系（合う）,sdxl_base_v1-0
キャラ,pearl_XL_illustrious-noob_v1.safetensors,SDXL系（合う）,sdxl_base_v1-0
キャラ,plymouth_(azur_lane)_il-000008.safetensors,SDXL系（合う）,sdxl_base_v1-0
キャラ,plymouth_IL_v1.0.safetensors,SDXL系（合う）,sdxl_base_v1-0
キャラ,privaty-nikke-richy-v1_ixl.safetensors,SDXL系（合う）,sdxl_base_v1-0
キャラ,queen_anne's_revenge_XL_illustrious-noob_v1.safetensors,SDXL系（合う）,sdxl_base_v1-0
キャラ,queenofsheba-illu-nvwls-v1.safetensors,SDXL系（合う）,sdxl_base_v1-0
キャラ,quency-nikke-richy-v1_ixl.safetensors,SDXL系（合う）,sdxl_base_v1-0
キャラ,raikou_fgo_illust_scarxzys.safetensors,SDXL系（合う）,sdxl_base_v1-0
キャラ,rapi-nikke-richy-v3_ixl.safetensors,SDXL系（合う）,sdxl_base_v1-0
キャラ,rapunzel-nikke-richy-v1_ixl.safetensors,SDXL系（合う）,sdxl_base_v1-0
キャラ,redhood-nikke-richy-v2_ixl.safetensors,SDXL系（合う）,sdxl_base_v1-0
キャラ,redshoes-nikke-richy-v1_ixl.safetensors,SDXL系（合う）,sdxl_base_v1-0
キャラ,regensburg_illust_scarxzys.safetensors,SDXL系（合う）,sdxl_base_v1-0
キャラ,richelieu_XL_illustrious-noob_v1.safetensors,SDXL系（合う）,sdxl_base_v1-0
キャラ,roma_XL_illustrious-noob_v1.safetensors,SDXL系（合う）,sdxl_base_v1-0
キャラ,roon_XL_illustrious_v1.safetensors,SDXL系（合う）,sdxl_base_v1-0
キャラ,rosanna_nikke_ilxl_goofy.safetensors,SDXL系（合う）,sdxl_base_v1-0
キャラ,rupee-nikke-richy-v1_ixl.safetensors,SDXL系（合う）,sdxl_base_v1-0
キャラ,scheherazade-illu-nvwls-v1.safetensors,SDXL系（合う）,sdxl_base_v1-0
キャラ,scylla_XL_illustrious-noob_v2.safetensors,SDXL系（合う）,sdxl_base_v1-0
キャラ,serriglaus-illu-nvwls-v1.safetensors,SDXL系（合う）,sdxl_base_v1-0
キャラ,shiMarcianaStudyV1ill.safetensors,SDXL系（合う）,sdxl_base_v1-0
キャラ,shiNayutaV5ill.safetensors,SDXL系（合う）,sdxl_base_v1-0
キャラ,shimanto_IL_v1.0.safetensors,SDXL系（合う）,sdxl_base_v1-0
キャラ,shoukaku_XL_illustrious-noob_v1.safetensors,SDXL系（合う）,sdxl_base_v1-0
キャラ,soda-nikke-richy-v1_ixl.safetensors,SDXL系（合う）,sdxl_base_v1-0
キャラ,sora-nikke-richy-v1_ixl.safetensors,SDXL系（合う）,sdxl_base_v1-0
キャラ,sovetsky_soyuz_IL_v1.0.safetensors,SDXL系（合う）,sdxl_base_v1-0
キャラ,st._louis_IL_v1.0.safetensors,SDXL系（合う）,sdxl_base_v1-0
キャラ,taihou-initium-2.safetensors,SDXL系（合う）,sdxl_base_v1-0
キャラ,takao-10(ILL).safetensors,SDXL系（合う）,sdxl_base_v0-9
キャラ,takao_IL_v1.0.safetensors,SDXL系（合う）,sdxl_base_v1-0
キャラ,ting_an_XL_illustrious-noob_v1.safetensors,SDXL系（合う）,sdxl_base_v1-0
キャラ,tlalocsummer-10.safetensors,SDXL系（合う）,sdxl_base_v0-9
キャラ,trafalgar_XL_illustrious-noob_v1.safetensors,SDXL系（合う）,sdxl_base_v1-0
キャラ,viper-nikke-richy-v1_ixl.safetensors,SDXL系（合う）,sdxl_base_v1-0
キャラ,volume-nikke-richy-v1_ixl.safetensors,SDXL系（合う）,sdxl_base_v1-0
キャラ,yorktown_ii_XL_illustrious-noob_v2.safetensors,SDXL系（合う）,sdxl_base_v1-0
キャラ,yumia_liessfeldt_XL_illustrious-noob_v1.safetensors,SDXL系（合う）,sdxl_base_v1-0
構図,Arache_sex_illus-000037.safetensors,SDXL系（合う）,sdxl_base_v1-0
構図,Armpit_Fetish_Femdom_Pony__Illustrious.safetensors,SDXL系（合う）,sdxl_base_v1-0
構図,DoggyStylePegging_Illustrios.safetensors,SDXL系（合う）,sdxl_base_v1-0
構図,Energy_Drain_Femdom_IL_epoch_20.safetensors,SDXL系（合う）,sdxl_base_v1-0
構図,FSFJ_1300845.safetensors,SDXL系（合う）,sdxl_base_v1-0
構図,Femdom Bondage Conquest.safetensors,SDXL系（合う）,sdxl_base_v1-0
構図,Femdom_Bloodsucking_IL.safetensors,SDXL系（合う）,sdxl_base_v1-0
構図,Femdom_Lamia_Sex.safetensors,SDXL系（合う）,sdxl_base_v1-0
構図,Futa_on_male-000055.safetensors,SDXL系（合う）,sdxl_base_v1-0
構図,Futadom(Illustrious).safetensors,SDXL系（合う）,sdxl_base_v1-0
構図,IL_Lesbian_anal_strap-on.safetensors,SDXL系（合う）,sdxl_base_v1-0
構図,Illustrious_thigh_job_Intercrural_Poses_Standing__Lying_Control_Lying_On_Top_standing_2.safetensors,SDXL系（合う）,sdxl_base_v1-0
構図,Inverted_Male_Femdom_Illustrious.safetensors,SDXL系（合う）,sdxl_base_v1-0
構図,Lamia_Sex.safetensors,SDXL系（合う）,sdxl_base_v1-0
構図,Love_Button.safetensors,SDXL系（合う）,sdxl_base_v1-0
構図,Male_Slave_Collar_Leash_Pet_Play_Femdom_Illustrious.safetensors,SDXL系（合う）,sdxl_base_v1-0
構図,Male_Suspension_Femdom_Handjob__Pegging_Pony__Illustrious (1).safetensors,SDXL系（合う）,sdxl_base_v1-0
構図,POVLapLyingBlowjob_Handjob_Fingering_Illustrious.safetensors,SDXL系（合う）,sdxl_base_v1-0
構図,POV_CHASTITY_CAGE.safetensors,SDXL系（合う）,sdxl_base_v1-0
構図,POV_Thighjob_on_Top_ILLUSTRIOUS.safetensors,SDXL系（合う）,sdxl_base_v1-0
構図,Pegging_Bondage_Chair.safetensors,SDXL系（合う）,sdxl_base_v1-0
構図,Pegging_Illustrious.safetensors,SDXL系（合う）,sdxl_base_v1-0
構図,PoV_Pegging_Another_Femdom.safetensors,SDXL系（合う）,sdxl_base_v1-0
構図,ProstateMilking_IL_V1_0.safetensors,SDXL系（合う）,sdxl_base_v1-0
構図,RAH_G2.safetensors,SDXL系（合う）,sdxl_base_v1-0
構図,RustyTrombone_IL_V1_0.safetensors,SDXL系（合う）,sdxl_base_v1-0
構図,Spooning_Femdom_Handjob__Pegging_Pony__Illustrious-000058.safetensors,SDXL系（合う）,sdxl_base_v1-0
構図,Steped_On_POV-000008.safetensors,SDXL系（合う）,sdxl_base_v1-0
構図,Strap-onpegging(min2).safetensors,SDXL系（合う）,sdxl_base_v1-0
構図,X_Cross_Femdom_Bondage__BDSM_Pony__Illustrious-000055.safetensors,SDXL系（合う）,sdxl_base_v1-0
構図,ashikokistep-000030.safetensors,SDXL系（合う）,sdxl_base_v1-0
構図,close_hug_sex_IL.safetensors,SDXL系（合う）,sdxl_base_v1-0
構図,figure-four-neck-lockv4-il-Kari_corn-f4nefj.safetensors,SDXL系（合う）,sdxl_base_v1-0
構図,fumichin_illustrious_V1.0.safetensors,SDXL系（合う）,sdxl_base_v1-0
構図,handjob_from_side_v3-000014.safetensors,SDXL系（合う）,sdxl_base_v1-0
構図,headlock-handjob-hedockhj-IL.safetensors,SDXL系（合う）,sdxl_base_v1-0
構図,malepassivekiss_il_v1.safetensors,SDXL系（合う）,sdxl_base_v1-0
構図,nai_nipple_licking_handjob_IL.safetensors,SDXL系（合う）,sdxl_base_v1-0
構図,paizuri_twistedbreasts_v1.safetensors,SDXL系（合う）,sdxl_base_v1-0
構図,pose_anal_fingering_2-000020.safetensors,SDXL系（合う）,sdxl_base_v1-0
構図,pose_anilingus_handjob.safetensors,SDXL系（合う）,sdxl_base_v1-0
構図,pose_pegging_nipple_tweak.safetensors,SDXL系（合う）,sdxl_base_v1-0
構図,slime sex_illustrious_V1.0.safetensors,SDXL系（合う）,sdxl_base_v1-0
構図,succubus_tail.safetensors,SDXL系（合う）,sdxl_base_v1-0
構図,toes-nipple_tweak-fotnip-IL.safetensors,SDXL系（合う）,sdxl_base_v1-0
構図,whispering_in_ear_IL.safetensors,SDXL系（合う）,sdxl_base_v1-0
絵柄,ATRex_style-12V2Rev.safetensors,SDXL系（合う）,sdxl_base_v0-9
絵柄,Artist_StyleBlue_GK__illustrious.safetensors,SDXL系（合う）,sdxl_base_v1-0
絵柄,Asanagi_Style.safetensors,SDXL系（合う）,sdxl_base_v1-0
絵柄,Bose__Loose_-_Femdom_Style.safetensors,SDXL系（合う）,sdxl_base_v1-0
絵柄,DHIBI_Style_IL.safetensors,SDXL系（合う）,sdxl_base_v1-0
絵柄,Danimaru_Style.rev4.safetensors,SDXL系（合う）,sdxl_a1111_compat
絵柄,Dishwasher1910-v2.safetensors,SDXL系（合う）,sdxl_1.0
絵柄,Dishwasher_1910_Style-IL.safetensors,SDXL系（合う）,sdxl_base_v1-0
絵柄,GEN(illust) 0.2v.safetensors,SDXL系（合う）,sdxl_base_v1-0
絵柄,HGK_Style.safetensors,SDXL系（合う）,sdxl_base_v1-0
絵柄,Hisano_-_Femdom_Style.safetensors,SDXL系（合う）,sdxl_base_v1-0
絵柄,IFL_v1.0_IL.safetensors,SDXL系（合う）,sdxl_base_v1-0
絵柄,K NAI Style.safetensors,SDXL系（合う）,sdxl_base_v1-0
絵柄,Minamoto_Mutton_-_Femdom_Style.safetensors,SDXL系（合う）,sdxl_base_v1-0
絵柄,Oekakizuki_Style_v1----r10.safetensors,SDXL系（合う）,sdxl_base_v1-0
絵柄,Otochichi_2019_-_Femdom_Style_Illustrious.safetensors,SDXL系（合う）,sdxl_base_v1-0
絵柄,Raita.safetensors,SDXL系（合う）,sdxl_base_v1-0
絵柄,Satou Kuuki[style]-Illus.safetensors,SDXL系（合う）,sdxl_base_v1-0
絵柄,Shexyo_-_Illustrious_2025_style-000014.safetensors,SDXL系（合う）,sdxl_base_v1-0
絵柄,Terasu_MC_Illustrious_2.safetensors,SDXL系（合う）,sdxl_base_v1-0
絵柄,Tomohiro_Kai_v2 illlustrious.safetensors,SDXL系（合う）,sdxl_base_v1-0
絵柄,ToridamonoIL.safetensors,SDXL系（合う）,sdxl_base_v1-0
絵柄,Wada Arco[style]-Illus.safetensors,SDXL系（合う）,sdxl_base_v1-0
絵柄,Yabuki Kentarou_v3_illustriousXL.safetensors,SDXL系（合う）,sdxl_base_v1-0
絵柄,Yabuki_Kentarou_V-Pred_V1-000110.safetensors,SDXL系（合う）,sdxl_base_v1-0
絵柄,Youkoso_Sukebe_Elf_No_Mori_E.safetensors,SDXL系（合う）,sdxl_base_v1-0
絵柄,[EROQUIS! (Butcha-U)] GAME OVERS-RE (Resident Evil) ArtistCG Style V2 Illustrious.safetensors,SDXL系（合う・表示から判断）,sdxl_base_v1-0
絵柄,[Style] Mosouko [Illustrious-XL].safetensors,SDXL系（合う）,sdxl_base_v1-0
絵柄,ahemaru_777.safetensors,SDXL系（合う）,sdxl_base_v1-0
絵柄,ai_love_higokko-illust.safetensors,SDXL系（合う）,sdxl_base_v1-0
絵柄,cgel-style-richy-v1_ixl.safetensors,SDXL系（合う）,sdxl_base_v1-0
絵柄,dishwasher1910XL_il_loha_V8340.safetensors,SDXL系（合う・表示から判断）,sdxl_base_v1-0
絵柄,ebora_style2-000070.safetensors,SDXL系（合う・表示から判断）,sdxl_base_v1-0
絵柄,giga.safetensors,SDXL系（合う）,sdxl_base_v1-0
絵柄,hews_style_ilxl_goofy.safetensors,SDXL系（合う）,sdxl_base_v1-0
絵柄,m-da_s-tarou_style_IL.safetensors,SDXL系（合う）,sdxl_base_v1-0
絵柄,mature body.safetensors,SDXL系（合う）,sdxl_base_v1-0
絵柄,mikage.safetensors,SDXL系（合う）,sdxl_base_v1-0
絵柄,mikzn-illustrious-ty_lee.safetensors,SDXL系（合う）,sdxl_base_v1-0
絵柄,momisanC.safetensors,SDXL系（合う）,sdxl_base_v1-0
絵柄,monsterGirlXL_il_lokr_V5311P.safetensors,SDXL系（合う・表示から判断）,sdxl_base_v1-0
絵柄,navier haruka 2t(v2)-000044.safetensors,SDXL系（合う）,sdxl_base_v1-0
絵柄,saiougausi.safetensors,SDXL系（合う）,sdxl_base_v1-0
絵柄,shinjiro-koto-illustrious no text.safetensors,SDXL系（合う）,sdxl_base_v1-0
絵柄,shinjiro.safetensors,SDXL系（合う）,sdxl_base_v1-0
絵柄,shiwudesu.safetensors,SDXL系（合う）,sdxl_base_v1-0
絵柄,suujiniku.safetensors,SDXL系（合う）,sdxl_base_v1-0
絵柄,tarasu_mc-000018.safetensors,SDXL系（合う）,sdxl_base_v1-0
絵柄,toloverudarkness_illustrious_msp-000020.safetensors,SDXL系（合う）,sdxl_base_v1-0
絵柄,ttosom.safetensors,SDXL系（合う）,sdxl_base_v1-0
絵柄,xl-dishwasher-000038.safetensors,SDXL系（合う）,sdxl_base_v1-0
