MOD,絵柄,全部,済,場面,女装,女装で範囲なし,下書きなし,失敗
Alchemy,Hisano,39,39,28,0,0,0,0
Alfimia,TerasuMC,39,0,28,0,0,0,0
Alraune,Eroquis,41,41,28,0,0,4,0
Amazon,XLDishwasher,39,0,28,0,0,0,0
Amos,Mikage,39,0,28,0,0,0,0
Android,hews,39,39,28,0,0,5,0
Angel,Dishwasher,39,39,28,0,0,0,0
Arachne,Shexyo,39,39,28,0,0,20,0
Arena,ahemaru,39,0,28,0,0,0,0
Atelier,DishwasherLoHa,40,0,28,28,1,0,0
Auction,Raita,40,40,28,28,1,0,0
Beach,Hisano,39,0,28,0,0,4,0
Bikyaku,Danimaru,39,0,28,0,0,0,0
BlackCastle,ATRex,39,0,28,0,0,4,0
Bride,IFL,40,0,28,27,1,0,0
Cammy,Giga,39,0,28,0,0,0,0
Candy,Eroquis,39,0,28,0,0,0,0
Casino,TerasuMC,40,40,28,28,3,0,0
Centaur,Otochichi,39,0,28,0,0,16,0
Circle,GEN,38,38,28,0,0,0,0
Circus,Minamoto,39,0,28,0,0,0,0
Clinic,ATRex,39,39,28,0,0,2,0
Clock,ShinjiroKoto,39,0,28,0,0,0,0
CrossCafe,IFL,39,39,28,28,3,0,0
DarkElf,Otochichi,39,39,28,0,0,0,0
Daydream,Momisan,39,0,28,0,0,0,0
Diamond,Ttosom,39,0,28,0,0,0,0
Dominia1,ShinjiroKoto,39,0,28,0,0,0,0
Dominia2,DishwasherLoHa,39,0,28,0,0,0,0
Dorm,Toridamono,39,39,28,28,6,0,0
Dragon,ToLoveRuD,39,39,28,0,0,2,0
Dream,Shexyo,39,39,28,0,0,0,0
Eiraira,TomohiroKai,39,0,28,0,0,0,0
ElfNinja,SatouKuuki,39,0,28,0,0,8,0
Eruru,cgelRichy,39,0,28,0,0,0,0
Esthe,ATRex,39,39,28,0,0,0,0
Exam,BlueGK,39,0,28,0,0,0,0
Flower,Danimaru,39,0,28,0,0,0,0
Fortune,DishwasherV2,39,39,28,0,0,0,0
Gemini,Suujiniku,39,0,28,0,0,0,0
General,Bose,39,0,28,0,0,1,0
Genji,Saiougausi,39,0,28,0,0,0,0
GhostShip,Oekakizuki,39,39,28,0,0,12,0
Grail,HGK,39,0,28,0,0,0,0
Gym,BlueGK,39,39,28,0,0,2,0
Hakai,Mikzn,39,0,28,0,0,0,0
Harem,Mikzn,40,40,28,28,3,0,0
Heels,ahemaru,40,40,28,28,5,0,0
Hive,YoukosoElf,39,39,28,0,0,1,0
Honey,Shexyo,39,0,28,0,0,0,0
Host,Yabuki,39,39,28,0,0,0,0
Hunter,Toridamono,39,0,28,0,0,0,0
Idol,SatouKuuki,39,39,28,28,2,1,0
Inma,MdaStarou,38,38,28,0,0,1,0
Inmon,Toridamono,39,39,28,0,0,0,0
Inn,YoukosoElf,39,0,28,0,0,0,0
Kargos1,Mikage,39,0,28,0,0,0,0
Kargos2,MdaStarou,39,0,28,0,0,0,0
Kiss,GEN,39,0,28,0,0,12,0
Kitsune,AiLove,39,39,28,0,0,0,0
Knight,ahemaru,39,39,28,0,0,1,0
Konoha,Yabuki,39,0,28,0,0,0,0
Konton,Mosouko,39,0,28,9,0,0,0
Lab,Momisan,39,39,28,0,0,0,0
Labyrinth,Minamoto,39,0,28,0,0,0,0
Lamia,Minamoto,40,40,28,0,0,0,0
LastRoad,Oekakizuki,39,0,28,0,0,0,0
LastTower,TerasuMC,39,0,28,0,0,0,0
Library,Asanagi,39,39,28,0,0,1,0
LilyMansion,Ttosom,39,0,28,0,0,8,0
Lingerie,Asanagi,40,40,28,25,1,0,0
LostF,Bose,39,0,28,0,0,4,0
Luna,TomohiroKai,39,0,28,0,0,1,0
Madam,cgelRichy,39,0,28,0,0,8,0
Maid,YoukosoElf,40,40,28,28,2,0,0
Masque,WadaArco,39,39,28,0,0,0,0
Medusa,Hisano,39,0,28,0,0,0,0
Military,AiLove,39,0,28,0,0,0,0
Mimic,Raita,39,39,28,0,0,1,0
Minotaur,GEN,39,0,28,0,0,0,0
Mirror,Momisan,39,0,28,0,0,0,0
Moon1,Eroquis,39,0,28,0,0,0,0
Moon2,Dishwasher,39,0,28,0,0,0,0
Moth,Otochichi,39,0,28,0,0,0,0
Musashi,ATRex,39,0,28,0,0,0,0
Necro,IFL,39,0,28,0,0,0,0
Nekomata,WadaArco,39,39,28,0,0,0,0
Neneko,Yabuki,39,0,28,0,0,0,0
Ninja,HGK,39,39,28,0,0,0,0
Nympho,ShinjiroKoto,39,0,28,0,0,0,0
Octa,AiLove,39,0,28,0,0,1,0
Office,Dishwasher,39,39,28,0,0,0,0
Oiran,YoukosoElf,40,40,28,22,0,0,0
Oni,XLDishwasher,39,39,28,0,0,1,0
Onsen,Ttosom,39,39,28,0,0,0,0
OpenSea,hews,39,0,28,0,0,4,0
PandoraFarm,Eroquis,39,0,28,22,2,1,0
Patra,KNAI,39,0,28,0,0,0,0
Pawn,Mikage,39,0,28,0,0,0,0
Perfume,DishwasherV2,40,0,28,26,3,0,0
Plansect,AiLove,39,0,28,0,0,0,0
Police,Shiwudesu,39,0,28,0,0,0,0
Poseidon,BlueGK,39,0,28,0,0,4,0
Prison,Saiougausi,39,39,28,0,0,0,0
Puppet,Bose,39,0,28,0,0,1,0
Queen,cgelRichy,39,0,28,0,0,0,0
Queen2,Raita,39,0,28,0,0,1,0
Queens,MdaStarou,39,0,28,0,0,4,0
REso,ahemaru,39,0,28,0,0,0,0
Ranch,ShinjiroKoto,39,0,28,0,0,0,0
Ranch2,XLDishwasher,39,0,28,0,0,4,0
RedMountain,DishwasherV2,39,0,28,0,0,0,0
Research,Oekakizuki,39,0,28,0,0,4,0
Revue,Danimaru,40,40,28,28,4,1,0
Rosetta,ebora,26,0,0,0,0,0,0
Ruin,DishwasherLoHa,28,0,0,0,0,0,0
SEruru,Giga,39,0,28,0,0,0,0
Salon,ebora,39,39,28,0,0,0,0
Scylla,hews,39,39,28,0,0,23,0
Seraph,HGK,39,0,28,0,0,0,0
ShowPub,HGK,39,39,28,0,0,0,0
Shrift1,Mikzn,39,0,28,0,0,0,0
Shrift2,Mosouko,39,0,28,0,0,0,0
Shrine,Shiwudesu,40,0,28,22,1,0,0
Sister,hews,40,0,28,21,1,0,0
Sky,GEN,39,0,28,0,0,0,0
Slime,Mikage,39,39,28,0,0,1,0
Smith,ToLoveRuD,39,0,28,0,0,0,0
Snow,Suujiniku,39,39,28,0,0,1,0
SnowAngel,WadaArco,39,0,28,0,0,0,0
Sosei,Momisan,39,0,28,4,0,0,0
Sphinx,Oekakizuki,39,0,28,0,0,4,0
Sphinx2,Bose,39,0,28,0,0,0,0
Spiders,IFL,39,0,28,0,0,28,0
Spirit,MdaStarou,39,0,28,0,0,1,0
Starship,ToLoveRuD,39,0,28,0,0,0,0
Studio,KNAI,39,36,28,0,0,0,0
SuccVillage,BlueGK,39,0,28,0,0,0,0
Summoner,Suujiniku,39,39,28,0,0,0,0
Sylvia,Mosouko,39,0,28,0,0,0,0
Tavern,SatouKuuki,40,0,28,22,2,0,0
Tea,Ttosom,39,0,28,0,0,0,0
Tengu,TerasuMC,39,0,28,0,0,0,0
Tensho,SatouKuuki,39,0,28,0,0,0,0
Train,Dishwasher,40,40,28,28,1,0,0
Tutor,ebora,39,39,28,0,0,1,0
Twins,WadaArco,39,39,28,0,0,0,0
Underworld,Mosouko,39,0,28,0,0,0,0
Valkyrie,Saiougausi,39,0,28,0,0,0,0
VampCastle,Saiougausi,39,0,28,0,0,0,0
Vampire,Yabuki,39,39,28,0,0,0,0
Venus,DishwasherV2,39,0,28,4,0,0,0
Volcano,Minamoto,39,0,28,0,0,4,0
Werewolf,Toridamono,39,0,28,0,0,0,0
Witch,Danimaru,39,39,28,0,0,0,0
Witches,ToLoveRuD,39,0,28,4,0,0,0
Yakai,KNAI,56,0,0,0,0,0,0
Yamatai,Shexyo,39,0,28,0,0,4,0
Yatsume,Mikzn,39,0,28,0,0,12,0
Yumir,cgelRichy,39,0,28,5,0,0,0
合計,,6249,2113,4396,521,42,224,0
