ファイル名,足す語,年齢に関わるタグ,扱い
Alice15-20,"alice15, horns, tattoo, colored skin, pointy ears, monster girl, blue skin","onee-shota, child, female child",撮らない（年齢タグ）
Alipheese-20 (2),"alipheese, tattoo, flower, hair ornament, hair flower, yellow eyes, pointy ears",,
ArtoriasDuo_Illu_Dwnsty,artoriasduo,,
BD2Blade_ilxl,bd2blade,,
BD2_Eclipse_nyraen_v2,"eclipsedef, blue eyes, long hair, black hair, colored inner hair, multicolored hair, blue hair, horns, broken horn, horn ornament, purple leotard, bare shoulders, frills, black gloves",,
BD2_Luvencia_nyraen_v2.5,"Luvencia-DS, blue eyes, short hair, black hair, multicolored hair, colored inner hair, blue hair, mole under eye, black choker, office_lady, black_jacket, white_shirt, black_gloves, black_skirt, black_thighhighs, black_high_heels",,
BD2_Nebris_nyraen_v2.5,"nebrisemployee, dark_skin, blue_eyes, long hair, bangs, ivory hair, multicolored_hair, green_streaked_hair, black_hairpin, white turtleneck, long sleeves, black_belt, black_skirt, black_thigh_boots, heels",,
BD2_Scheherazade_nyraen_v2,bd2 scheherazade,,
BD2_Wilhelmina_nyraen_v2.2,"wilhelmina-SL, blue eyes, hair over one eye, long hair, blonde hair, white sleeveless crop_top, gold buttons, white elbow gloves, blue bodysuit bottoms, black thigh high boots, heels, white spotted coat, coat on shoulders",,
BD2_Zenith_nyraen_v2.2,"Zenith-RH, purple eyes, orange hair, long hair, hair between eyes, green scarf hood, red feathers, white short sleeve, black highleg leotard, black fingerless elbow gloves, black waist belt, black thighhighs, yellow straps, green ankle heel boots",,
Bismarck_-_Kancolle_Illustrious,bismarck (kantai collection),,
Black_Alice-19,"red eyes, blonde hair, black_alice, blunt bangs",,
Celia_ilxl-000056,"large_breasts, black_hair, bare_shoulders, green_eyes, blunt_bangs, long_hair, cleavage",,
Dalvi_ilxl_v1.5,dalvi,,
Darian_ilxl_v2,"Darian-YD, blue eyes, long wavy hair, white hair, hair flower, purple_military_uniform, asymmetry top, white layered top, epaulette, brooch, black gloves, black belt, pelvic curtain, white pantyhose, white high heels",,
Diana_ilxl_v2,diana,,
Eden-19,"eden, wings, head wings, angel wings, grey hair, blue eyes",,
EmmaTUST_nikke_gekawia,"hair ornament, dress, black dress, bare shoulders, jewelry",,
FateApocrypha_Semiramis_IlluXL,"semiramisfa, pointy ears, black hair, fur collar, black dress, anime screencap, black collar",,
FateGrandOrder_DivineRealm_LeonardoDaVinci_IlluXL,"brown hair, anime screencap, forehead, parted bangs, blue eyes, detached collar, puff and slash sleeves",,
Fatima-20,"fatima, red eyes, head wings, blonde hair, cape, vampire",,
FrogGirl-20,"frogirl, colored skin, frog girl, monster girl, nude, tongue, green skin",loli,撮らない（年齢タグ）
Gorgons_XL,"purple hair, twintails, jewelry, hairband, dress, very long hair, white dress",aged down,撮らない（年齢タグ）
Granberia-11 (1),"granberia, red hair, monster girl, scales, short hair, yellow eyes, pointy ears",shota,撮らない（年齢タグ）
Hiruko-20 (1),"hiruko, black hair, yellow eyes, hat",,
Hoseki_Nikke_Brid_IllustriousXL_v1,hoseki,,
Jeanne_dArc__Swimsuit_Archer_2nd_Ascension__FateGrand_Order,"one-piece swimsuit, blonde hair, blue eyes, archerjeanne2nd, jeanne d'arc (swimsuit archer) (second ascension) (fate)",,
Kanade-20,"kanade, red eyes, blue hair, colored skin, monster girl, blue skin, slime girl",,
Kasumi_DOA_Ver2.0_IS,"kasumi_doa, sweat, collarbone, thighs",,
LMermaidSP_ill_gekawia,"black hair, multicolored hair, swimsuit, bikini, white bikini",,
Laura-20,"laura, blue eyes, jewelry, colored skin, monster girl, white hair, mermaid","shota, onee-shota",撮らない（年齢タグ）
Levia_ilxl-000044,"black hair, hair between eyes",,
Lime,"Lime, slime girl",,
Lion_XL_illustrious-noob_v1,"lion \(azur lane\), military uniform",,
Lucretia-20,"lucretia, green eyes, blue hair, feathers, wings, monster girl, harpy","shota, onee-shota",撮らない（年齢タグ）
Micaela2-20,"micaela, blonde hair, blue eyes, wings, angel","onee-shota, shota",撮らない（年齢タグ）
Michaela_ilxl-000023,"parted bangs, grey hair, red eyes, large_breasts",,
Minagi-20 (1),"minagi, horns, tattoo, red eyes, demon girl","shota, onee-shota",撮らない（年齢タグ）
Morpeah_ilxl_v2,"grey hair, hair between eyes, twintails, huge breasts, red eyes",,
Morrigan-20,"morrigan, blue eyes, blue hair, pointy ears, twintails",,
PittsburghILSTCAMEq2v1.2 AL,"star hair ornament, red eyes, purple hair, medium hair, side ponytail, white dress",,
PrinzEugenV1,thighs,,
RafaelaV2-20 (1),"pointy ears, hair over eyes, wings, huge breasts, bare shoulders, blue hair, cleavage",,
Reisalin_Stout4-000003,"brown hair, brown eyes, red shorts",,
Saja-19,"saja, black hair, yellow eyes, pointy ears, hair tubes",,
Sara-20,"sara, short hair",,
Saratoga_Kantai_Collection-000009,saratoga kantai collection 000009,,
Sin__シン_NIKKE_Illustrious,"nkksn, black hair, very long hair, ponytail, sndef, headwear, mouth mask",,
Sonya-20,"sonya, short hair, green eyes, brown hair, gloves, hair ornament, hairclip",,
SovetskySoyuzILSTCAMEq2v1.1 AL,"svysd, fur hat, necktie",,別版を使用中
Spider_Princess,"spider girl, arachne",,
Sylvia_ilxl_v2,"Sylviamarine, long hair, drill hair, pink hair, hair over one eye, blue eyes, peaked_cap, white headwear, blue bolero_top, white ceremonial_dress_uniform, blue corset_top, black necktie, white gloves, white hot_pants, black high_heels, coat on shoulders, epaulettes",,
Tamamo-10,"tamamo, blonde hair, animal ears, fox ears, animal ear fluff, tattoo, tail",loli,撮らない（年齢タグ）
TamamoRaceQueen,"t4m4r4ce, animal ears, pink hair, twintails, hair bow, yellow eyes, cropped jacket",,
TiaSLizzie_ill_gekawia,"blonde hair, jewelry, sunglasses, eyewear on head",,
Yao-20,"yao, animal ears, fox ears, pink hair, tail, fox tail",,
_echidna_gbf-elesico-ilxl,"gbfechid, long hair, white hair, harem outfit, veil",,
_europa_fgo-elesico-ilxl,"blonde hair, very long hair, purple eyes, crown, white dress",,
_noise_nikke-elesico-ilxl,"dark-skinned female, black hair, multicolored hair, dark skin",,
_ramizel_sophie2-elesico-ilxl,"bare shoulders, jewelry, purple hair",,
arachnemge-000006,"arachne, spider girl, monster girl, arthropod girl, taur, extra eyes",,
argus_XL_illustrious-noob_v1,"argus (azur lane), military uniform",,
atago_kancolle_illust_scarxzys,atago (kancolle),,
azuma_IL_v1.0,flower,,
burnice_white_zzz_illustrious_goofy,burnice white,,
charlotte_illus,"short hair, brown hair, braid, green eyes, hat, side braid",,
dreizehn_il,"dreizehn \(shadowverse-wb\), gloves",,
dupleix_XL_illustrious-noob_v1,dupleix \(azur lane\),,
eunhwaTUv2.0_nikke_gekawia,"black hair, multicolored hair, thighhighs, hat",,
fatedemeter-illu-nvwls-v1,"blonde hair, black gloves, very long hair",,
hakuhou_XL_illustrious-noob_v1,hakuhou \(azur lane\),,別版を使用中
haruna_(kancolle)_ilxl_v1,haruna (kancolle),,
hindenburg_IL_v1.0,hindenburg,,別版を使用中
illustrious_XL_pony_v2,illustrious (azur lane),,別版を使用中
indomitable_(azur_lane)_2_il_3-000012,"indomitable\(azur_lane\), horn, white_dress, cloak",,
kashima_ilxl_v1.2,"kashima \(kancolle\), wavy hair, grey hair",,
klaudia_valentz_XL_illustrious-noob_v2,klaudia valentz,onee-shota,撮らない（年齢タグ）
kp_BaobhanSithFateGrandOrderBloodyBunnyIllustrious_v1_0,kp baobhansithfategrandorderbloodybunnyillustrious,,
lady_avalon_sn45,lady avalon sn45,,
liladecyrus-illu-nvwls-v1,"l1ladc, very long hair, crossed bangs, silver hair, bare shoulders, purple eyes",,
mast-nikke-richy-v1_ixl,"pink hair, cleavage, skull hair ornament, pink eyes, fang",,
matahari-illu-nvwls-v1,"mathr, hair ornament, brown hair, hair flower",,
medea illustxl,"medea (fate), blue hair, hood, purple lips, lipstick, makeup, cloak",,
mutsu_kai2_ilxl_v1.4,"mutsu \(kancolle\), short hair, brown hair, green eyes, skirt",,
new_jersey_IL_v2.0,new jersey,,
nyotengu-illu-nvwls-v1,"d0anyt, blunt bangs, black hair, sidelocks, purple eyes, mole under mouth",,
plymouth_IL_v1.0,plymouth,,別版を使用中
raikou_fgo_illust_scarxzys,"fate/grand order, fate (series), minamoto no raikou (fate), very long hair, purple hair, purple eyes, minamoto no raikou (swimsuit lancer) (fate)",,
redshoes-nikke-richy-v1_ixl,"rdshs, black hairband, short hair, black gloves, elbow gloves, blonde hair, hair ornament","shota, onee-shota",撮らない（年齢タグ）
regensburg_illust_scarxzys,regensburg (azur lane),,
roon_XL_illustrious_v1,"roon \(azur lane\), military uniform",,
rosanna_nikke_ilxl_goofy,rosanna,,
serriglaus-illu-nvwls-v1,"sgla, hair between eyes, pale skin, grey hair, medium hair, hair ornament, black hairband",,
shiNayutaV5ill,shinayutav5ill,,
takao-10(ILL),"takaokc, short hair, hat, uniform, military, military uniform, beret",,
yorktown_ii_XL_illustrious-noob_v2,yorktown ii \(azur lane\),"loli, oppai loli, onee-loli, onee-shota, shota",撮らない（年齢タグ）
yumia_liessfeldt_XL_illustrious-noob_v1,"yumia liessfeldt, main clothes",,
