種類,構図名（フォルダ名）,構図の内容,選ぶときに見るところ
構図LoRA,lamia,ラミア（下半身が蛇）が寝た主人公に尾を巻きつける,蛇の体が途切れていないか
構図LoRA,arachne,アラクネ（下半身が蜘蛛）が主人公の上に乗る,女性が2人になっていないか（学習が女性同士中心）
構図LoRA,succubus_tail,サキュバスの尻尾が寝た主人公に巻きつく（見た目寄り）,尻尾がどこから生えているか
構図LoRA,armpit,腋に顔を押しつける（学習元が別方式なので効き方が怪しい）,崩れていたら使わない
構図LoRA,energy_drain,覆いかぶさって精気を吸う（光のエフェクト）,光が主人公側から出ているか
構図LoRA,lamia_coil,ラミアが立ったまま尾で主人公を巻き上げる,主人公が大人の体つきか
構図LoRA,toes_nipple,座った相手が足の指で寝た主人公の乳首をつまむ,足と乳首の位置が合っているか
構図LoRA,nipple_lick_hj,横に寝て乳首を舐めながら手コキ,手が2本に収まっているか
構図LoRA,peg_pov,POV（相手の目線）で脚を上げた主人公にペニバン,主人公がごつくないか（学習に筋肉質が多い）
構図LoRA,peg_chair,拘束椅子で脚を上げた主人公に正面からペニバン,椅子と脚の形
構図LoRA,suspension,両手首を吊られた主人公の前に相手が立つ,吊り方が不自然でないか
構図LoRA,inverted,主人公を逆さ吊りにして責める,上下が正しく描けているか
構図LoRA,peg_spoon,横向きに寝て後ろからペニバン（添い寝）,体の重なりで脚が消えていないか
構図LoRA,peg_doggy,四つん這いの主人公に後ろからペニバン,相手が後ろ、主人公が前か
構図LoRA,peg_strapon,脚を上げた主人公に正面からペニバン,受けが女性になっていないか（学習が女性同士）
構図LoRA,futa,ふたなりが四つん這いの主人公に後ろから,役が逆になっていないか
構図LoRA,whisper,座った主人公の耳元に後ろからささやく（顔の接写寄り）,2人の顔が重なって崩れていないか
構図LoRA,lap_finger,膝枕の主人公をPOVで見下ろす,膝枕の形
構図LoRA,rusty,前かがみの主人公の後ろにひざまずく,体の向き
構図LoRA,chastity,POVで貞操帯を見下ろす,器具の形
構図LoRA,xcross,X字の磔に拘束された主人公の横に立つ,手足が4本とも拘束具についているか
構図LoRA,collar,首輪の主人公が四つん這い、相手がリードを持って立つ,リードが2人をつないでいるか
構図LoRA,facesit,寝た主人公の顔に座る,体の重なり
構図LoRA,step,POV・下から、立った相手が踏みつけて見下ろす,足の大きさが不自然でないか
構図LoRA,thigh,主人公にまたがって太ももで挟む,脚の数
構図LoRA,rah,立った主人公に後ろから手を回して手コキ,手が誰のものか分かるか
構図LoRA,rah_behind,座った主人公を後ろから抱いて胸に手を回す,同上
構図LoRA,headlock,横から頭を抱え込んで手コキ,腕の数
構図LoRA,paizuri,POV。寝た主人公の脚の間で胸で挟む,POVになっているか
構図LoRA,xray,脚を上げた主人公にペニバン＋断面図（小窓用）,断面図が主人公側か（学習に男同士・獣人が多い）
構図LoRA,figure_four,床に寝て脚で主人公の首を固める,脚が絡みすぎて崩れていないか
構図LoRA,alt_ashikoki,座った相手が寝た主人公を足で責める,足の形
構図LoRA,alt_thigh_top,POV。上に乗って太ももで挟む,POVになっているか
参考絵,lowangle_side_hj,寝た主人公の足元から見上げ。頭は画面外。横に座る相手が手コキしながらこちらを見る,体が斜めに伸びているか・主人公の頭が切れているか
参考絵,side_bound_hug,横から。両手を頭上で拘束されて座る主人公の脚に相手が抱きつき見上げる,主人公の目が前髪で隠れているか
参考絵,pov_footjob,POV・下から。脚を組んで座った相手が素足を突き出す,POVになっているか
参考絵,pov_paizuri,POV。脚を開いて寝た主人公の脚の間で胸で挟む,同上
参考絵,side_chin_lift,横から。後ろ手に縛られひざまずく主人公のあごを持ち上げる,あごに指がかかっているか
参考絵,lap_nursing_hj,膝枕で胸を吸わせながら手コキ。主人公の顔は胸に埋まる,主人公の顔が隠れているか
参考絵,lying_on_him_lookback,下から。寝た主人公の上に脚の方を向いて寝そべり、振り返る,振り返りの首の向き
参考絵,topdown_hj_hands,上から。寝た主人公の胸元に顔を寄せ手コキ。主人公の頭は画面外,主人公の頭が切れているか
参考絵,side_allfours_milking,横から。四つん這いの主人公の後ろから脚の間に手を回す,相手が後ろにいるか
参考絵,wall_standing_nipple,横から。壁際に立たせシャツをめくって乳首をつまむ。主人公の頭は上で切れる,身長差（相手が見上げる形でも可）
参考絵,head_side_nipple,上から。寝た主人公の頭側に座って乳首をつまむ。主人公は口だけ見える,難しい構図。崩れやすい
代わり(_p),kiss_p,ベッドで押し倒して深くキス。相手が上,相手が上になっているか
代わり(_p),close_hug_p,立ったまま正面から抱きしめる。主人公の顔が胸に,主人公が相手より小さいか
代わり(_p),bloodsuck_p,吸血鬼が座った主人公を後ろから抱えて首を噛む,噛む側が相手か
代わり(_p),prostate_p,脚を上げて開いた主人公の脚の間から指で前立腺,役が逆になっていないか
代わり(_p),fingering_p,四つん這いの主人公に後ろから指,相手が後ろか
代わり(_p),handjob_side_p,ベッドに並んで座って手コキ,手の数
代わり(_p),footjob_p,椅子に座った相手が床の主人公を足で,高さの差が出ているか
代わり(_p),bondage_p,縄で両手を頭上に縛られ寝た主人公に相手がまたがる,縛られているのが主人公か
代わり(_p),peg_p,脚を上げた主人公にペニバン（横から）,役が逆になっていないか
代わり(_p),peg_nipple_p,四つん這いの主人公に後ろからペニバン＋乳首,手が胸まで届いているか
代わり(_p),futadom_p,ふたなりが脚を上げた主人公の脚の間に,役が逆になっていないか
視点違い,hj_pov_above,POV。横にひざまずいて見下ろしながら手コキ,POVになっているか
視点違い,hj_behind_seated,正面から。座った主人公を後ろから抱いて手コキ、あごを肩に,2人の顔の位置
視点違い,hj_lap_above,上から。ソファで膝に仰向けに寝かせて手コキ,膝の上の形
視点違い,nipple_pov_lick,POV。上に乗って乳首を舐めながら見上げる,POVになっているか
視点違い,nipple_behind_standing,正面から。立った主人公の後ろから両方の乳首をつまむ,相手の顔が主人公の耳元にあるか
視点違い,nipple_lap_facing,横から。椅子の主人公の膝に向かい合って乗り乳首をつまむ,乗っているのが相手か
視点違い,kiss_pov,POVの接写。舌を出して顔を寄せ、両手でほほを包む,接写で崩れていないか
視点違い,kiss_wall,横から。壁に押しつけて手首を押さえキス,押さえているのが相手か
視点違い,kiss_lap,横から。椅子の主人公の膝に向かい合って乗りキス,同上
視点違い,ear_lick_side,横から。座った主人公の耳を後ろから舐める、手は胸,2人の顔が重なって崩れていないか
視点違い,ear_lying_above,上から。添い寝で耳元にささやく、手は胸,2人とも寝ているか
視点違い,foot_chest_pov,POV・下から。床の主人公の胸に素足を乗せて見下ろす,足の大きさ
視点違い,footjob_side_lying,横から。寝た主人公の足元に座り、手を後ろについて足で,脚の数
視点違い,peg_press_side,横から。脚を押し上げて覆いかぶさりペニバン,役が逆になっていないか
視点違い,peg_desk_side,横から。机に手をつかせて後ろからペニバン,相手が後ろか
視点違い,peg_prone_side,横から。うつ伏せの主人公に重なってペニバン,体の重なり
視点違い,finger_pov_legs,POV。脚を開いた主人公の脚の間から指で、見上げて笑う,POVになっているか
視点違い,finger_spoon_side,横から。横向きに寝て後ろから手を回し指で,体の重なり
視点違い,paizuri_side,横から。ベッドの端に座った主人公の前にひざまずき胸で挟む,相手が下、主人公が座っているか
視点違い,straddle_pov,POV。またがって胸に手を置き見下ろす,POVになっているか
視点違い,straddle_pin_side,横から。腰にまたがって前かがみ、手首をベッドに押さえる,押さえているのが相手か
視点違い,facesit_side,横から。脚の方を向いて顔に座り手コキ,体の重なり
視点違い,bound_chair_front,正面から。椅子に縛った主人公の脚の間の座面に足を置いて見下ろす,縛られているのが主人公か
視点違い,bound_bed_above,上から。大の字でベッドに縛られた主人公の胸を指でなぞる,手足が4本とも縛られているか
視点違い,thigh_side,横から。寝た主人公の膝に背を向けて座り太ももで,脚の数
視点違い,collar_pov,POV・下から。立ってリードを引く,リードがこちらに伸びているか
視点違い,chin_pov,POVの接写。指であごを持ち上げて見下ろす,接写で崩れていないか
別ポーズ,thigh_standing,横から。立ったまま後ろから太ももで挟む,脚の数
別ポーズ,thigh_lying,横から。横向きに寝て後ろから抱いて太ももで,体の重なり
別ポーズ,thigh_ontop,POV。寝た主人公の膝に向かい合って座り太ももで、見下ろす,POVになっているか
別ポーズ,energy_drain_ride,横から。サキュバスが騎乗位、主人公の体から光が立ちのぼる,光が主人公側から出ているか
別ポーズ,energy_drain_kiss,覆いかぶさってキスで吸う、口の間に光,同上
別ポーズ,headlock_hj,正面から。横に座って片腕で頭を抱え込み、もう片手で手コキ,腕の数
別ポーズ,headlock_foot,正面から。後ろに座って頭を抱え込み、脚を回して足で,脚と腕の数
別ポーズ,figure_four_foot,上から。床に寝て脚で首を固めながら足で,脚が絡みすぎていないか
別ポーズ,toes_nipple_hj,横から。座って足の指で乳首をつまみながら手コキ,手足の数
別ポーズ,peg_spoon_hj,正面から。横向きに寝て後ろから手を回し手コキ,体の重なり
別ポーズ,suspension_hj,正面から。吊られた主人公の後ろから手を回して手コキ,吊り方
別ポーズ,suspension_peg,横から。吊られた主人公に後ろからペニバン,役が逆になっていないか
別ポーズ,facesit_foot,横から。脚の方を向いて顔に座り足で,体の重なり
別ポーズ,lap_finger_hj,POV。膝枕で寝かされ、正座した相手が見下ろしながら手コキ,顔が逆さになっていないか・口での奉仕になっていないか
別ポーズ,lap_pillow_hj_side,横から。正座した相手の太ももに主人公が頭を乗せ、覆いかぶさって手コキ,主人公の頭が太ももに乗っているか
別ポーズ,lap_finger_anal,POV。膝枕で主人公の脚を上げさせ、手を伸ばして指で,腕が届いているか
別ポーズ,rah_standing,正面から。立ったまま後ろから抱いて手コキ、あごを肩に,2人の顔の位置
別ポーズ,rah_lying,上から。ベッドで後ろに寝て手を回し手コキ,体の重なり
別ポーズ,whisper_lying,横から。添い寝で耳元にささやく、手は胸,2人とも寝ているか
追加(2026-10-01),nipple_side_lying,横から。添い寝して乳首を舐め、もう片方をつまむ,相手が横に寝ているか（上に乗っていないか）
追加(2026-10-01),nipple_lap_pinch,横から。椅子の主人公の膝に向かい合って乗り乳首をつまむ,乗っているのが相手か
追加(2026-10-01),nipple_front_standing,横から。立って向かい合い乳首をつまむ,向かい合っているか
追加(2026-10-01),hug_standing_chest,横から。立ったまま抱きしめ、主人公が前かがみで胸に顔をうずめる,主人公が大人の体つきか（子どもっぽく見えたら使わない）
追加(2026-10-01),hug_seated_chest,横から。並んで座り、主人公の頭を胸に抱き寄せる,主人公が大人の体つきか
追加(2026-10-01),finger_side_lying,横から。膝を立てて寝た主人公の腰の横に座り指で,相手が横に座っているか
追加(2026-10-01),finger_front_legs,正面から。脚を上げた主人公の脚の間にひざまずき指で,役が逆になっていないか
追加(2026-10-01),bound_spread_eagle,上から。大の字でベッドの四隅に縛られた主人公の横に座る,手足が4本とも縛られているか
追加(2026-10-01),between_legs_sit_lying,横から。寝た主人公の脚の間に座り両手で持つ（尿道責め・ゼリー用）,口での奉仕になっていないか
追加(2026-10-02),kneel_front_sit_foot,横から。ひざまずく主人公の前で相手が椅子に座り、足先を顔の前に,相手が椅子・主人公が床になっているか
追加(2026-10-02),kneel_front_nipple,横から。膝立ちの主人公の前に相手が立ち、かがんで乳首をつまむ,相手が立っていて主人公が膝立ちか
追加(2026-10-02),kneel_front_hj,横から。膝立ちの主人公の前で相手がしゃがみ、片手で手コキ,口での奉仕になっていないか
追加(2026-10-02),kneel_behind_hug,横から。膝立ちの主人公を相手が後ろから膝立ちで抱く,後ろにいるのが相手（女）か
追加(2026-10-02),sit_side_bench_hj,正面から。ベンチで主人公の横にぴったり座り、手コキしながら耳打ち,横並びに座っているか（膝の上ではない）
追加(2026-10-02),sit_side_sofa_nipple,正面から。ソファで横並び、相手が寄りかかって乳首を触る,横並びか
追加(2026-10-02),sit_side_neck,横から。ベッドの縁に並んで座り、相手が主人公の顔を自分の首元へ,2人とも座っているか
追加(2026-10-02),lie_beside_hug_chest,上から。仰向けの主人公の横に相手が横向きに寝て、頭を胸に抱く,主人公が仰向け・相手が横向きか
追加(2026-10-02),kneel_throne_chin,横から。玉座に座る相手の足もとに主人公がひざまずき、相手があごを持ち上げる,相手が玉座・主人公が床か（逆になっていないか）
追加(2026-10-02),kneel_bed_edge_nipple,横から。ベッドの縁に座る相手の膝の間に主人公がひざまずき、乳首をつまむ,主人公が床・相手がベッドの縁か
追加(2026-10-02),kneel_stand_leash,横から。立った相手の前に主人公が首輪で膝立ち、相手が頭に手を置く,相手が立ち・主人公が膝立ちか
追加(2026-10-02),kneel_seiza_head,横から。正座の主人公の前に相手が立ち、頭をなでる,主人公が正座・相手が立っているか
追加(2026-10-02),peg_fours_front,斜め前から。肘をついて四つん這いの主人公の背中に、後ろの相手が覆いかぶさる（元絵は横長・ゲームの画面写真）,相手が後ろ・主人公が下で、2人の顔が見えるか
追加(2026-10-02),nipple_pov_straddle,POV・下から。腰にまたがった相手が前かがみで両手で乳首をつまむ（元絵は横長・ゲームの画面写真）,POVで相手の顔が近いか・主人公の顔が出ていないか
追加(2026-10-02),inverted_seated_toy,正面・下から。腰を高く上げてあお向けの主人公（頭が画面下）の後ろに相手が座り、片手で道具を持つ（ゲームの画面写真を縦に切り抜き）,上下が正しいか・道具を持つのが相手か
追加(2026-10-02),stand_embrace_back,後ろから。背を向けて立つ主人公を、向かい合った相手が胸と腰に手を当てて抱く（ゲームの画面写真を縦に切り抜き）,背中を見せているのが主人公か
