日時,種類,対象,判定,理由
2026-10-05 19:14,キャラLoRAの見本,Dream_master_Shexyo,見本を選ぶ,今の立ち絵 Dream_WAI_Shexyo\Dream_master_00001_.png
2026-10-05 19:44,キャラLoRA（まとめて）,157 MOD,1枚目の候補を撮る,784 キャラ
2026-10-05 20:09,キャラLoRAの見本,Alchemy_master_Hisano,見本を選ぶ,1枚目の候補 first_00001_.png
2026-10-05 20:09,キャラLoRAの見本,Alchemy_e1_Hisano,見本を選ぶ,1枚目の候補 first_00004_.png
2026-10-05 20:09,キャラLoRAの見本,Alchemy_e2_Hisano,見本を選ぶ,1枚目の候補 first_00001_.png
2026-10-05 20:09,キャラLoRAの見本,Alchemy_e3_Hisano,見本を選ぶ,1枚目の候補 first_00004_.png
2026-10-05 20:09,キャラLoRAの見本,Alchemy_boss_Hisano,見本を選ぶ,1枚目の候補 first_00004_.png
2026-10-05 20:10,キャラLoRAの見本,Alfimia_master_TerasuMC,見本を選ぶ,1枚目の候補 first_00001_.png
2026-10-05 20:10,キャラLoRAの見本,Alfimia_e1_TerasuMC,見本を選ぶ,1枚目の候補 first_00001_.png
2026-10-05 20:10,キャラLoRAの見本,Alfimia_e2_TerasuMC,見本を選ぶ,1枚目の候補 first_00002_.png
2026-10-05 20:10,キャラLoRAの見本,Alfimia_e3_TerasuMC,見本を選ぶ,1枚目の候補 first_00001_.png
2026-10-05 20:11,キャラLoRAの見本,Alfimia_boss_TerasuMC,見本を選ぶ,1枚目の候補 first_00001_.png
2026-10-05 20:50,採用,102135253-550a10dbd3109574df10bbfb598e5bf5_p0_master1200.jpg,two_peg_fours_side_sides_peg,
2026-10-05 20:50,採用,99817853-25339690968451796b09b3cce6f6920b_p0_master1200.jpg,two_nipple_sit_front_sides_nipple,
2026-10-05 20:51,採用,141741410-da2e76a85c21cfb36a126d94e6ff7158_p0_master1200.jpg,finger_lie_above_facing_finger,
2026-10-05 20:52,採用,146529246-49d7601f02312bd6f7128ef1d76fa227_p11_master1200.jpg,nipple_stand_close_beside,
2026-10-05 20:52,採用,137014781-71ecedd84646ec2dfd1e89e99039d388_p5_master1200.jpg,nipple_sit_front_back_kiss,
2026-10-05 20:53,採用,IMG_8551.PNG,rusty_fours_side_back_hj,
2026-10-05 20:53,採用,IMG_8550.PNG,anilingus_pov_legs_up_hj,
2026-10-05 20:54,採用,IMG_8549.JPG,rusty_fours_side_back_hj_b,
2026-10-05 20:55,採用,IMG_8548.JPG,finger_lie_side_back,
2026-10-05 20:55,採用,IMG_8547.PNG,rusty_fours_behind_hj,
2026-10-05 20:56,採用,IMG_8546.PNG,anilingus_pov_close,
2026-10-05 20:56,採用,IMG_8545.JPG,rimjob_sit_behind_between,
2026-10-05 20:57,採用,IMG_8544.JPG,rimjob_bent_side_back,
2026-10-05 20:58,採用,IMG_8543.PNG,peg_stand_side_back,
2026-10-05 21:02,採用,IMG_8542.PNG,peg_sit_front_back,
2026-10-05 21:03,採用,IMG_8541.PNG,peg_sit_front_back_hj,
2026-10-05 21:47,キャラLoRAの見本,Alraune_master_Eroquis,見本を選ぶ,1枚目の候補 first_00002_.png
2026-10-05 21:48,キャラLoRAの見本,Alraune_e1_Eroquis,見本を選ぶ,1枚目の候補 first_00001_.png
2026-10-05 21:48,キャラLoRAの見本,Alraune_e2_Eroquis,見本を選ぶ,1枚目の候補 first_00001_.png
2026-10-05 21:48,キャラLoRAの見本,Alraune_e3_Eroquis,見本を選ぶ,1枚目の候補 first_00002_.png
2026-10-05 21:48,キャラLoRAの見本,Alraune_boss_Eroquis,見本を選ぶ,今の立ち絵 Alraune_WAI_Eroquis\Alraune_boss_00001_.png
2026-10-05 21:49,キャラLoRAの見本,Amazon_master_XLDishwasher,見本を選ぶ,1枚目の候補 first_00001_.png
2026-10-05 21:49,キャラLoRAの見本,Amazon_e1_XLDishwasher,見本を選ぶ,1枚目の候補 first_00004_.png
2026-10-05 21:49,キャラLoRAの見本,Amazon_e2_XLDishwasher,見本を選ぶ,1枚目の候補 first_00001_.png
2026-10-05 21:49,キャラLoRAの見本,Amazon_e3_XLDishwasher,見本を選ぶ,1枚目の候補 first_00004_.png
2026-10-05 21:50,キャラLoRAの見本,Amazon_boss_XLDishwasher,見本を選ぶ,1枚目の候補 first_00003_.png
2026-10-05 21:50,キャラLoRAの見本,Amos_master_Mikage,見本を選ぶ,1枚目の候補 first_00002_.png
2026-10-05 21:50,キャラLoRAの見本,Amos_e1_Mikage,見本を選ぶ,1枚目の候補 first_00004_.png
2026-10-05 21:50,キャラLoRAの見本,Amos_e2_Mikage,見本を選ぶ,1枚目の候補 first_00004_.png
2026-10-05 21:51,キャラLoRAの見本,Amos_e3_Mikage,見本を選ぶ,1枚目の候補 first_00003_.png
2026-10-05 21:51,キャラLoRAの見本,Amos_boss_Mikage,見本を選ぶ,1枚目の候補 first_00003_.png
2026-10-05 21:52,キャラLoRAの見本,Android_master_hews,見本を選ぶ,1枚目の候補 first_00002_.png
2026-10-05 21:54,キャラLoRAの見本,Android_e1_hews,見本を選ぶ,1枚目の候補 first_00004_.png
2026-10-05 21:54,キャラLoRAの見本,Android_e2_hews,見本を選ぶ,今の立ち絵 Android_WAI_hews\Android_e2_00001_.png
2026-10-05 21:54,キャラLoRAの見本,Android_e3_hews,見本を選ぶ,今の立ち絵 Android_WAI_hews\Android_e3_00001_.png
2026-10-05 21:55,キャラLoRAの見本,Android_boss_hews,見本を選ぶ,今の立ち絵 Android_WAI_hews\Android_boss_00001_.png
2026-10-05 21:56,キャラLoRAの見本,Angel_master_Dishwasher,見本を選ぶ,今の立ち絵 Angel_WAI_Dishwasher\Angel_master_00001_.png
2026-10-05 21:56,キャラLoRAの見本,Angel_e1_Dishwasher,見本を選ぶ,今の立ち絵 Angel_WAI_Dishwasher\Angel_e1_00001_.png
2026-10-05 21:56,キャラLoRAの見本,Angel_e2_Dishwasher,見本を選ぶ,今の立ち絵 Angel_WAI_Dishwasher\Angel_e2_00001_.png
2026-10-05 21:58,キャラLoRAの見本,Angel_e3_Dishwasher,見本を選ぶ,今の立ち絵 Angel_WAI_Dishwasher\Angel_e3_00001_.png
2026-10-05 21:59,キャラLoRAの見本,Angel_boss_Dishwasher,見本を選ぶ,1枚目の候補 first_00001_.png
2026-10-05 21:59,キャラLoRAの見本,Arachne_master_Shexyo,見本を選ぶ,今の立ち絵 Arachne_WAI_Shexyo\Arachne_master_00001_.png
2026-10-05 22:00,キャラLoRAの見本,Arachne_e1_Shexyo,見本を選ぶ,1枚目の候補 first_00002_.png
2026-10-05 22:00,キャラLoRAの見本,Arachne_e2_Shexyo,見本を選ぶ,今の立ち絵 Arachne_WAI_Shexyo\Arachne_e2_00001_.png
2026-10-05 22:01,キャラLoRAの見本,Arachne_e3_Shexyo,見本を選ぶ,1枚目の候補 first_00003_.png
2026-10-05 22:02,キャラLoRAの見本,Arachne_boss_Shexyo,見本を選ぶ,1枚目の候補 first_00003_.png
2026-10-05 22:02,キャラLoRAの見本,Arena_master_ahemaru,見本を選ぶ,1枚目の候補 first_00003_.png
2026-10-05 22:02,キャラLoRAの見本,Arena_e1_ahemaru,見本を選ぶ,1枚目の候補 first_00002_.png
2026-10-05 22:02,キャラLoRAの見本,Arena_e2_ahemaru,見本を選ぶ,1枚目の候補 first_00003_.png
2026-10-05 22:03,キャラLoRAの見本,Arena_e3_ahemaru,見本を選ぶ,1枚目の候補 first_00002_.png
2026-10-05 22:03,キャラLoRAの見本,Arena_boss_ahemaru,見本を選ぶ,1枚目の候補 first_00004_.png
2026-10-05 22:03,キャラLoRAの見本,Atelier_master_DishwasherLoHa,見本を選ぶ,1枚目の候補 first_00004_.png
2026-10-05 22:04,キャラLoRAの見本,Atelier_e1_DishwasherLoHa,見本を選ぶ,1枚目の候補 first_00002_.png
2026-10-05 22:04,キャラLoRAの見本,Atelier_e2_DishwasherLoHa,見本を選ぶ,1枚目の候補 first_00001_.png
2026-10-05 22:04,キャラLoRAの見本,Atelier_e3_DishwasherLoHa,見本を選ぶ,1枚目の候補 first_00001_.png
2026-10-05 22:07,キャラLoRAの見本,Atelier_boss_DishwasherLoHa,見本を選ぶ,1枚目の候補 first_00004_.png
2026-10-05 22:08,キャラLoRAの見本,Auction_master_Raita,見本を選ぶ,1枚目の候補 first_00004_.png
2026-10-05 22:08,キャラLoRAの見本,Auction_e1_Raita,見本を選ぶ,1枚目の候補 first_00002_.png
2026-10-05 22:08,キャラLoRAの見本,Auction_e2_Raita,見本を選ぶ,1枚目の候補 first_00002_.png
2026-10-05 22:08,キャラLoRAの見本,Auction_e3_Raita,見本を選ぶ,1枚目の候補 first_00001_.png
2026-10-05 22:08,キャラLoRAの見本,Auction_boss_Raita,見本を選ぶ,1枚目の候補 first_00004_.png
2026-10-05 22:08,キャラLoRAの見本,Beach_master_Hisano,見本を選ぶ,1枚目の候補 first_00004_.png
2026-10-05 22:09,キャラLoRAの見本,Beach_e1_Hisano,見本を選ぶ,1枚目の候補 first_00003_.png
2026-10-05 22:09,キャラLoRAの見本,Beach_e2_Hisano,見本を選ぶ,1枚目の候補 first_00001_.png
2026-10-05 22:10,キャラLoRAの見本,Beach_e3_Hisano,見本を選ぶ,1枚目の候補 first_00004_.png
2026-10-05 22:11,キャラLoRAの見本,Beach_boss_Hisano,見本を選ぶ,1枚目の候補 first_00004_.png
2026-10-05 22:12,キャラLoRAの見本,BlackCastle_boss_ATRex,見本を選ぶ,1枚目の候補 first_00002_.png
2026-10-05 22:12,キャラLoRAの見本,BlackCastle_e3_ATRex,見本を選ぶ,1枚目の候補 first_00004_.png
2026-10-05 22:12,キャラLoRAの見本,BlackCastle_e2_ATRex,見本を選ぶ,1枚目の候補 first_00002_.png
2026-10-05 22:12,キャラLoRAの見本,BlackCastle_e1_ATRex,見本を選ぶ,1枚目の候補 first_00001_.png
2026-10-05 22:13,キャラLoRAの見本,Bikyaku_master_Danimaru,見本を選ぶ,1枚目の候補 first_00004_.png
2026-10-05 22:13,キャラLoRAの見本,Bikyaku_e1_Danimaru,見本を選ぶ,1枚目の候補 first_00004_.png
2026-10-05 22:13,キャラLoRAの見本,Bikyaku_e2_Danimaru,見本を選ぶ,1枚目の候補 first_00004_.png
2026-10-05 22:13,キャラLoRAの見本,Bikyaku_e3_Danimaru,見本を選ぶ,1枚目の候補 first_00004_.png
2026-10-05 22:13,キャラLoRAの見本,Bikyaku_boss_Danimaru,見本を選ぶ,1枚目の候補 first_00003_.png
2026-10-05 22:13,キャラLoRAの見本,BlackCastle_master_ATRex,見本を選ぶ,1枚目の候補 first_00002_.png
2026-10-05 22:13,キャラLoRAの見本,Bride_master_IFL,見本を選ぶ,1枚目の候補 first_00002_.png
2026-10-05 22:14,キャラLoRAの見本,Bride_e1_IFL,見本を選ぶ,1枚目の候補 first_00004_.png
2026-10-05 22:14,キャラLoRAの見本,Bride_e2_IFL,見本を選ぶ,1枚目の候補 first_00004_.png
2026-10-05 22:14,キャラLoRAの見本,Bride_e2_IFL,見本を選ぶ,1枚目の候補 first_00004_.png
2026-10-05 22:14,キャラLoRAの見本,Bride_e3_IFL,見本を選ぶ,1枚目の候補 first_00001_.png
2026-10-05 22:14,キャラLoRAの見本,Candy_e3_Eroquis,見本を選ぶ,1枚目の候補 first_00001_.png
2026-10-05 22:14,キャラLoRAの見本,Candy_e2_Eroquis,見本を選ぶ,1枚目の候補 first_00001_.png
2026-10-05 22:14,キャラLoRAの見本,Candy_e1_Eroquis,見本を選ぶ,1枚目の候補 first_00002_.png
2026-10-05 22:15,キャラLoRAの見本,Candy_master_Eroquis,見本を選ぶ,1枚目の候補 first_00004_.png
2026-10-05 22:15,キャラLoRAの見本,Cammy_boss_Giga,見本を選ぶ,1枚目の候補 first_00004_.png
2026-10-05 22:15,キャラLoRAの見本,Bride_boss_IFL,見本を選ぶ,1枚目の候補 first_00004_.png
2026-10-05 22:16,キャラLoRAの見本,Cammy_master_Giga,見本を選ぶ,1枚目の候補 first_00003_.png
2026-10-05 22:17,キャラLoRAの見本,Cammy_e1_Giga,見本を選ぶ,1枚目の候補 first_00004_.png
2026-10-05 22:17,キャラLoRAの見本,Cammy_e2_Giga,見本を選ぶ,1枚目の候補 first_00002_.png
2026-10-05 22:17,キャラLoRAの見本,Cammy_e3_Giga,見本を選ぶ,1枚目の候補 first_00004_.png
2026-10-05 22:17,キャラLoRAの見本,Candy_boss_Eroquis,見本を選ぶ,1枚目の候補 first_00003_.png
2026-10-05 22:17,キャラLoRAの見本,Casino_master_TerasuMC,見本を選ぶ,1枚目の候補 first_00004_.png
2026-10-05 22:19,キャラLoRAの見本,Casino_e1_TerasuMC,見本を選ぶ,1枚目の候補 first_00001_.png
2026-10-05 22:20,キャラLoRAの見本,Casino_e2_TerasuMC,見本を選ぶ,1枚目の候補 first_00004_.png
2026-10-05 22:20,キャラLoRAの見本,Casino_e3_TerasuMC,見本を選ぶ,1枚目の候補 first_00002_.png
2026-10-05 22:21,キャラLoRAの見本,Casino_boss_TerasuMC,見本を選ぶ,1枚目の候補 first_00003_.png
2026-10-05 22:21,キャラLoRAの見本,Circle_boss_GEN,見本を選ぶ,1枚目の候補 first_00004_.png
2026-10-05 22:21,キャラLoRAの見本,Circle_e3_GEN,見本を選ぶ,1枚目の候補 first_00001_.png
2026-10-05 22:22,キャラLoRAの見本,Circle_e2_GEN,見本を選ぶ,1枚目の候補 first_00004_.png
2026-10-05 22:22,キャラLoRAの見本,Circle_e1_GEN,見本を選ぶ,1枚目の候補 first_00004_.png
2026-10-05 22:23,キャラLoRAの見本,Circle_master_GEN,見本を選ぶ,1枚目の候補 first_00003_.png
2026-10-05 22:23,キャラLoRAの見本,Centaur_boss_Otochichi,見本を選ぶ,1枚目の候補 first_00002_.png
2026-10-05 22:23,キャラLoRAの見本,Centaur_e3_Otochichi,見本を選ぶ,1枚目の候補 first_00004_.png
2026-10-05 22:23,キャラLoRAの見本,Centaur_e2_Otochichi,見本を選ぶ,1枚目の候補 first_00004_.png
2026-10-05 22:25,キャラLoRAの見本,Centaur_e1_Otochichi,見本を選ぶ,1枚目の候補 first_00004_.png
2026-10-05 22:27,キャラLoRAの見本,Centaur_master_Otochichi,見本を選ぶ,1枚目の候補 first_00004_.png
2026-10-05 22:27,キャラLoRAの見本,Circus_master_Minamoto,見本を選ぶ,1枚目の候補 first_00001_.png
2026-10-05 22:27,キャラLoRAの見本,Circus_e1_Minamoto,見本を選ぶ,1枚目の候補 first_00003_.png
2026-10-05 22:27,キャラLoRAの見本,Circus_e2_Minamoto,見本を選ぶ,1枚目の候補 first_00003_.png
2026-10-05 22:27,キャラLoRAの見本,Circus_e3_Minamoto,見本を選ぶ,1枚目の候補 first_00004_.png
2026-10-05 22:28,キャラLoRAの見本,Circus_boss_Minamoto,見本を選ぶ,1枚目の候補 first_00003_.png
2026-10-05 22:28,キャラLoRAの見本,Clinic_master_ATRex,見本を選ぶ,1枚目の候補 first_00001_.png
2026-10-05 22:28,キャラLoRAの見本,Clinic_e1_ATRex,見本を選ぶ,1枚目の候補 first_00003_.png
2026-10-05 22:29,キャラLoRAの見本,Clinic_e2_ATRex,見本を選ぶ,1枚目の候補 first_00001_.png
2026-10-05 22:29,キャラLoRAの見本,Clinic_e3_ATRex,見本を選ぶ,今の立ち絵 Clinic_WAI_ATRex\Clinic_e3_00001_.png
2026-10-05 22:29,キャラLoRAの見本,Clinic_boss_ATRex,見本を選ぶ,今の立ち絵 Clinic_WAI_ATRex\Clinic_boss_00001_.png
2026-10-05 22:29,キャラLoRAの見本,Clock_master_ShinjiroKoto,見本を選ぶ,1枚目の候補 first_00001_.png
2026-10-05 22:29,キャラLoRAの見本,Clock_e1_ShinjiroKoto,見本を選ぶ,1枚目の候補 first_00004_.png
2026-10-05 22:29,キャラLoRAの見本,Clock_e2_ShinjiroKoto,見本を選ぶ,1枚目の候補 first_00001_.png
2026-10-05 22:29,キャラLoRAの見本,Clock_e3_ShinjiroKoto,見本を選ぶ,1枚目の候補 first_00003_.png
2026-10-05 22:29,キャラLoRAの見本,Clock_boss_ShinjiroKoto,見本を選ぶ,1枚目の候補 first_00001_.png
2026-10-05 22:29,キャラLoRAの見本,CrossCafe_master_IFL,見本を選ぶ,今の立ち絵 CrossCafe_WAI_IFL\CrossCafe_master_00001_.png
2026-10-05 22:29,キャラLoRAの見本,CrossCafe_e1_IFL,見本を選ぶ,1枚目の候補 first_00004_.png
2026-10-05 22:30,キャラLoRAの見本,CrossCafe_e2_IFL,見本を選ぶ,1枚目の候補 first_00001_.png
2026-10-05 22:30,キャラLoRAの見本,CrossCafe_e3_IFL,見本を選ぶ,1枚目の候補 first_00003_.png
2026-10-05 22:30,キャラLoRAの見本,CrossCafe_boss_IFL,見本を選ぶ,1枚目の候補 first_00001_.png
2026-10-05 22:31,キャラLoRAの見本,DarkElf_master_Otochichi,見本を選ぶ,今の立ち絵 DarkElf_WAI_Otochichi\DarkElf_master_00001_.png
2026-10-05 22:31,キャラLoRAの見本,DarkElf_e1_Otochichi,見本を選ぶ,1枚目の候補 first_00004_.png
2026-10-05 22:31,キャラLoRAの見本,DarkElf_e2_Otochichi,見本を選ぶ,今の立ち絵 DarkElf_WAI_Otochichi\DarkElf_e2_00001_.png
2026-10-05 22:31,キャラLoRAの見本,DarkElf_e3_Otochichi,見本を選ぶ,今の立ち絵 DarkElf_WAI_Otochichi\DarkElf_e3_00001_.png
2026-10-05 22:31,キャラLoRAの見本,DarkElf_boss_Otochichi,見本を選ぶ,1枚目の候補 first_00002_.png
2026-10-05 22:32,キャラLoRAの見本,Daydream_master_Momisan,見本を選ぶ,1枚目の候補 first_00001_.png
2026-10-05 22:32,キャラLoRAの見本,Daydream_e1_Momisan,見本を選ぶ,1枚目の候補 first_00001_.png
2026-10-05 22:33,キャラLoRAの見本,Daydream_e2_Momisan,見本を選ぶ,1枚目の候補 first_00002_.png
2026-10-05 22:33,キャラLoRAの見本,Daydream_e3_Momisan,見本を選ぶ,1枚目の候補 first_00001_.png
2026-10-05 22:33,キャラLoRAの見本,Daydream_boss_Momisan,見本を選ぶ,1枚目の候補 first_00004_.png
2026-10-05 22:34,キャラLoRAの見本,Dominia1_boss_ShinjiroKoto,見本を選ぶ,1枚目の候補 first_00004_.png
2026-10-05 22:34,キャラLoRAの見本,Dominia1_e3_ShinjiroKoto,見本を選ぶ,1枚目の候補 first_00004_.png
2026-10-05 22:34,キャラLoRAの見本,Dominia1_e2_ShinjiroKoto,見本を選ぶ,1枚目の候補 first_00004_.png
2026-10-05 22:34,キャラLoRAの見本,Dominia1_e1_ShinjiroKoto,見本を選ぶ,1枚目の候補 first_00004_.png
2026-10-05 22:36,キャラLoRAの見本,Dominia1_master_ShinjiroKoto,見本を選ぶ,1枚目の候補 first_00004_.png
2026-10-05 22:36,キャラLoRAの見本,Diamond_boss_Ttosom,見本を選ぶ,1枚目の候補 first_00003_.png
2026-10-05 22:37,キャラLoRAの見本,Diamond_e3_Ttosom,見本を選ぶ,1枚目の候補 first_00001_.png
2026-10-05 22:37,キャラLoRAの見本,Diamond_e2_Ttosom,見本を選ぶ,1枚目の候補 first_00004_.png
2026-10-05 22:37,キャラLoRAの見本,Diamond_e1_Ttosom,見本を選ぶ,1枚目の候補 first_00003_.png
2026-10-05 22:37,キャラLoRAの見本,Diamond_master_Ttosom,見本を選ぶ,1枚目の候補 first_00002_.png
2026-10-05 22:37,キャラLoRAの見本,Dominia2_master_DishwasherLoHa,見本を選ぶ,1枚目の候補 first_00004_.png
2026-10-05 22:37,キャラLoRAの見本,Dominia2_e1_DishwasherLoHa,見本を選ぶ,1枚目の候補 first_00004_.png
2026-10-05 22:37,キャラLoRAの見本,Dominia2_e2_DishwasherLoHa,見本を選ぶ,1枚目の候補 first_00004_.png
2026-10-05 22:39,キャラLoRAの見本,Dominia2_e3_DishwasherLoHa,見本を選ぶ,1枚目の候補 first_00002_.png
2026-10-05 22:46,キャラLoRAの見本,Dominia2_boss_DishwasherLoHa,見本を選ぶ,1枚目の候補 first_00002_.png
2026-10-05 22:47,キャラLoRAの見本,Dorm_master_Toridamono,見本を選ぶ,今の立ち絵 Dorm_WAI_Toridamono\Dorm_master_00001_.png
2026-10-05 22:47,キャラLoRAの見本,Dorm_e1_Toridamono,見本を選ぶ,1枚目の候補 first_00002_.png
2026-10-05 22:47,キャラLoRAの見本,Dorm_e2_Toridamono,見本を選ぶ,1枚目の候補 first_00002_.png
2026-10-05 22:47,キャラLoRAの見本,Dorm_e3_Toridamono,見本を選ぶ,1枚目の候補 first_00004_.png
2026-10-05 22:47,キャラLoRAの見本,Dorm_boss_Toridamono,見本を選ぶ,1枚目の候補 first_00003_.png
2026-10-05 22:47,キャラLoRAの見本,Dragon_master_ToLoveRuD,見本を選ぶ,1枚目の候補 first_00003_.png
2026-10-05 22:47,キャラLoRAの見本,Dragon_e1_ToLoveRuD,見本を選ぶ,1枚目の候補 first_00002_.png
2026-10-05 22:48,キャラLoRAの見本,Dragon_e2_ToLoveRuD,見本を選ぶ,1枚目の候補 first_00002_.png
2026-10-05 22:48,キャラLoRAの見本,Dragon_e3_ToLoveRuD,見本を選ぶ,1枚目の候補 first_00001_.png
2026-10-05 22:49,キャラLoRAの見本,Eiraira_boss_TomohiroKai,見本を選ぶ,1枚目の候補 first_00004_.png
2026-10-05 22:49,キャラLoRAの見本,Eiraira_e3_TomohiroKai,見本を選ぶ,1枚目の候補 first_00002_.png
2026-10-05 22:49,キャラLoRAの見本,Eiraira_e2_TomohiroKai,見本を選ぶ,1枚目の候補 first_00003_.png
2026-10-05 22:50,キャラLoRAの見本,Eiraira_e1_TomohiroKai,見本を選ぶ,1枚目の候補 first_00004_.png
2026-10-05 22:50,キャラLoRAの見本,Eiraira_master_TomohiroKai,見本を選ぶ,1枚目の候補 first_00003_.png
2026-10-05 22:50,キャラLoRAの見本,Dream_boss_Shexyo,見本を選ぶ,1枚目の候補 first_00002_.png
2026-10-05 22:50,キャラLoRAの見本,Dream_e3_Shexyo,見本を選ぶ,今の立ち絵 Dream_WAI_Shexyo\Dream_e3_00001_.png
2026-10-05 22:54,キャラLoRAの見本,Dream_e2_Shexyo,見本を選ぶ,1枚目の候補 first_00001_.png
2026-10-05 22:54,キャラLoRAの見本,Dream_e1_Shexyo,見本を選ぶ,1枚目の候補 first_00001_.png
2026-10-05 22:54,キャラLoRAの見本,Dragon_boss_ToLoveRuD,見本を選ぶ,今の立ち絵 Dragon_WAI_ToLoveRuD\Dragon_boss_00001_.png
2026-10-05 23:03,採用,IMG_8538.JPG,kiss_lie_above_hj,
2026-10-05 23:03,採用,IMG_8533.JPG,anilingus_pov_legs_up_hj,
2026-10-05 23:04,採用,IMG_8536.JPG,urethra_stand_pov,
2026-10-05 23:05,採用,IMG_8499.JPG,finger_sit_front_back,
2026-10-05 23:06,採用,IMG_8492.JPG,hj_sit_side_beside_nipple,
2026-10-05 23:06,採用,IMG_8532.JPG,foot_chest_pov,
2026-10-05 23:07,採用,IMG_8535.JPG,foot_lie_pov_urethra,
2026-10-05 23:07,採用,IMG_8537.JPG,peg_wall_behind_nipple,
2026-10-05 23:07,採用,IMG_8529.JPG,whisper,
2026-10-05 23:08,採用,IMG_8528.JPG,whisper,
2026-10-05 23:08,採用,IMG_8530.JPG,kiss_stand_side_facing,
2026-10-05 23:08,採用,IMG_8540.JPG,oral_hang_above_between,
2026-10-05 23:09,採用,IMG_8527.PNG,peg_doggy,
2026-10-05 23:09,採用,IMG_8522.JPG,pov_paizuri,
2026-10-05 23:09,採用,IMG_8521.JPG,pov_paizuri,
2026-10-05 23:10,採用,IMG_8520.JPG,thigh_ontop,
2026-10-05 23:10,採用,IMG_8519.JPG,thigh_ontop,
2026-10-05 23:10,採用,IMG_8518.PNG,thigh_ontop,
2026-10-05 23:10,採用,IMG_8523.JPG,alt_thigh_top,
2026-10-05 23:11,採用,IMG_8516.JPG,hj_lie_side_on_whisper,
2026-10-05 23:11,採用,IMG_8517.JPG,kiss_lie_side_on_hj,
2026-10-05 23:11,採用,IMG_8514.PNG,nipple_lie_pov_hj,
2026-10-05 23:12,採用,IMG_8477.JPG,smother_lie_side_beside,
2026-10-05 23:12,採用,IMG_8476.JPG,smother_lie_side_back,
2026-10-05 23:13,採用,IMG_8475.JPG,smother_lie_front,
2026-10-05 23:14,採用,IMG_8445.JPG,whisper_sit_side_facing_hug,
2026-10-05 23:15,採用,IMG_8474.JPG,hug_stand_side_facing,
2026-10-05 23:21,採用,IMG_8473.JPG,hug_lie_above_facing,
2026-10-05 23:22,採用,IMG_8526.PNG,tentacle_fours_behind_on_peg,
2026-10-05 23:30,採用,IMG_8510.JPG,tentacle_lie_pov_straddle,
2026-10-05 23:31,採用,IMG_8511.PNG,straddle_lie_pov_tentacle,
2026-10-05 23:31,採用,IMG_8509.JPG,finger_fours_front_tentacle,
2026-10-05 23:31,採用,IMG_8508.PNG,nipple_sit_tentacle,
2026-10-05 23:32,採用,IMG_8504.PNG,tentacle_hang_front_finger,
2026-10-05 23:32,採用,IMG_8505.PNG,nipple_sit_front_tentacle,
2026-10-05 23:32,採用,IMG_8502.PNG,finger_fours_behind_tentacle,
2026-10-05 23:33,採用,IMG_8501.PNG,finger_fours_behind_tentacle_b,
2026-10-05 23:33,採用,IMG_8500.PNG,tentacle_fours_behind_finger,
2026-10-05 23:34,採用,IMG_8539.JPG,見送り,
2026-10-05 23:34,採用,IMG_8525.PNG,見送り,
2026-10-05 23:34,採用,IMG_8534.JPG,見送り,
2026-10-05 23:34,採用,IMG_8507.PNG,見送り,
2026-10-05 23:34,採用,IMG_8506.PNG,見送り,
2026-10-05 23:34,採用,IMG_8512.PNG,見送り,
2026-10-05 23:34,採用,IMG_8498.JPG,見送り,
2026-10-05 23:34,採用,IMG_8497.JPG,見送り,
2026-10-05 23:34,採用,IMG_8496.JPG,見送り,
2026-10-05 23:34,採用,IMG_8495.PNG,見送り,
2026-10-05 23:35,採用,IMG_8524.JPG,見送り,
2026-10-05 23:36,採用,IMG_8480.JPG,見送り,
2026-10-05 23:36,採用,IMG_8481.JPG,見送り,
2026-10-05 23:36,採用,IMG_8482.JPG,見送り,
2026-10-05 23:36,採用,IMG_8483.JPG,見送り,
2026-10-05 23:36,採用,IMG_8484.JPG,見送り,
2026-10-05 23:36,採用,IMG_8485.JPG,見送り,
2026-10-05 23:36,採用,IMG_8486.JPG,見送り,
2026-10-05 23:36,採用,IMG_8487.JPG,見送り,
2026-10-05 23:36,採用,IMG_8488.JPG,見送り,
2026-10-05 23:36,採用,IMG_8489.JPG,見送り,
2026-10-05 23:36,採用,IMG_8490.JPG,見送り,
2026-10-05 23:36,採用,IMG_8491.JPG,見送り,
2026-10-05 23:36,採用,IMG_8493.JPG,見送り,
2026-10-05 23:36,採用,IMG_8494.JPG,見送り,
2026-10-05 23:36,採用,IMG_8503.PNG,見送り,
2026-10-05 23:36,採用,IMG_8513.JPG,見送り,
2026-10-05 23:36,採用,IMG_8515.JPG,見送り,
2026-10-05 23:36,採用,IMG_8531.JPG,見送り,
2026-10-05 23:36,採用,IMG_8479.JPG,finger_fours_side_hj,
2026-10-05 23:37,採用,IMG_8464.PNG,hug_sit_side_facing_smother,
2026-10-05 23:38,採用,IMG_8472.JPG,hug_sit_side_facing_smother_b,
2026-10-05 23:38,採用,IMG_8471.JPG,hug_sit_side_facing_smother_c,
2026-10-05 23:38,採用,IMG_8466.PNG,hug_stand_behind_facing_smother,
2026-10-05 23:39,採用,IMG_8470.PNG,smother_lie_side_over,
2026-10-05 23:39,採用,IMG_8456.PNG,hug_lie_side_over_kiss,
2026-10-05 23:40,採用,IMG_8442.PNG,見送り,
2026-10-05 23:40,採用,IMG_8443.PNG,見送り,
2026-10-05 23:40,採用,IMG_8444.JPG,見送り,
2026-10-05 23:40,採用,IMG_8446.JPG,見送り,
2026-10-05 23:40,採用,IMG_8447.PNG,見送り,
2026-10-05 23:40,採用,IMG_8448.PNG,見送り,
2026-10-05 23:40,採用,IMG_8449.JPG,見送り,
2026-10-05 23:40,採用,IMG_8450.JPG,見送り,
2026-10-05 23:40,採用,IMG_8451.PNG,見送り,
2026-10-05 23:40,採用,IMG_8452.JPG,見送り,
2026-10-05 23:40,採用,IMG_8453.PNG,見送り,
2026-10-05 23:40,採用,IMG_8454.PNG,見送り,
2026-10-05 23:40,採用,IMG_8455.JPG,見送り,
2026-10-05 23:40,採用,IMG_8457.PNG,見送り,
2026-10-05 23:40,採用,IMG_8458.PNG,見送り,
2026-10-05 23:40,採用,IMG_8459.JPG,見送り,
2026-10-05 23:40,採用,IMG_8460.JPG,見送り,
2026-10-05 23:40,採用,IMG_8461.PNG,見送り,
2026-10-05 23:40,採用,IMG_8462.PNG,見送り,
2026-10-05 23:40,採用,IMG_8463.JPG,見送り,
2026-10-05 23:40,採用,IMG_8465.PNG,見送り,
2026-10-05 23:40,採用,IMG_8467.PNG,見送り,
2026-10-05 23:40,採用,IMG_8468.JPG,見送り,
2026-10-05 23:40,採用,IMG_8469.PNG,見送り,
2026-10-05 23:40,採用,IMG_8478.JPG,見送り,
2026-10-05 23:40,採用,IMG_8440.PNG,two_ear_sit_front_sandwich,
2026-10-05 23:41,採用,IMG_8435.PNG,whisper_stand_side_back_nipple,
2026-10-05 23:41,採用,IMG_8431.JPG,two_straddle_sit_front_sandwich_whisper,
2026-10-05 23:42,採用,IMG_8429.JPG,whisper_lie_side_sandwich_kiss,
2026-10-05 23:42,採用,IMG_8430.JPG,ear_sit_front_beside_whisper,
2026-10-05 23:42,採用,IMG_8427.JPG,foot_chest_pov,
2026-10-05 23:43,採用,IMG_8439.PNG,two_nipple_sit_side_sandwich_whisper,
2026-10-05 23:43,採用,IMG_8428.JPG,armpit_job_b,
2026-10-05 23:43,採用,IMG_8424.PNG,rusty_pov_legs_up,
2026-10-05 23:43,採用,IMG_8423.PNG,rusty_pov_legs_up,
2026-10-05 23:44,採用,IMG_8425.JPG,armpit_stand_front,
2026-10-05 23:44,採用,IMG_8419.PNG,urethra_pov_rod,
2026-10-05 23:45,採用,IMG_8420.PNG,urethra_pov_rod,
2026-10-05 23:45,採用,IMG_8416.JPG,two_kiss_bent_low_sandwich_finger,
2026-10-05 23:45,採用,IMG_8418.JPG,urethra_pov_rod,
2026-10-05 23:46,採用,IMG_8441.PNG,two_nipple_lie_pov_over_nipple,
2026-10-05 23:46,採用,IMG_8417.JPG,見送り,
2026-10-05 23:46,採用,IMG_8421.PNG,見送り,
2026-10-05 23:46,採用,IMG_8422.PNG,見送り,
2026-10-05 23:46,採用,IMG_8426.JPG,見送り,
2026-10-05 23:46,採用,IMG_8432.JPG,見送り,
2026-10-05 23:46,採用,IMG_8433.JPG,見送り,
2026-10-05 23:46,採用,IMG_8434.JPG,見送り,
2026-10-05 23:46,採用,IMG_8436.PNG,見送り,
2026-10-05 23:46,採用,IMG_8437.PNG,見送り,
2026-10-05 23:46,採用,IMG_8438.PNG,見送り,
2026-10-05 23:47,採用,IMG_8415.JPG,nipple_lie_pov_on,
2026-10-05 23:47,採用,IMG_8407.JPG,finger_bent_behind_facing,
2026-10-05 23:47,採用,IMG_8414.JPG,nipple_lie_pov_beside,
2026-10-05 23:48,採用,IMG_8405.JPG,finger_bent_behind_facing_b,
2026-10-05 23:48,採用,IMG_8404.JPG,finger_bent_behind_lap,
2026-10-05 23:48,採用,IMG_8401.JPG,nipple_sit_front_kiss,
2026-10-05 23:49,採用,IMG_8396.PNG,two_nipple_stand_front_sandwich_kiss,
2026-10-05 23:49,採用,IMG_8395.JPG,nipple_stand_front_back,
2026-10-05 23:50,採用,IMG_8408.JPG,finger_prone_behind_on_finger,
2026-10-05 23:50,採用,IMG_8413.JPG,nipple_lie_pov_on_b,
2026-10-05 23:50,採用,IMG_8394.JPG,nipple_sit_front_foot,
2026-10-05 23:51,採用,IMG_8393.PNG,two_nipple_stand_side_sandwich_rimjob,
2026-10-05 23:51,採用,IMG_8392.PNG,peg_stand_side_back_nipple,
2026-10-05 23:51,採用,IMG_8385.JPG,peg_fours_front_back,
2026-10-05 23:52,採用,IMG_8383.JPG,peg_bent_front_back,
2026-10-05 23:52,採用,IMG_8384.JPG,見送り,
2026-10-05 23:52,採用,IMG_8387.JPG,見送り,
2026-10-05 23:52,採用,IMG_8388.PNG,見送り,
2026-10-05 23:52,採用,IMG_8389.PNG,見送り,
2026-10-05 23:52,採用,IMG_8390.PNG,見送り,
2026-10-05 23:52,採用,IMG_8391.PNG,見送り,
2026-10-05 23:52,採用,IMG_8397.PNG,見送り,
2026-10-05 23:52,採用,IMG_8398.PNG,見送り,
2026-10-05 23:52,採用,IMG_8399.PNG,見送り,
2026-10-05 23:52,採用,IMG_8400.JPG,見送り,
2026-10-05 23:52,採用,IMG_8402.PNG,見送り,
2026-10-05 23:52,採用,IMG_8403.PNG,見送り,
2026-10-05 23:52,採用,IMG_8406.JPG,見送り,
2026-10-05 23:52,採用,IMG_8409.PNG,見送り,
2026-10-05 23:52,採用,IMG_8410.PNG,見送り,
2026-10-05 23:52,採用,IMG_8411.JPG,見送り,
2026-10-05 23:52,採用,IMG_8412.JPG,見送り,
2026-10-05 23:52,採用,IMG_8386.JPG,whisper_sit_front_back_nipple,
2026-10-05 23:53,採用,IMG_8382.JPG,peg_bent_front_back_b,
2026-10-05 23:53,採用,IMG_8373.JPG,peg_bent_side_back,
2026-10-05 23:55,採用,IMG_8374.JPG,peg_prone_front_back,
2026-10-05 23:55,採用,IMG_8378.JPG,見送り,
2026-10-05 23:55,採用,IMG_8379.JPG,見送り,
2026-10-05 23:55,採用,IMG_8380.JPG,見送り,
2026-10-05 23:55,採用,IMG_8381.JPG,見送り,
2026-10-05 23:56,採用,IMG_8377.JPG,peg_fours_side_sandwich_peg,
2026-10-05 23:56,採用,IMG_8369.JPG,rekiben_front_back_peg,
2026-10-05 23:56,採用,IMG_8366.JPG,finger_sit_front_back_nipple,
2026-10-05 23:56,採用,IMG_8367.JPG,finger_sit_front_back_nipple_b,
2026-10-05 23:57,採用,IMG_8368.JPG,peg_prone_side_on,
2026-10-05 23:57,採用,IMG_8362.PNG,finger_lie_low_beside,
2026-10-05 23:57,採用,IMG_8360.JPG,peg_lie_side_back_nipple,
2026-10-05 23:58,採用,IMG_8371.JPG,見送り,
2026-10-05 23:58,採用,IMG_8372.JPG,見送り,
2026-10-05 23:58,採用,IMG_8375.JPG,見送り,
2026-10-05 23:58,採用,IMG_8376.JPG,見送り,
2026-10-05 23:58,採用,IMG_8356.PNG,見送り,
2026-10-05 23:58,採用,IMG_8357.PNG,見送り,
2026-10-05 23:58,採用,IMG_8358.PNG,見送り,
2026-10-05 23:58,採用,IMG_8359.PNG,見送り,
2026-10-05 23:58,採用,IMG_8363.JPG,見送り,
2026-10-05 23:58,採用,IMG_8364.JPG,見送り,
2026-10-05 23:58,採用,IMG_8365.JPG,見送り,
2026-10-05 23:58,採用,IMG_8370.JPG,見送り,
2026-10-05 23:59,採用,IMG_8361.JPG,peg_piledriver_back,
2026-10-05 23:59,採用,IMG_8344.PNG,peg_prone_side_on_b,
2026-10-05 23:59,採用,IMG_8294.JPG,urethra_pov_rod,
2026-10-06 00:15,雰囲気の語,雰囲気設定.json,使わない,"scene／a, b"
