MODコード,キャラ,名前,本編の画像,今のタグ（本編の立ち絵と違えば scene_data を直す）
Cammy,master,キャミー,F17.png,"adult woman, mature female, mature face, 22 years old, adult proportions, beautiful detailed eyes, long legs, tall, blonde hair, long twintails, red eyes, smug grin, red lipstick, red and black strapless casino dress with gold trim, deep cleavage, black thighhighs, high heels, gigantic breasts, huge breasts, curvy"
Cammy,e1,酔いどれバニー,EU50.png,"adult woman, mature female, mature face, 25 years old, adult proportions, beautiful detailed eyes, long legs, auburn hair, long wavy hair, green eyes, drunk blush, rabbit ears, black playboy bunny suit, white wrist cuffs, bowtie, black fishnet pantyhose, high heels, holding a wine bottle without label, large breasts"
Cammy,e2,爆乳バニー,EU51.png,"adult woman, mature female, mature face, 24 years old, adult proportions, beautiful detailed eyes, long legs, pink hair, very long hair, droopy eyes, brown eyes, gentle smile, rabbit ears, black playboy bunny suit, white wrist cuffs, bowtie, black pantyhose, high heels, gigantic breasts, huge breasts, soft body"
Cammy,boss,宝石サキュバス,EU61.png,"adult woman, mature female, mature face, 30 years old, adult proportions, beautiful detailed eyes, long legs, tall, succubus, black hair, very long straight hair, gold eyes, glowing jewel-like eyes, small black horns, black bat wings, purple and black low-cut gown, layered jeweled necklaces over her chest, jeweled rings on her fingers, gem earrings, arrogant smile, large breasts"
Eiraira,master,エイライラ,F19.png,"adult woman, mature female, mature face, 27 years old, adult proportions, beautiful detailed eyes, long legs, tall, elf, long pointy ears, silver hair, very long straight hair, green eyes, calm scholarly expression, elegant white and gold academy lecturer robe with a deep neckline, black pencil skirt, thighhighs, large breasts"
Eiraira,e1,ガンナーハーピー,EU43.png,"adult woman, mature female, mature face, 23 years old, adult proportions, beautiful detailed eyes, long legs, harpy, red hair, spiky ponytail, orange eyes, cocky grin, large red and brown feathered wings, feathers on her forearms, bird legs with sharp talons, holding a long flintlock rifle, leather bandolier, black crop top, short shorts, perky large breasts"
Eiraira,e2,ヒーラーハーピー,EU44.png,"adult woman, mature female, mature face, 24 years old, adult proportions, beautiful detailed eyes, long legs, harpy, light pink hair, long fluffy hair, droopy eyes, soft brown eyes, gentle smile, large fluffy white feathered wings, soft down feathers on her forearms, bird legs with talons, white healer robe with pink trim, soft body, huge breasts"
Eiraira,boss,ファルコンハーピー,EU46.png,"adult woman, mature female, mature face, 28 years old, adult proportions, beautiful detailed eyes, long legs, tall, harpy, brown hair, long hair tied back, sharp gold eyes, confident warrior smile, huge dark brown and cream barred falcon wings, feathers on her forearms, bird legs with sharp talons, sleeveless dark leather warrior top, short feathered skirt, slender toned body, large breasts"
Eruru,master,エルル,F6_Eruru.png,"adult woman, mature female, mature face, 20 years old, adult proportions, beautiful detailed eyes, long legs, blonde hair, long hair, twintails, red hair ribbons, violet eyes, academy uniform for adults, white blouse, red ribbon tie, black pleated skirt, black thighhighs, rogue, tsundere smirk, large breasts"
Eruru,e1,生意気キャロル,EU17_Carol.png,"adult woman, mature female, mature face, 21 years old, adult proportions, beautiful detailed eyes, long legs, gyaru, orange hair, long wavy hair, pink eyes, tanned skin, off-shoulder crop top, short denim skirt, rogue, smug teasing grin, huge breasts"
Eruru,boss,怪盗サキュバス,EU70.png,"adult woman, mature female, mature face, 26 years old, adult proportions, beautiful detailed eyes, long legs, tall, succubus, phantom thief, wine red hair, long hair, gold eyes, black domino mask, small black horns, black bat wings, black leather gloves, black tailcoat over a black leotard, black thighhighs, confident alluring smile, large breasts"
Exam,master,試験官,F07_Stand.png,"adult woman, mature female, mature face, 23 years old, adult proportions, beautiful detailed eyes, long legs, tall, blonde hair, medium hair, side braid, amber eyes, hunter, guild examiner, short green jacket, white shirt, brown shorts, belt with pouches, knee boots, cheerful smile, large breasts"
Exam,e1,アーチャー,EU19_Stand.png,"adult woman, mature female, mature face, 22 years old, adult proportions, beautiful detailed eyes, long legs, auburn hair, short ponytail, green eyes, archer, brown leather hunter outfit, short cape, quiver of arrows with white feathers, longbow on her shoulder, playful smile, medium breasts"
Exam,e2,大剣使いの守護傭兵,EU18_Stand.png,"adult woman, mature female, mature face, 27 years old, adult proportions, beautiful detailed eyes, long legs, very tall, athletic curvy body, black hair, long hair, dark red eyes, mercenary, silver breastplate and pauldrons, dark red cloth, armored skirt, huge greatsword, bold smirk, huge breasts"
Exam,boss,サキュバススナイパー,EU20_sniper.png,"adult woman, mature female, mature face, 25 years old, adult proportions, beautiful detailed eyes, long legs, tall, succubus, sniper, silver hair, long hair, glowing red eyes, small black horns, black bat wings, black bodysuit, long black coat, thigh boots, long rifle, cool expression, large breasts"
Flower,master,フラワー,F11_Stand.png,"adult woman, mature female, mature face, sharp adult features, 24 years old, adult proportions, beautiful detailed eyes, long legs, tall, succubus, small black horns, black bat wings, heart-tipped demon tail, blonde hair, long wavy hair, pink flower hair ornament, green eyes, black and pink corset dress, short skirt, detached sleeves, black thighhighs, large breasts"
Flower,e1,キノコレディ,EU32.png,"adult woman, mature female, mature face, 27 years old, adult proportions, beautiful detailed eyes, long legs, tall, mushroom woman, large red mushroom cap hat with white spots, light green hair, long wavy hair, brown eyes, cream off-shoulder dress, thin cream shawl, gentle smile, huge breasts"
Gemini,master,ジェミニ,F24.png,"adult woman, mature female, mature face, 24 years old, adult proportions, beautiful detailed eyes, tall, long legs, light brown hair, long wavy hair, droopy eyes, hazel eyes, gentle smile, gold necklace with many gemstone settings, off-shoulder white blouse, brown corset vest, long skirt, boots, deep cleavage, huge breasts, heavy breasts"
Konoha,master,師匠 コノハ,F1_Shisyo.png,"adult woman, mature female, mature face, 25 years old, adult proportions, beautiful detailed eyes, long legs, tall, black hair, long hair, loose low ponytail, red eyes, purple haori over a white kimono, dark red obi, sorceress, mentor, teasing smile, large breasts"
Konoha,e1,サキュバスメイド,EU01_maid.png,"adult woman, mature female, mature face, 26 years old, adult proportions, beautiful detailed eyes, long legs, tall, succubus, pink hair, long wavy hair, maid headdress, purple eyes, small black horns, small bat wings, thin demon tail, black maid dress, white apron, white gloves, huge breasts"
Konoha,e2,サムライガール,EU02_samurai.png,"adult woman, mature female, mature face, 22 years old, adult proportions, beautiful detailed eyes, long legs, red hair, high ponytail, gold eyes, samurai, red kimono top, black hakama, katana at her waist, confident grin, large breasts"
Konoha,boss,サムライ師範 シズク,EU03_wear.png,"adult woman, mature female, mature face, 29 years old, adult proportions, beautiful detailed eyes, long legs, tall, silver hair, very long hair, loose braid over shoulder, green eyes, droopy eyes, samurai instructor, loose light pink kimono with a wide open collar, white hakama, gentle smile, huge breasts"
Musashi,master,ムサシ,F21.png,"adult woman, mature female, mature face, 25 years old, adult proportions, beautiful detailed eyes, long legs, tall, blonde hair, long hair, ponytail, amber eyes, swordswoman, white keikogi worn loosely with a deep open collar, cleavage, black hakama, katana at her waist, white tabi, confident teasing smile, large breasts"
Necro,master,ネクロ,F23.png,"adult woman, mature female, mature face, 28 years old, adult proportions, beautiful detailed eyes, long legs, tall, slender, purple hair, long wavy hair, red eyes, half-closed eyes, necromancer, black hooded robe worn open, skin-tight black bodysuit underneath, lazy seductive smile, large breasts"
Necro,e1,ゾンビガール,EU53.png,"adult woman, mature female, mature face, 22 years old, adult proportions, beautiful detailed eyes, long legs, undead woman, very pale skin, light green hair, messy medium hair, dull yellow eyes, sleepy half-closed eyes, tattered grey rag dress, loose bandage wraps on her arms, blank dreamy expression, large breasts"
Necro,e2,下級堕天使,EU54.png,"adult woman, mature female, mature face, 24 years old, adult proportions, beautiful detailed eyes, long legs, fallen angel, silver hair, long hair, purple eyes, large black feathered wings, dark broken halo, black revealing dress, smug smile, medium breasts"
Necro,boss,死を振りまくもの,EU56.png,"adult woman, mature female, mature face, 25 years old, adult proportions, beautiful detailed eyes, long legs, human-sized dark fairy, pointy ears, black hair, long twintails, pink eyes, translucent black butterfly-like fairy wings, black and purple revealing fairy outfit, thin purple mist swirling around her, mischievous grin, large breasts"
Neneko,master,ネネコ,F18.png,"adult woman, mature female, mature face, 23 years old, adult proportions, beautiful detailed eyes, long legs, tall, black hair, medium hair, cat ears, black cat tail, yellow eyes, slit pupils, fang, bell choker, loose cropped hoodie, short pleated skirt, thick thighs, plump body, wide hips, large breasts"
Neneko,e1,煙猫,EU42.png,"adult woman, mature female, mature face, 24 years old, adult proportions, beautiful detailed eyes, long legs, lavender hair, long wavy hair, cat ears, pink eyes, half-closed eyes, wisps of white smoke rising from her hair and shoulders, her hair tips and tail dissolving into white smoke, loose off-shoulder smoky gray dress, large breasts"
Neneko,e2,妖狐,EU45.png,"adult woman, mature female, mature face, 26 years old, adult proportions, beautiful detailed eyes, long legs, tall, golden blonde hair, very long hair, fox ears, large fluffy golden fox tail, amber eyes, seductive smile, white off-shoulder kimono with red obi and red trim, pale skin, large breasts"
Neneko,boss,猫又,EU41.png,"adult woman, mature female, mature face, 29 years old, adult proportions, beautiful detailed eyes, long legs, tall, nekomata, white hair, long hair, loose low bun, white cat ears, two white cat tails, red eyes, red eyeshadow, bewitching smile, black kimono with red spider lily pattern worn loosely off the shoulders, pale moist skin, medium breasts"
Octa,master,オクタ,F14.png,"adult woman, mature female, mature face, sharp adult features, 21 years old, adult proportions, beautiful detailed eyes, long legs, slender, dark purple hair, wavy medium hair, red eyes, half-closed smug eyes, black frilled blouse, red short skirt, white knee socks, smooth white knees and thighs, card master, small breasts"
Octa,e1,ジェリーフィッシュ,EU24.png,"adult woman, mature female, mature face, 23 years old, adult proportions, beautiful detailed eyes, long legs, jellyfish woman, translucent pale pink jellyfish umbrella cap on her head, long thin translucent tentacles flowing from under the cap, white hair, long hair, light pink eyes, sleepy gentle smile, translucent frilled dress, glossy jelly-like skin, medium breasts"
Octa,e2,水着サキュバス,EU25.png,"adult woman, mature female, mature face, 24 years old, adult proportions, beautiful detailed eyes, long legs, succubus, small black horns, bat wings, heart-tipped demon tail, blonde hair, long wet hair, pink eyes, black bikini swimsuit with a white frill, wet skin, water droplets, playful smile, large breasts"
Octa,boss,オクトパスレディ,EU26.png,"adult woman, mature female, mature face, sharp adult features, 30 years old, adult proportions, beautiful detailed eyes, tall, octopus woman, lower body of eight deep red octopus tentacles with suckers, crimson red hair, very long wavy hair, gold eyes, red lipstick, elegant black off-shoulder top, gold jewelry, seductive smile, huge breasts"
Patra,master,パトラ,F16.png,"adult woman, mature female, mature face, sharp adult features, 27 years old, adult proportions, beautiful detailed eyes, long legs, tall, thick thighs, wide hips, big round bottom, light purple hair, long straight hair, blunt bangs, gold circlet, green eyes, egyptian-style white and gold outfit, gold collar necklace, white loincloth skirt, gold armlets, two small white snakes coiled on her shoulders, large breasts"
Patra,e1,ツインスネイク,EU37.png,"adult woman, mature female, mature face, 23 years old, adult proportions, beautiful detailed eyes, long legs, snake woman, green hair, long wavy hair, two small green snakes growing from her hair, yellow eyes, slit pupils, green scale-pattern bikini top, short sarong, snake-scale patterned legs, playful grin, fang, large breasts"
Patra,e2,ポイズンラミア,EU38.png,"adult woman, mature female, mature face, sharp adult features, 28 years old, adult proportions, beautiful detailed eyes, tall, lamia, lower body of a long dark purple snake tail, silver hair, very long hair, red eyes, sheer purple mouth veil, gold jewelry, dark purple top, bare midriff, sultry half-closed eyes, huge breasts"
Patra,boss,コブラ娘,EU39.png,"adult woman, mature female, mature face, sharp adult features, 30 years old, adult proportions, beautiful detailed eyes, tall, cobra woman, lower body of a long thick golden brown snake tail, cobra hood spread behind her head, her right arm is a snake from the elbow, golden blonde hair, long hair, orange eyes, slit pupils, gold egyptian jewelry, black top, arrogant smile, huge breasts"
SEruru,master,サキュバスエルル,F27.png,"adult woman, mature female, mature face, 20 years old, adult proportions, beautiful detailed eyes, long legs, succubus, blonde hair, long hair, twintails, red hair ribbons, violet eyes, large curved black demon horns, black bat wings, demon tail, glowing pink womb tattoo on her bare lower belly, black and crimson succubus outfit, black corset top, detached sleeves, black thighhighs, smug seductive smirk, huge breasts"
SEruru,e1,道化師,EU57.png,"adult woman, mature female, mature face, 24 years old, adult proportions, beautiful detailed eyes, long legs, jester, pink hair, twintails, gold eyes, harlequin outfit with red and black diamond pattern, jester hat with bells, frilled collar, white gloves, playful grin, large breasts"
SEruru,e2,淫魔化シャドー,EU72.png,"adult woman, mature female, mature face, 22 years old, adult proportions, beautiful detailed eyes, long legs, shadow succubus, dusky grey skin, dark purple hair, short messy hair, glowing yellow eyes, small demon horns, black skin-tight shadow bodysuit whose edges melt into black smoke, curvy body, cheerful grin, huge breasts"
SEruru,boss,サキュバスコノハ,F31.png,"adult woman, mature female, mature face, 25 years old, adult proportions, beautiful detailed eyes, long legs, tall, succubus, black hair, long hair, loose low ponytail, red eyes, curved black demon horns, black bat wings, demon tail, purple haori over a white kimono with a loose open collar, dark red obi, sorceress, mentor, bewitching smile, huge breasts"
Sister,master,シスター,F08_Stand.png,"adult woman, mature female, mature face, 26 years old, adult proportions, beautiful detailed eyes, long legs, tall, nun, angel, blonde hair, long hair, green eyes, gentle droopy eyes, black and white nun habit, white wimple and black veil, silver rosary, gentle smile, gigantic breasts"
Sister,e1,パイズリ処刑人,EU22.png,"adult woman, mature female, mature face, 24 years old, adult proportions, beautiful detailed eyes, long legs, executioner, red hair, long hair, pink eyes, black hood mask covering the top of her head, black leather executioner outfit with a large round opening over her cleavage, black gloves, black thigh boots, sweet smile, huge breasts"
Sister,e2,ぱふぱふ処刑人,EU23.png,"adult woman, mature female, mature face, 27 years old, adult proportions, beautiful detailed eyes, long legs, tall, executioner, dark brown hair, very long straight hair, purple eyes, black executioner dress with a deep neckline, dark red cloak, large executioner's axe, graceful ladylike smile, gigantic breasts"
Sister,e3,クレリック,EU85.png,"adult woman, mature female, mature face, 23 years old, adult proportions, beautiful detailed eyes, long legs, cleric, angel, light pink hair, short hair, brown eyes, small halo, white and gold cleric robe, short white cape, holding a healing staff, kind smile, small breasts"
Sister,boss,イージス,EU69.png,"adult woman, mature female, mature face, 28 years old, adult proportions, beautiful detailed eyes, long legs, very tall, angel, goddess guardian, white hair, very long hair, gold eyes, golden halo, white feathered wings, white and gold armored dress, holding a large sacred shield, several round shields floating around her, calm dignified smile, huge breasts"
Sylvia,master,シルヴィア,F26.png,"adult woman, mature female, mature face, 21 years old, adult proportions, beautiful detailed eyes, tall, long legs, blonde hair, very long hair, hair ribbon, purple eyes, proud confident smile, academy uniform, white blouse, dark red blazer, pleated skirt, black pantyhose, huge breasts"
Sylvia,e1,光の先導者,EU67.png,"adult woman, mature female, mature face, 24 years old, adult proportions, beautiful detailed eyes, long legs, white hair, long flowing hair, gold eyes, white robe with gold trim, white hood down, gentle smile, glowing orb of light in her palm, large breasts"
Sylvia,e2,聖盾の騎士,EU68.png,"adult woman, mature female, mature face, 27 years old, adult proportions, beautiful detailed eyes, tall, long legs, orange hair, high ponytail, brown eyes, silver plate armor, white tabard, knee guards, large tower shield, stern expression, large breasts"
Tavern,master,ミレーヌ,F13.png,"adult woman, mature female, mature face, sharp adult features, 29 years old, adult proportions, beautiful detailed eyes, long legs, tall, fairy, pointed ears, large translucent fairy wings, honey brown hair, long wavy hair, amber eyes, red lipstick, burgundy corset bodice, off-shoulder white blouse, long dark skirt, tavern owner, huge breasts"
Tavern,e1,カクテルフェアリー・グレープ,EU35.png,"adult woman, mature female, mature face, 22 years old, adult proportions, human-sized adult fairy, beautiful detailed eyes, long legs, pointed ears, light purple translucent fairy wings, purple hair, wavy medium hair, grape vine hair ornament, violet eyes, purple cocktail dress with a grape pattern, mischievous smile, medium breasts"
Tavern,e2,カクテルフェアリー・シトラス,EU36.png,"adult woman, mature female, mature face, 23 years old, adult proportions, human-sized adult fairy, beautiful detailed eyes, long legs, pointed ears, pale yellow translucent fairy wings, lemon yellow hair, short messy hair, lemon slice hair clip, orange eyes, half-closed eyes, loose yellow camisole dress, bored sleepy expression, medium breasts"
Tavern,boss,踊り子サキュバス,EU84.png,"adult woman, mature female, mature face, sharp adult features, 25 years old, adult proportions, beautiful detailed eyes, long legs, tall, succubus, curved black horns, bat wings, heart-tipped demon tail, pink hair, very long hair, gold eyes, belly dancer costume, sheer veils, gold jewelry, bare midriff, large breasts"
Yatsume,master,ヤツメ,F20.png,"adult woman, mature female, mature face, 28 years old, adult proportions, beautiful detailed eyes, long legs, tall, crimson red hair, long high ponytail, sharp violet eyes, cold confident smirk, black prison warden uniform jacket with silver buttons, black military cap, black leather gloves, black pencil skirt, pale thighs, knee-high black leather boots with heels, holding a ring of keys, medium breasts"
Yatsume,e1,巨乳アラクネ,EU48.png,"adult woman, mature female, mature face, 26 years old, adult proportions, beautiful detailed eyes, arachne, human upper body, spider lower body below the waist, glossy smooth black spider abdomen, eight glossy smooth black spider legs, sleek shiny chitin, elegant, lavender pink hair, long wavy hair, pink eyes, seductive smile, black lace bra top, pale skin, huge breasts"
