下書きの名前,元絵の名前,構図名,印の種類,検出の方法,メモ,判定,相手の種類
depthref_alt_thigh_top_5,alt_thigh_top_5,alt_thigh_top,翼・尻尾・触手など,目,左に大きな羽のような形,,尻尾
depthref_anilingus_pov_close,anilingus_pov_close,anilingus_pov_close,頭が横の端で切れている,計算,横の端にかかる割合 0.44（寄り・目線の構図では起きやすい）,問題なし,
depthref_anilingus_pov_close_2,anilingus_pov_close_2,anilingus_pov_close,小物や線が残っている,目,大きな帽子のつば,,
depthref_arachne,arachne,arachne,翼・尻尾・触手など,目,蜘蛛の脚（外した下書き）,問題なし,蜘蛛の脚
depthref_arachne_2,arachne_2,arachne,翼・尻尾・触手など,目,蜘蛛の脚（外した下書き）,問題なし,蜘蛛の脚
depthref_arachne_3,arachne_3,arachne,翼・尻尾・触手など,目,蜘蛛の脚（外した下書き）,問題なし,蜘蛛の脚
depthref_arachne_4,arachne_4,arachne,翼・尻尾・触手など,目,蜘蛛の脚（外した下書き）,問題なし,蜘蛛の脚
depthref_arachne_5,arachne_5,arachne,翼・尻尾・触手など,目,蜘蛛の脚（外した下書き）,問題なし,
depthref_armpit_face_lying_hj,armpit_face_lying_hj,armpit_face_lying_hj,頭が上の端で切れている,計算,上の端にかかる割合 0.36,問題なし,
depthref_armpit_job_b_4,armpit_job_b_4,armpit_job_b,頭が上の端で切れている,計算,上の端にかかる割合 0.31,,
depthref_armpit_job_b_4,armpit_job_b_4,armpit_job_b,小物や線が残っている,目,右に椅子,,
depthref_armpit_job_stand,armpit_job_stand,armpit_job_stand,頭が横の端で切れている,計算,横の端にかかる割合 0.61,問題なし,
depthref_armpit_pov_front,armpit_pov_front,armpit_pov_front,頭が上の端で切れている,計算,上の端にかかる割合 0.34,問題なし,
depthref_armpit_stand_front,armpit_stand_front,armpit_stand_front,形が読めない,目,2人の形が重なって読みにくい,,
depthref_behind_hug_bust,behind_hug_bust,behind_hug_bust,頭が横の端で切れている,計算,横の端にかかる割合 0.81（外した下書き）,問題なし,
depthref_behind_hug_bust_2,behind_hug_bust_2,behind_hug_bust,頭が横の端で切れている,計算,横の端にかかる割合 0.50（外した下書き）,問題なし,
depthref_bound_tentacle_stand,bound_tentacle_stand,bound_tentacle_stand,翼・尻尾・触手など,目,触手,問題なし,触手
depthref_bound_wrap_hj,bound_wrap_hj,bound_wrap_hj,形が読めない,目,,問題なし,触手
depthref_buttjob_pov_2,buttjob_pov_2,buttjob_pov,翼・尻尾・触手など,目,尻尾,問題なし,尻尾
depthref_chastity_fours_behind,chastity_fours_behind,chastity_fours_behind,形が読めない,目,,問題なし,
depthref_chastity_lie_pov,chastity_lie_pov,chastity_lie_pov,翼・尻尾・触手など,目,角,,
depthref_chastity_lie_pov,chastity_lie_pov,chastity_lie_pov,小物や線が残っている,目,鞭のような線,,
depthref_chastity_lie_pov_3,chastity_lie_pov_3,chastity_lie_pov,小物や線が残っている,目,鞭のような細い線,,
depthref_chastity_pov_b_2,chastity_pov_b_2,chastity_pov_b,頭が上の端で切れている,計算,上の端にかかる割合 0.49（寄り・目線の構図では起きやすい）,問題なし,
depthref_chastity_side_hold,chastity_side_hold,chastity_side_hold,頭が上の端で切れている,計算,上の端にかかる割合 0.64,問題なし,
depthref_chastity_stand_face,chastity_stand_face,chastity_stand_face,頭が横の端で切れている,計算,横の端にかかる割合 0.81,問題なし,
depthref_chastity_stand_step_low,chastity_stand_step_low,chastity_stand_step_low,形が読めない,目,,問題なし,
depthref_chest_press_lying,chest_press_lying,chest_press_lying,頭が上の端で切れている,計算,上の端にかかる割合 0.45（寄り・目線の構図では起きやすい）（外した下書き）,,
depthref_chest_press_lying_2,chest_press_lying_2,chest_press_lying,頭が上の端で切れている,計算,上の端にかかる割合 0.46（寄り・目線の構図では起きやすい）,問題なし,
depthref_chest_press_lying_2,chest_press_lying_2,chest_press_lying,頭が横の端で切れている,計算,横の端にかかる割合 0.54（寄り・目線の構図では起きやすい）,問題なし,
depthref_chest_press_lying_2,chest_press_lying_2,chest_press_lying,形が読めない,目,,問題なし,
depthref_chesthug_close,chesthug_close,chesthug_close,頭が上の端で切れている,計算,上の端にかかる割合 0.33（寄り・目線の構図では起きやすい）,問題なし,
depthref_chin_pov,chin_pov,chin_pov,頭が上の端で切れている,計算,上の端にかかる割合 0.46（寄り・目線の構図では起きやすい）（外した下書き）,問題なし,
depthref_drain_pov_hands,drain_pov_hands,drain_pov_hands,翼・尻尾・触手など,目,翼・角,問題なし,翼・尻尾・角
depthref_drain_pov_thighs,drain_pov_thighs,drain_pov_thighs,頭が上の端で切れている,計算,上の端にかかる割合 0.38（寄り・目線の構図では起きやすい）,問題なし,翼
depthref_drain_pov_thighs,drain_pov_thighs,drain_pov_thighs,翼・尻尾・触手など,目,翼,問題なし,翼
depthref_ear_prone_above,ear_prone_above,ear_prone_above,頭が上の端で切れている,計算,上の端にかかる割合 0.33,問題なし,
depthref_ear_prone_above,ear_prone_above,ear_prone_above,頭が横の端で切れている,計算,横の端にかかる割合 0.50,問題なし,
depthref_ear_sit_front_beside_whisper,ear_sit_front_beside_whisper,ear_sit_front_beside_whisper,頭が横の端で切れている,計算,横の端にかかる割合 0.50,,
depthref_ear_two_sides_front,ear_two_sides_front,ear_two_sides_front,頭が横の端で切れている,計算,横の端にかかる割合 0.98,問題なし,
depthref_energy_drain_2,energy_drain_2,energy_drain,翼・尻尾・触手など,目,角（外した下書き）,問題なし,角
depthref_face_close_behind_tongue,face_close_behind_tongue,face_close_behind_tongue,形が読めない,目,,問題なし,
depthref_facesit_front,facesit_front,facesit_front,頭が上の端で切れている,計算,上の端にかかる割合 0.40,問題なし,
depthref_finger_bent_behind_facing_b,finger_bent_behind_facing_b,finger_bent_behind_facing_b,小物や線が残っている,目,背景のカーテン・線,,
depthref_finger_fours_behind_tentacle,finger_fours_behind_tentacle,finger_fours_behind_tentacle,翼・尻尾・触手など,目,触手（構図の技どおり。触手の相手にだけ当てる）,,
depthref_finger_fours_behind_tentacle_b,finger_fours_behind_tentacle_b,finger_fours_behind_tentacle_b,翼・尻尾・触手など,目,触手（構図の技どおり。触手の相手にだけ当てる）,,
depthref_finger_fours_front_tentacle,finger_fours_front_tentacle,finger_fours_front_tentacle,翼・尻尾・触手など,目,触手（構図の技どおり。触手の相手にだけ当てる）,,
depthref_finger_fours_low,finger_fours_low,finger_fours_low,頭が上の端で切れている,計算,上の端にかかる割合 0.39,問題なし,
depthref_finger_lap_hips,finger_lap_hips,finger_lap_hips,形が読めない,目,,問題なし,
depthref_finger_lie_low_beside,finger_lie_low_beside,finger_lie_low_beside,形が読めない,目,寄りで形が読みにくい,,
depthref_finger_piledriver_side_12,finger_piledriver_side_12,finger_piledriver_side,頭が横の端で切れている,計算,横の端にかかる割合 0.44,,
depthref_finger_piledriver_side_14,finger_piledriver_side_14,finger_piledriver_side,頭が上の端で切れている,計算,上の端にかかる割合 0.35,,
depthref_finger_piledriver_side_16,finger_piledriver_side_16,finger_piledriver_side,黒い余白が残っている,計算,元絵の黒い帯 3%,,
depthref_finger_piledriver_side_17,finger_piledriver_side_17,finger_piledriver_side,黒い余白が残っている,計算,元絵の黒い帯 6%,,
depthref_finger_piledriver_side_18,finger_piledriver_side_18,finger_piledriver_side,頭が横の端で切れている,計算,横の端にかかる割合 0.39,,
depthref_finger_piledriver_side_18,finger_piledriver_side_18,finger_piledriver_side,黒い余白が残っている,計算,元絵の黒い帯 2%,,
depthref_finger_piledriver_side_19,finger_piledriver_side_19,finger_piledriver_side,頭が上の端で切れている,計算,上の端にかかる割合 0.32,,
depthref_finger_piledriver_side_19,finger_piledriver_side_19,finger_piledriver_side,黒い余白が残っている,計算,元絵の黒い帯 2%,,
depthref_finger_piledriver_side_3,finger_piledriver_side_3,finger_piledriver_side,頭が横の端で切れている,計算,横の端にかかる割合 0.42,,
depthref_finger_piledriver_side_4,finger_piledriver_side_4,finger_piledriver_side,頭が上の端で切れている,計算,上の端にかかる割合 0.50,,
depthref_finger_piledriver_side_4,finger_piledriver_side_4,finger_piledriver_side,頭が横の端で切れている,計算,横の端にかかる割合 0.31,,
depthref_finger_piledriver_side_5,finger_piledriver_side_5,finger_piledriver_side,頭が横の端で切れている,計算,横の端にかかる割合 0.35,,
depthref_finger_piledriver_side_7,finger_piledriver_side_7,finger_piledriver_side,頭が横の端で切れている,計算,横の端にかかる割合 0.36,,
depthref_finger_piledriver_side_8,finger_piledriver_side_8,finger_piledriver_side,頭が上の端で切れている,計算,上の端にかかる割合 0.43,,
depthref_finger_piledriver_side_9,finger_piledriver_side_9,finger_piledriver_side,頭が横の端で切れている,計算,横の端にかかる割合 0.53,,
depthref_finger_pov_legs_3,finger_pov_legs_3,finger_pov_legs,頭が上の端で切れている,計算,上の端にかかる割合 0.33（寄り・目線の構図では起きやすい）（外した下書き）,,
depthref_finger_prone_behind_lap_10,finger_prone_behind_lap_10,finger_prone_behind_lap,頭が横の端で切れている,計算,横の端にかかる割合 0.51,,
depthref_finger_prone_behind_lap_11,finger_prone_behind_lap_11,finger_prone_behind_lap,頭が横の端で切れている,計算,横の端にかかる割合 0.75,,
depthref_finger_prone_behind_lap_14,finger_prone_behind_lap_14,finger_prone_behind_lap,頭が横の端で切れている,計算,横の端にかかる割合 0.56,,
depthref_finger_prone_behind_lap_2,finger_prone_behind_lap_2,finger_prone_behind_lap,頭が横の端で切れている,計算,横の端にかかる割合 0.41,,
depthref_finger_prone_behind_lap_20,finger_prone_behind_lap_20,finger_prone_behind_lap,頭が上の端で切れている,計算,上の端にかかる割合 0.52,,
depthref_finger_prone_behind_lap_22,finger_prone_behind_lap_22,finger_prone_behind_lap,頭が横の端で切れている,計算,横の端にかかる割合 0.50,,
depthref_finger_prone_behind_lap_3,finger_prone_behind_lap_3,finger_prone_behind_lap,頭が横の端で切れている,計算,横の端にかかる割合 0.48,,
depthref_finger_prone_behind_lap_4,finger_prone_behind_lap_4,finger_prone_behind_lap,頭が上の端で切れている,計算,上の端にかかる割合 0.39,,
depthref_finger_prone_behind_lap_4,finger_prone_behind_lap_4,finger_prone_behind_lap,頭が横の端で切れている,計算,横の端にかかる割合 0.31,,
depthref_finger_prone_behind_lap_7,finger_prone_behind_lap_7,finger_prone_behind_lap,頭が横の端で切れている,計算,横の端にかかる割合 0.66,,
depthref_finger_prone_behind_lap_8,finger_prone_behind_lap_8,finger_prone_behind_lap,頭が横の端で切れている,計算,横の端にかかる割合 0.70,,
depthref_finger_prone_behind_lap_8,finger_prone_behind_lap_8,finger_prone_behind_lap,形が読めない,目,ぼやけて形が読みにくい,,
depthref_finger_prone_stand_low,finger_prone_stand_low,finger_prone_stand_low,小物や線が残っている,目,縄か棒の線,問題なし,
depthref_finger_sit_front_back,finger_sit_front_back,finger_sit_front_back,黒い余白が残っている,計算,元絵の黒い帯 3%,,
depthref_finger_sit_front_back_nipple_b,finger_sit_front_back_nipple_b,finger_sit_front_back_nipple_b,形が読めない,目,下の方に指先のような形が並ぶ,,
depthref_foot_chest_pov_6,foot_chest_pov_6,foot_chest_pov,形が読めない,目,足と小物で形が読みにくい,,
depthref_foot_face_pov,foot_face_pov,foot_face_pov,小物や線が残っている,目,棒か鞭の線,問題なし,
depthref_foot_lie_front_lap_2,foot_lie_front_lap_2,foot_lie_front_lap,頭が横の端で切れている,計算,横の端にかかる割合 0.43,,
depthref_foot_lie_front_lap_4,foot_lie_front_lap_4,foot_lie_front_lap,頭が横の端で切れている,計算,横の端にかかる割合 0.65,,
depthref_foot_lie_front_lap_5,foot_lie_front_lap_5,foot_lie_front_lap,頭が横の端で切れている,計算,横の端にかかる割合 0.36,,
depthref_fours_behind_nipple,fours_behind_nipple,fours_behind_nipple,頭が上の端で切れている,計算,上の端にかかる割合 0.34,問題なし,
depthref_fours_behind_nipple,fours_behind_nipple,fours_behind_nipple,頭が横の端で切れている,計算,横の端にかかる割合 0.37,問題なし,
depthref_fours_behind_nipple,fours_behind_nipple,fours_behind_nipple,形が読めない,目,,問題なし,
depthref_futadom_p_3,futadom_p_3,futadom_p,翼・尻尾・触手など,目,頭の上に耳か角,問題なし,
depthref_hairjob_pov,hairjob_pov,hairjob_pov,頭が上の端で切れている,計算,上の端にかかる割合 0.31,問題なし,
depthref_handjob_side_p_10,handjob_side_p_10,handjob_side_p,頭が上の端で切れている,計算,上の端にかかる割合 0.36,問題なし,
depthref_handjob_side_p_10,handjob_side_p_10,handjob_side_p,形が読めない,目,,問題なし,
depthref_headlock_sit_side_11,headlock_sit_side_11,headlock_sit_side,頭が上の端で切れている,計算,上の端にかかる割合 0.36,,
depthref_headlock_sit_side_12,headlock_sit_side_12,headlock_sit_side,頭が上の端で切れている,計算,上の端にかかる割合 0.44,,
depthref_headlock_sit_side_12,headlock_sit_side_12,headlock_sit_side,形が読めない,目,寄りすぎ・重なりで形が読みにくい,,
depthref_headlock_sit_side_13,headlock_sit_side_13,headlock_sit_side,頭が横の端で切れている,計算,横の端にかかる割合 0.31,,
depthref_headlock_sit_side_15,headlock_sit_side_15,headlock_sit_side,頭が横の端で切れている,計算,横の端にかかる割合 0.36,,
depthref_headlock_sit_side_16,headlock_sit_side_16,headlock_sit_side,頭が横の端で切れている,計算,横の端にかかる割合 0.32,,
depthref_headlock_sit_side_17,headlock_sit_side_17,headlock_sit_side,頭が横の端で切れている,計算,横の端にかかる割合 0.46,,
depthref_headlock_sit_side_17,headlock_sit_side_17,headlock_sit_side,形が読めない,目,寄りすぎ・重なりで形が読みにくい,,
depthref_headlock_sit_side_19,headlock_sit_side_19,headlock_sit_side,小物や線が残っている,目,横に長い棒のような線,,
depthref_headlock_sit_side_2,headlock_sit_side_2,headlock_sit_side,頭が横の端で切れている,計算,横の端にかかる割合 0.40,,
depthref_headlock_sit_side_20,headlock_sit_side_20,headlock_sit_side,頭が上の端で切れている,計算,上の端にかかる割合 0.32,,
depthref_headlock_sit_side_22,headlock_sit_side_22,headlock_sit_side,頭が横の端で切れている,計算,横の端にかかる割合 0.46,,
depthref_headlock_sit_side_22,headlock_sit_side_22,headlock_sit_side,形が読めない,目,寄りすぎ・重なりで形が読みにくい,,
depthref_headlock_sit_side_23,headlock_sit_side_23,headlock_sit_side,頭が上の端で切れている,計算,上の端にかかる割合 0.72,,
depthref_headlock_sit_side_24,headlock_sit_side_24,headlock_sit_side,頭が上の端で切れている,計算,上の端にかかる割合 0.56,,
depthref_headlock_sit_side_25,headlock_sit_side_25,headlock_sit_side,頭が上の端で切れている,計算,上の端にかかる割合 0.40,,
depthref_headlock_sit_side_25,headlock_sit_side_25,headlock_sit_side,形が読めない,目,寄りすぎ・重なりで形が読みにくい,,
depthref_headlock_sit_side_28,headlock_sit_side_28,headlock_sit_side,形が読めない,目,寄りすぎ・重なりで形が読みにくい,,
depthref_headlock_sit_side_3,headlock_sit_side_3,headlock_sit_side,頭が横の端で切れている,計算,横の端にかかる割合 0.67,,
depthref_headlock_sit_side_30,headlock_sit_side_30,headlock_sit_side,頭が横の端で切れている,計算,横の端にかかる割合 0.86,,
depthref_headlock_sit_side_31,headlock_sit_side_31,headlock_sit_side,頭が上の端で切れている,計算,上の端にかかる割合 0.40,,
depthref_headlock_sit_side_31,headlock_sit_side_31,headlock_sit_side,頭が横の端で切れている,計算,横の端にかかる割合 0.64,,
depthref_headlock_sit_side_31,headlock_sit_side_31,headlock_sit_side,形が読めない,目,寄りすぎ・重なりで形が読みにくい,,
depthref_headlock_sit_side_32,headlock_sit_side_32,headlock_sit_side,頭が横の端で切れている,計算,横の端にかかる割合 0.84,,
depthref_headlock_sit_side_33,headlock_sit_side_33,headlock_sit_side,頭が上の端で切れている,計算,上の端にかかる割合 0.40,,
depthref_headlock_sit_side_33,headlock_sit_side_33,headlock_sit_side,頭が横の端で切れている,計算,横の端にかかる割合 0.96,,
depthref_headlock_sit_side_33,headlock_sit_side_33,headlock_sit_side,形が読めない,目,寄りすぎ・重なりで形が読みにくい,,
depthref_headlock_sit_side_35,headlock_sit_side_35,headlock_sit_side,形が読めない,目,主人公が相手よりかなり小さく見える（幼く見えないか確認撮影で確かめる）,,
depthref_headlock_sit_side_4,headlock_sit_side_4,headlock_sit_side,頭が上の端で切れている,計算,上の端にかかる割合 0.50,,
depthref_headlock_sit_side_4,headlock_sit_side_4,headlock_sit_side,形が読めない,目,寄りすぎ・重なりで形が読みにくい,,
depthref_headlock_sit_side_5,headlock_sit_side_5,headlock_sit_side,頭が上の端で切れている,計算,上の端にかかる割合 0.45,,
depthref_headlock_sit_side_5,headlock_sit_side_5,headlock_sit_side,頭が横の端で切れている,計算,横の端にかかる割合 0.98,,
depthref_headlock_sit_side_6,headlock_sit_side_6,headlock_sit_side,頭が上の端で切れている,計算,上の端にかかる割合 0.67,,
depthref_headlock_sit_side_6,headlock_sit_side_6,headlock_sit_side,形が読めない,目,寄りすぎ・重なりで形が読みにくい,,
depthref_headlock_sit_side_7,headlock_sit_side_7,headlock_sit_side,頭が上の端で切れている,計算,上の端にかかる割合 0.60,,
depthref_headlock_sit_side_7,headlock_sit_side_7,headlock_sit_side,頭が横の端で切れている,計算,横の端にかかる割合 0.60,,
depthref_headlock_sit_side_7,headlock_sit_side_7,headlock_sit_side,形が読めない,目,寄りすぎ・重なりで形が読みにくい,,
depthref_headlock_sit_side_8,headlock_sit_side_8,headlock_sit_side,頭が上の端で切れている,計算,上の端にかかる割合 0.72,,
depthref_headlock_sit_side_8,headlock_sit_side_8,headlock_sit_side,形が読めない,目,寄りすぎ・重なりで形が読みにくい,,
depthref_headlock_sit_side_9,headlock_sit_side_9,headlock_sit_side,頭が上の端で切れている,計算,上の端にかかる割合 0.49,,
depthref_hj_lie_side_on_whisper,hj_lie_side_on_whisper,hj_lie_side_on_whisper,頭が上の端で切れている,計算,上の端にかかる割合 0.41,,
depthref_hj_lie_side_on_whisper,hj_lie_side_on_whisper,hj_lie_side_on_whisper,頭が横の端で切れている,計算,横の端にかかる割合 0.91,,
depthref_hj_lie_side_on_whisper,hj_lie_side_on_whisper,hj_lie_side_on_whisper,小物や線が残っている,目,左に瓶のような小物,,
depthref_hj_lying_beside_front,hj_lying_beside_front,hj_lying_beside_front,翼・尻尾・触手など,目,翼（外した下書き）,,
depthref_hj_lying_beside_front_2,hj_lying_beside_front_2,hj_lying_beside_front,形が読めない,目,（外した下書き）,,
depthref_hj_lying_beside_front_4,hj_lying_beside_front_4,hj_lying_beside_front,翼・尻尾・触手など,目,翼・尻尾（外した下書き）,,
depthref_hj_pov_above_11,hj_pov_above_11,hj_pov_above,頭が上の端で切れている,計算,上の端にかかる割合 0.41（寄り・目線の構図では起きやすい）,問題なし,触手
depthref_hj_pov_above_4,hj_pov_above_4,hj_pov_above,頭が上の端で切れている,計算,上の端にかかる割合 0.40（寄り・目線の構図では起きやすい）,問題なし,
depthref_hj_pov_above_9,hj_pov_above_9,hj_pov_above,頭が上の端で切れている,計算,上の端にかかる割合 0.62（寄り・目線の構図では起きやすい）（外した下書き）,問題なし,
depthref_hj_pov_close,hj_pov_close,hj_pov_close,形が読めない,目,,問題なし,角
depthref_hj_pov_close_2,hj_pov_close_2,hj_pov_close,翼・尻尾・触手など,目,角,問題なし,角
depthref_hj_pov_close_4,hj_pov_close_4,hj_pov_close,頭が上の端で切れている,計算,上の端にかかる割合 0.48（寄り・目線の構図では起きやすい）（外した下書き）,,
depthref_hj_pov_close_6,hj_pov_close_6,hj_pov_close,翼・尻尾・触手など,目,触手か尻尾（外した下書き）,,
depthref_hj_pov_close_7,hj_pov_close_7,hj_pov_close,頭が上の端で切れている,計算,上の端にかかる割合 0.49（寄り・目線の構図では起きやすい）,問題なし,
depthref_hj_side_clothed,hj_side_clothed,hj_side_clothed,頭が上の端で切れている,計算,上の端にかかる割合 0.36,問題なし,
depthref_hj_sit_side_beside_nipple,hj_sit_side_beside_nipple,hj_sit_side_beside_nipple,頭が横の端で切れている,計算,横の端にかかる割合 0.68,,
depthref_hj_sit_side_beside_nipple_2,hj_sit_side_beside_nipple_2,hj_sit_side_beside_nipple,頭が横の端で切れている,計算,横の端にかかる割合 0.62,,
depthref_hj_stand_side,hj_stand_side,hj_stand_side,形が読めない,目,,問題なし,
depthref_hj_stand_side_3,hj_stand_side_3,hj_stand_side,翼・尻尾・触手など,目,触手（外した下書き）,,
depthref_hold_behind_tentacle,hold_behind_tentacle,hold_behind_tentacle,翼・尻尾・触手など,目,触手,問題なし,翼
depthref_hug_lie_above_facing,hug_lie_above_facing,hug_lie_above_facing,形が読めない,目,2人が1つの形に重なって見える,,
depthref_hug_lie_side_over_kiss,hug_lie_side_over_kiss,hug_lie_side_over_kiss,頭が横の端で切れている,計算,横の端にかかる割合 0.42,,
depthref_hug_lie_side_over_kiss_3,hug_lie_side_over_kiss_3,hug_lie_side_over_kiss,1人だけ,目,相手の体しか読めない,,
depthref_hug_sit_side_facing_smother,hug_sit_side_facing_smother,hug_sit_side_facing_smother,翼・尻尾・触手など,目,角,,
depthref_hug_stand_behind_facing_smother,hug_stand_behind_facing_smother,hug_stand_behind_facing_smother,形が読めない,目,2人が重なって読みにくい,,
depthref_inverted_seated_toy,inverted_seated_toy,inverted_seated_toy,形が読めない,目,,問題なし,
depthref_kiss_above_drool,kiss_above_drool,kiss_above_drool,頭が上の端で切れている,計算,上の端にかかる割合 0.48（寄り・目線の構図では起きやすい）,問題なし,
depthref_kiss_close_side_tongue,kiss_close_side_tongue,kiss_close_side_tongue,頭が上の端で切れている,計算,上の端にかかる割合 0.85（寄り・目線の構図では起きやすい）,問題なし,
depthref_kiss_close_side_tongue,kiss_close_side_tongue,kiss_close_side_tongue,頭が横の端で切れている,計算,横の端にかかる割合 1.00（寄り・目線の構図では起きやすい）,問題なし,
depthref_kiss_lap_bed_side,kiss_lap_bed_side,kiss_lap_bed_side,頭が横の端で切れている,計算,横の端にかかる割合 0.64,問題なし,
depthref_kiss_lie_above_hj,kiss_lie_above_hj,kiss_lie_above_hj,小物や線が残っている,目,細い線（液体）,,
depthref_kiss_lie_above_hj_2,kiss_lie_above_hj_2,kiss_lie_above_hj,翼・尻尾・触手など,目,角,,
depthref_kiss_lie_side,kiss_lie_side,kiss_lie_side,翼・尻尾・触手など,目,尻尾のような形,,
depthref_kiss_lie_side_2,kiss_lie_side_2,kiss_lie_side,翼・尻尾・触手など,目,尻尾のような形,,
depthref_kiss_lie_side_3,kiss_lie_side_3,kiss_lie_side,翼・尻尾・触手など,目,角,,
depthref_kiss_lie_side_on_hj,kiss_lie_side_on_hj,kiss_lie_side_on_hj,頭が横の端で切れている,計算,横の端にかかる割合 0.57,,
depthref_kiss_lie_side_on_hj_2,kiss_lie_side_on_hj_2,kiss_lie_side_on_hj,頭が横の端で切れている,計算,横の端にかかる割合 0.79,,
depthref_kiss_lying_ontop_side,kiss_lying_ontop_side,kiss_lying_ontop_side,頭が横の端で切れている,計算,横の端にかかる割合 0.86,問題なし,
depthref_kiss_lying_ontop_side_2,kiss_lying_ontop_side_2,kiss_lying_ontop_side,頭が横の端で切れている,計算,横の端にかかる割合 0.52,,
depthref_kiss_lying_ontop_side_3,kiss_lying_ontop_side_3,kiss_lying_ontop_side,頭が横の端で切れている,計算,横の端にかかる割合 0.49,,
depthref_kiss_lying_ontop_side_4,kiss_lying_ontop_side_4,kiss_lying_ontop_side,頭が横の端で切れている,計算,横の端にかかる割合 0.76,,
depthref_kiss_lying_ontop_side_5,kiss_lying_ontop_side_5,kiss_lying_ontop_side,頭が上の端で切れている,計算,上の端にかかる割合 0.45,,
depthref_kiss_lying_ontop_side_5,kiss_lying_ontop_side_5,kiss_lying_ontop_side,頭が横の端で切れている,計算,横の端にかかる割合 0.79,,
depthref_kiss_lying_ontop_side_6,kiss_lying_ontop_side_6,kiss_lying_ontop_side,頭が横の端で切れている,計算,横の端にかかる割合 0.84,,
depthref_kiss_lying_ontop_side_7,kiss_lying_ontop_side_7,kiss_lying_ontop_side,頭が横の端で切れている,計算,横の端にかかる割合 0.77,,
depthref_kiss_lying_ontop_side_8,kiss_lying_ontop_side_8,kiss_lying_ontop_side,頭が横の端で切れている,計算,横の端にかかる割合 0.78,,
depthref_kiss_lying_ontop_side_9,kiss_lying_ontop_side_9,kiss_lying_ontop_side,頭が横の端で切れている,計算,横の端にかかる割合 0.70,,
depthref_kiss_p_3,kiss_p_3,kiss_p,形が読めない,目,（外した下書き）,問題なし,
depthref_kiss_peg_spoon,kiss_peg_spoon,kiss_peg_spoon,頭が横の端で切れている,計算,横の端にかかる割合 0.33,,
depthref_kiss_peg_spoon_2,kiss_peg_spoon_2,kiss_peg_spoon,頭が横の端で切れている,計算,横の端にかかる割合 0.37,,
depthref_kiss_pov,kiss_pov,kiss_pov,頭が上の端で切れている,計算,上の端にかかる割合 0.70（寄り・目線の構図では起きやすい）（外した下書き）,,
depthref_kiss_pov_3,kiss_pov_3,kiss_pov,頭が上の端で切れている,計算,上の端にかかる割合 0.62（寄り・目線の構図では起きやすい）（外した下書き）,,
depthref_kiss_pov_4,kiss_pov_4,kiss_pov,頭が上の端で切れている,計算,上の端にかかる割合 0.80（寄り・目線の構図では起きやすい）,,
depthref_kiss_pov_5,kiss_pov_5,kiss_pov,頭が上の端で切れている,計算,上の端にかかる割合 0.42（寄り・目線の構図では起きやすい）,,
depthref_kiss_pov_6,kiss_pov_6,kiss_pov,頭が上の端で切れている,計算,上の端にかかる割合 0.56（寄り・目線の構図では起きやすい）,,
depthref_kiss_pov_6,kiss_pov_6,kiss_pov,頭が横の端で切れている,計算,横の端にかかる割合 0.61（寄り・目線の構図では起きやすい）,,
depthref_kiss_pov_b,kiss_pov_b,kiss_pov_b,頭が上の端で切れている,計算,上の端にかかる割合 0.35（寄り・目線の構図では起きやすい）,,
depthref_kiss_pov_b_10,kiss_pov_b_10,kiss_pov_b,頭が上の端で切れている,計算,上の端にかかる割合 0.62（寄り・目線の構図では起きやすい）（外した下書き）,,
depthref_kiss_pov_b_10,kiss_pov_b_10,kiss_pov_b,頭が横の端で切れている,計算,横の端にかかる割合 0.81（寄り・目線の構図では起きやすい）（外した下書き）,,
depthref_kiss_pov_b_10,kiss_pov_b_10,kiss_pov_b,小物や線が残っている,目,眼鏡のような丸（外した下書き）,,
depthref_kiss_pov_b_2,kiss_pov_b_2,kiss_pov_b,頭が上の端で切れている,計算,上の端にかかる割合 0.77（寄り・目線の構図では起きやすい）,,
depthref_kiss_pov_b_3,kiss_pov_b_3,kiss_pov_b,頭が上の端で切れている,計算,上の端にかかる割合 0.62（寄り・目線の構図では起きやすい）,,
depthref_kiss_pov_b_4,kiss_pov_b_4,kiss_pov_b,頭が上の端で切れている,計算,上の端にかかる割合 0.68（寄り・目線の構図では起きやすい）,,
depthref_kiss_pov_b_5,kiss_pov_b_5,kiss_pov_b,頭が上の端で切れている,計算,上の端にかかる割合 0.90（寄り・目線の構図では起きやすい）,,
depthref_kiss_pov_b_5,kiss_pov_b_5,kiss_pov_b,頭が横の端で切れている,計算,横の端にかかる割合 0.62（寄り・目線の構図では起きやすい）,,
depthref_kiss_pov_b_6,kiss_pov_b_6,kiss_pov_b,頭が上の端で切れている,計算,上の端にかかる割合 0.67（寄り・目線の構図では起きやすい）,,
depthref_kiss_pov_b_7,kiss_pov_b_7,kiss_pov_b,頭が上の端で切れている,計算,上の端にかかる割合 0.75（寄り・目線の構図では起きやすい）,,
depthref_kiss_pov_b_8,kiss_pov_b_8,kiss_pov_b,頭が上の端で切れている,計算,上の端にかかる割合 0.59（寄り・目線の構図では起きやすい）,,
depthref_kiss_pov_b_8,kiss_pov_b_8,kiss_pov_b,頭が横の端で切れている,計算,横の端にかかる割合 0.60（寄り・目線の構図では起きやすい）,,
depthref_kiss_pov_b_9,kiss_pov_b_9,kiss_pov_b,頭が上の端で切れている,計算,上の端にかかる割合 0.59（寄り・目線の構図では起きやすい）,,
depthref_kiss_pov_b_9,kiss_pov_b_9,kiss_pov_b,頭が横の端で切れている,計算,横の端にかかる割合 0.64（寄り・目線の構図では起きやすい）,,
depthref_kiss_sit_side_nipple,kiss_sit_side_nipple,kiss_sit_side_nipple,頭が横の端で切れている,計算,横の端にかかる割合 0.53,,
depthref_kiss_sit_side_nipple_11,kiss_sit_side_nipple_11,kiss_sit_side_nipple,翼・尻尾・触手など,目,尻尾のような形,,
depthref_kiss_sit_side_nipple_11,kiss_sit_side_nipple_11,kiss_sit_side_nipple,形が読めない,目,主人公が相手よりかなり小さく見える（幼く見えないか確認撮影で確かめる）,,
depthref_kiss_sit_side_nipple_12,kiss_sit_side_nipple_12,kiss_sit_side_nipple,頭が横の端で切れている,計算,横の端にかかる割合 0.39,,
depthref_kiss_sit_side_nipple_12,kiss_sit_side_nipple_12,kiss_sit_side_nipple,翼・尻尾・触手など,目,角,,
depthref_kiss_sit_side_nipple_13,kiss_sit_side_nipple_13,kiss_sit_side_nipple,頭が横の端で切れている,計算,横の端にかかる割合 0.33,,
depthref_kiss_sit_side_nipple_13,kiss_sit_side_nipple_13,kiss_sit_side_nipple,翼・尻尾・触手など,目,尻尾のような形,,
depthref_kiss_sit_side_nipple_2,kiss_sit_side_nipple_2,kiss_sit_side_nipple,頭が横の端で切れている,計算,横の端にかかる割合 0.63,,
depthref_kiss_sit_side_nipple_3,kiss_sit_side_nipple_3,kiss_sit_side_nipple,小物や線が残っている,目,縄・吊りの線,,
depthref_kiss_sit_side_nipple_4,kiss_sit_side_nipple_4,kiss_sit_side_nipple,小物や線が残っている,目,縄・吊りの線,,
depthref_kiss_sit_side_nipple_5,kiss_sit_side_nipple_5,kiss_sit_side_nipple,小物や線が残っている,目,縄・吊りの線,,
depthref_kiss_sit_side_nipple_6,kiss_sit_side_nipple_6,kiss_sit_side_nipple,頭が横の端で切れている,計算,横の端にかかる割合 0.41,,
depthref_kiss_sit_side_nipple_7,kiss_sit_side_nipple_7,kiss_sit_side_nipple,小物や線が残っている,目,縄・吊りの線,,
depthref_kiss_sit_side_nipple_8,kiss_sit_side_nipple_8,kiss_sit_side_nipple,翼・尻尾・触手など,目,尻尾のような形,,
depthref_kiss_stand_front_hug,kiss_stand_front_hug,kiss_stand_front_hug,翼・尻尾・触手など,目,ラミアの蛇の胴（ラミアの相手だけに当てる）,,
depthref_kiss_stand_front_hug_10,kiss_stand_front_hug_10,kiss_stand_front_hug,翼・尻尾・触手など,目,ラミアの蛇の胴（ラミアの相手だけに当てる）,,
depthref_kiss_stand_front_hug_11,kiss_stand_front_hug_11,kiss_stand_front_hug,頭が横の端で切れている,計算,横の端にかかる割合 0.51,,
depthref_kiss_stand_front_hug_11,kiss_stand_front_hug_11,kiss_stand_front_hug,翼・尻尾・触手など,目,ラミアの蛇の胴（ラミアの相手だけに当てる）,,
depthref_kiss_stand_front_hug_12,kiss_stand_front_hug_12,kiss_stand_front_hug,頭が横の端で切れている,計算,横の端にかかる割合 0.34,,
depthref_kiss_stand_front_hug_12,kiss_stand_front_hug_12,kiss_stand_front_hug,翼・尻尾・触手など,目,ラミアの蛇の胴（ラミアの相手だけに当てる）,,
depthref_kiss_stand_front_hug_13,kiss_stand_front_hug_13,kiss_stand_front_hug,翼・尻尾・触手など,目,ラミアの蛇の胴（ラミアの相手だけに当てる）,,
depthref_kiss_stand_front_hug_14,kiss_stand_front_hug_14,kiss_stand_front_hug,翼・尻尾・触手など,目,ラミアの蛇の胴（ラミアの相手だけに当てる）,,
depthref_kiss_stand_front_hug_15,kiss_stand_front_hug_15,kiss_stand_front_hug,翼・尻尾・触手など,目,ラミアの蛇の胴（ラミアの相手だけに当てる）,,
depthref_kiss_stand_front_hug_16,kiss_stand_front_hug_16,kiss_stand_front_hug,翼・尻尾・触手など,目,ラミアの蛇の胴（ラミアの相手だけに当てる）,,
depthref_kiss_stand_front_hug_17,kiss_stand_front_hug_17,kiss_stand_front_hug,翼・尻尾・触手など,目,ラミアの蛇の胴（ラミアの相手だけに当てる）,,
depthref_kiss_stand_front_hug_18,kiss_stand_front_hug_18,kiss_stand_front_hug,翼・尻尾・触手など,目,ラミアの蛇の胴（ラミアの相手だけに当てる）,,
depthref_kiss_stand_front_hug_19,kiss_stand_front_hug_19,kiss_stand_front_hug,頭が横の端で切れている,計算,横の端にかかる割合 0.52,,
depthref_kiss_stand_front_hug_19,kiss_stand_front_hug_19,kiss_stand_front_hug,翼・尻尾・触手など,目,ラミアの蛇の胴（ラミアの相手だけに当てる）,,
depthref_kiss_stand_front_hug_2,kiss_stand_front_hug_2,kiss_stand_front_hug,翼・尻尾・触手など,目,ラミアの蛇の胴（ラミアの相手だけに当てる）,,
depthref_kiss_stand_front_hug_20,kiss_stand_front_hug_20,kiss_stand_front_hug,翼・尻尾・触手など,目,ラミアの蛇の胴（ラミアの相手だけに当てる）,,
depthref_kiss_stand_front_hug_21,kiss_stand_front_hug_21,kiss_stand_front_hug,頭が横の端で切れている,計算,横の端にかかる割合 0.41,,
depthref_kiss_stand_front_hug_21,kiss_stand_front_hug_21,kiss_stand_front_hug,翼・尻尾・触手など,目,ラミアの蛇の胴（ラミアの相手だけに当てる）,,
depthref_kiss_stand_front_hug_22,kiss_stand_front_hug_22,kiss_stand_front_hug,翼・尻尾・触手など,目,ラミアの蛇の胴（ラミアの相手だけに当てる）,,
depthref_kiss_stand_front_hug_23,kiss_stand_front_hug_23,kiss_stand_front_hug,頭が横の端で切れている,計算,横の端にかかる割合 0.31,,
depthref_kiss_stand_front_hug_23,kiss_stand_front_hug_23,kiss_stand_front_hug,翼・尻尾・触手など,目,ラミアの蛇の胴（ラミアの相手だけに当てる）,,
depthref_kiss_stand_front_hug_24,kiss_stand_front_hug_24,kiss_stand_front_hug,翼・尻尾・触手など,目,ラミアの蛇の胴（ラミアの相手だけに当てる）,,
depthref_kiss_stand_front_hug_3,kiss_stand_front_hug_3,kiss_stand_front_hug,頭が横の端で切れている,計算,横の端にかかる割合 0.53,,
depthref_kiss_stand_front_hug_3,kiss_stand_front_hug_3,kiss_stand_front_hug,翼・尻尾・触手など,目,ラミアの蛇の胴（ラミアの相手だけに当てる）,,
depthref_kiss_stand_front_hug_4,kiss_stand_front_hug_4,kiss_stand_front_hug,翼・尻尾・触手など,目,ラミアの蛇の胴（ラミアの相手だけに当てる）,,
depthref_kiss_stand_front_hug_5,kiss_stand_front_hug_5,kiss_stand_front_hug,翼・尻尾・触手など,目,ラミアの蛇の胴（ラミアの相手だけに当てる）,,
depthref_kiss_stand_front_hug_6,kiss_stand_front_hug_6,kiss_stand_front_hug,翼・尻尾・触手など,目,ラミアの蛇の胴（ラミアの相手だけに当てる）,,
depthref_kiss_stand_front_hug_7,kiss_stand_front_hug_7,kiss_stand_front_hug,翼・尻尾・触手など,目,ラミアの蛇の胴（ラミアの相手だけに当てる）,,
depthref_kiss_stand_front_hug_8,kiss_stand_front_hug_8,kiss_stand_front_hug,頭が横の端で切れている,計算,横の端にかかる割合 0.46,,
depthref_kiss_stand_front_hug_8,kiss_stand_front_hug_8,kiss_stand_front_hug,翼・尻尾・触手など,目,ラミアの蛇の胴（ラミアの相手だけに当てる）,,
depthref_kiss_stand_front_hug_9,kiss_stand_front_hug_9,kiss_stand_front_hug,翼・尻尾・触手など,目,ラミアの蛇の胴（ラミアの相手だけに当てる）,,
depthref_kiss_wall_4,kiss_wall_4,kiss_wall,長い直線が残っている,計算,まっすぐな段差が画面の 81%（窓枠・柱など）,,
depthref_kneel_pov_sit_foot,kneel_pov_sit_foot,kneel_pov_sit_foot,翼・尻尾・触手など,目,翼（外した下書き）,,
depthref_kneel_pov_sit_foot_2,kneel_pov_sit_foot_2,kneel_pov_sit_foot,形が読めない,目,（外した下書き）,問題なし,
depthref_lamia,lamia,lamia,翼・尻尾・触手など,目,蛇の胴,,
depthref_lamia_2,lamia_2,lamia,翼・尻尾・触手など,目,蛇の胴,,
depthref_lamia_3,lamia_3,lamia,翼・尻尾・触手など,目,蛇の胴,,
depthref_lamia_4,lamia_4,lamia,翼・尻尾・触手など,目,蛇の胴,,
depthref_lamia_5,lamia_5,lamia,翼・尻尾・触手など,目,蛇の胴,,
depthref_lamia_6,lamia_6,lamia,翼・尻尾・触手など,目,蛇の胴,,
depthref_lamia_7,lamia_7,lamia,翼・尻尾・触手など,目,蛇の胴,,
depthref_lamia_8,lamia_8,lamia,翼・尻尾・触手など,目,蛇の胴,,
depthref_lamia_9,lamia_9,lamia,翼・尻尾・触手など,目,蛇の胴,,
depthref_lamia_coil,lamia_coil,lamia_coil,翼・尻尾・触手など,目,蛇の胴,,
depthref_lamia_coil_2,lamia_coil_2,lamia_coil,翼・尻尾・触手など,目,蛇の胴,,
depthref_lamia_coil_3,lamia_coil_3,lamia_coil,翼・尻尾・触手など,目,蛇の胴,,
depthref_lamia_coil_4,lamia_coil_4,lamia_coil,翼・尻尾・触手など,目,蛇の胴,,
depthref_lamia_coil_5,lamia_coil_5,lamia_coil,翼・尻尾・触手など,目,蛇の胴,,
depthref_lamia_coil_6,lamia_coil_6,lamia_coil,翼・尻尾・触手など,目,蛇の胴,,
depthref_lamia_coil_7,lamia_coil_7,lamia_coil,翼・尻尾・触手など,目,蛇の胴,,
depthref_lamia_coil_8,lamia_coil_8,lamia_coil,翼・尻尾・触手など,目,蛇の胴,,
depthref_lamia_coil_legs,lamia_coil_legs,lamia_coil_legs,翼・尻尾・触手など,目,蛇の胴,,
depthref_lamia_pov_coil,lamia_pov_coil,lamia_pov_coil,翼・尻尾・触手など,目,蛇の胴,,
depthref_lamia_pov_coil_2,lamia_pov_coil_2,lamia_pov_coil,翼・尻尾・触手など,目,蛇の胴,,
depthref_lap_nursing_hj_5,lap_nursing_hj_5,lap_nursing_hj,小物や線が残っている,目,細い棒,,
depthref_lie_beside_pov,lie_beside_pov,lie_beside_pov,形が読めない,目,,,
depthref_lying_on_legs_side,lying_on_legs_side,lying_on_legs_side,形が読めない,目,,,
depthref_machine_pov_straddle,machine_pov_straddle,machine_pov_straddle,翼・尻尾・触手など,目,機械,,
depthref_machine_pov_straddle_2,machine_pov_straddle_2,machine_pov_straddle,翼・尻尾・触手など,目,機械,,
depthref_multi_two_on_lying,multi_two_on_lying,multi_two_on_lying,形が読めない,目,2人の体が分かれていない,,翼・尻尾・角
depthref_multi_two_sandwich_seated,multi_two_sandwich_seated,multi_two_sandwich_seated,頭が横の端で切れている,計算,横の端にかかる割合 0.90,,
depthref_multi_two_sandwich_stand_2,multi_two_sandwich_stand_2,multi_two_sandwich_stand,頭が横の端で切れている,計算,横の端にかかる割合 0.55,,
depthref_multi_two_seated_ears_hj,multi_two_seated_ears_hj,multi_two_seated_ears_hj,頭が横の端で切れている,計算,横の端にかかる割合 0.33,,
depthref_nipple_behind_standing_3,nipple_behind_standing_3,nipple_behind_standing,頭が上の端で切れている,計算,上の端にかかる割合 0.39,,
depthref_nipple_behind_standing_4,nipple_behind_standing_4,nipple_behind_standing,頭が上の端で切れている,計算,上の端にかかる割合 0.85,,
depthref_nipple_behind_torso,nipple_behind_torso,nipple_behind_torso,頭が上の端で切れている,計算,上の端にかかる割合 0.43,,
depthref_nipple_behind_torso,nipple_behind_torso,nipple_behind_torso,頭が横の端で切れている,計算,横の端にかかる割合 0.37,,
depthref_nipple_behind_torso_2,nipple_behind_torso_2,nipple_behind_torso,頭が横の端で切れている,計算,横の端にかかる割合 0.32（外した下書き）,,
depthref_nipple_kneel_front_back_peg,nipple_kneel_front_back_peg,nipple_kneel_front_back_peg,頭が横の端で切れている,計算,横の端にかかる割合 0.71,,
depthref_nipple_lie_pov_beside,nipple_lie_pov_beside,nipple_lie_pov_beside,頭が上の端で切れている,計算,上の端にかかる割合 0.32（寄り・目線の構図では起きやすい）,,
depthref_nipple_lie_pov_beside,nipple_lie_pov_beside,nipple_lie_pov_beside,頭が横の端で切れている,計算,横の端にかかる割合 0.79（寄り・目線の構図では起きやすい）,,
depthref_nipple_lie_pov_beside,nipple_lie_pov_beside,nipple_lie_pov_beside,形が読めない,目,寄りで形が読みにくい,,
depthref_nipple_lie_pov_on,nipple_lie_pov_on,nipple_lie_pov_on,頭が上の端で切れている,計算,上の端にかかる割合 0.33（寄り・目線の構図では起きやすい）,,
depthref_nipple_pov_lick,nipple_pov_lick,nipple_pov_lick,頭が上の端で切れている,計算,上の端にかかる割合 0.48（寄り・目線の構図では起きやすい）,,
depthref_nipple_pov_lick_5,nipple_pov_lick_5,nipple_pov_lick,頭が上の端で切れている,計算,上の端にかかる割合 0.61（寄り・目線の構図では起きやすい）,,
depthref_nipple_pov_lick_6,nipple_pov_lick_6,nipple_pov_lick,頭が横の端で切れている,計算,横の端にかかる割合 0.70（寄り・目線の構図では起きやすい）,,
depthref_nipple_pov_lick_7,nipple_pov_lick_7,nipple_pov_lick,頭が上の端で切れている,計算,上の端にかかる割合 0.52（寄り・目線の構図では起きやすい）,,
depthref_nipple_pov_pinch,nipple_pov_pinch,nipple_pov_pinch,頭が上の端で切れている,計算,上の端にかかる割合 0.53（寄り・目線の構図では起きやすい）,,
depthref_nipple_pov_pinch_2,nipple_pov_pinch_2,nipple_pov_pinch,頭が上の端で切れている,計算,上の端にかかる割合 0.58（寄り・目線の構図では起きやすい）,,
depthref_nipple_pov_pinch_2,nipple_pov_pinch_2,nipple_pov_pinch,頭が横の端で切れている,計算,横の端にかかる割合 0.46（寄り・目線の構図では起きやすい）,,
depthref_nipple_pov_pinch_3,nipple_pov_pinch_3,nipple_pov_pinch,頭が上の端で切れている,計算,上の端にかかる割合 0.53（寄り・目線の構図では起きやすい）,,
depthref_nipple_pov_straddle,nipple_pov_straddle,nipple_pov_straddle,頭が上の端で切れている,計算,上の端にかかる割合 0.46（寄り・目線の構図では起きやすい）,,
depthref_nipple_pov_straddle,nipple_pov_straddle,nipple_pov_straddle,翼・尻尾・触手など,目,翼か触手,,
depthref_nipple_side_lying,nipple_side_lying,nipple_side_lying,頭が横の端で切れている,計算,横の端にかかる割合 0.38,,
depthref_nipple_side_lying_2,nipple_side_lying_2,nipple_side_lying,頭が横の端で切れている,計算,横の端にかかる割合 0.50,,
depthref_nipple_sit_front_tentacle,nipple_sit_front_tentacle,nipple_sit_front_tentacle,頭が横の端で切れている,計算,横の端にかかる割合 0.71,,
depthref_nipple_sit_front_tentacle,nipple_sit_front_tentacle,nipple_sit_front_tentacle,翼・尻尾・触手など,目,触手（構図の技どおり。触手の相手にだけ当てる）,,
depthref_nipple_sit_side,nipple_sit_side,nipple_sit_side,小物や線が残っている,目,縄・吊りの線,,
depthref_nipple_sit_side_2,nipple_sit_side_2,nipple_sit_side,翼・尻尾・触手など,目,尻尾のような形,,
depthref_nipple_sit_side_3,nipple_sit_side_3,nipple_sit_side,小物や線が残っている,目,縄・吊りの線,,
depthref_nipple_sit_side_5,nipple_sit_side_5,nipple_sit_side,小物や線が残っている,目,縄・吊りの線,,
depthref_nipple_sit_tentacle,nipple_sit_tentacle,nipple_sit_tentacle,翼・尻尾・触手など,目,触手（構図の技どおり。触手の相手にだけ当てる）,,
depthref_nipple_stand_close_beside,nipple_stand_close_beside,nipple_stand_close_beside,頭が上の端で切れている,計算,上の端にかかる割合 0.65（寄り・目線の構図では起きやすい）,,
depthref_nipple_stand_close_beside,nipple_stand_close_beside,nipple_stand_close_beside,形が読めない,目,寄りすぎて形が読めない,,
depthref_oral_hang_above_between,oral_hang_above_between,oral_hang_above_between,小物や線が残っている,目,放射状の線（縄か脚）,,
depthref_oral_pov_low_10,oral_pov_low_10,oral_pov_low,頭が上の端で切れている,計算,上の端にかかる割合 0.38,,
depthref_oral_pov_low_3,oral_pov_low_3,oral_pov_low,翼・尻尾・触手など,目,角,,
depthref_oral_pov_low_4,oral_pov_low_4,oral_pov_low,頭が上の端で切れている,計算,上の端にかかる割合 0.34,,
depthref_oral_pov_low_5,oral_pov_low_5,oral_pov_low,翼・尻尾・触手など,目,翼,,
depthref_oral_pov_low_6,oral_pov_low_6,oral_pov_low,頭が上の端で切れている,計算,上の端にかかる割合 0.38,,
depthref_oral_pov_low_6,oral_pov_low_6,oral_pov_low,翼・尻尾・触手など,目,翼,,
depthref_oral_pov_low_8,oral_pov_low_8,oral_pov_low,頭が上の端で切れている,計算,上の端にかかる割合 0.34,,
depthref_oral_side_lying_2,oral_side_lying_2,oral_side_lying,形が読めない,目,,,
depthref_oral_side_lying_4,oral_side_lying_4,oral_side_lying,頭が上の端で切れている,計算,上の端にかかる割合 0.31,,
depthref_oral_side_lying_4,oral_side_lying_4,oral_side_lying,小物や線が残っている,目,瓶のような小物,,
depthref_oral_stand_side,oral_stand_side,oral_stand_side,翼・尻尾・触手など,目,翼,,
depthref_paizuri_lie_pov,paizuri_lie_pov,paizuri_lie_pov,頭が上の端で切れている,計算,上の端にかかる割合 0.31,,
depthref_paizuri_side_5,paizuri_side_5,paizuri_side,形が読めない,目,,,
depthref_peg_12,peg_12,peg,頭が上の端で切れている,計算,上の端にかかる割合 0.54,,
depthref_peg_2,peg_2,peg,頭が上の端で切れている,計算,上の端にかかる割合 0.41,,
depthref_peg_2,peg_2,peg,頭が横の端で切れている,計算,横の端にかかる割合 0.32,,
depthref_peg_2,peg_2,peg,小物や線が残っている,目,縦の長い線（戸の枠）,,
depthref_peg_20,peg_20,peg,翼・尻尾・触手など,目,尻尾のような形,,
depthref_peg_6,peg_6,peg,頭が横の端で切れている,計算,横の端にかかる割合 0.66,,
depthref_peg_7,peg_7,peg,頭が横の端で切れている,計算,横の端にかかる割合 0.63,,
depthref_peg_bent_side,peg_bent_side,peg_bent_side,頭が横の端で切れている,計算,横の端にかかる割合 0.48,,
depthref_peg_bent_side_2,peg_bent_side_2,peg_bent_side,頭が横の端で切れている,計算,横の端にかかる割合 0.77,,
depthref_peg_bent_side_3,peg_bent_side_3,peg_bent_side,頭が横の端で切れている,計算,横の端にかかる割合 0.66,,
depthref_peg_bent_side_4,peg_bent_side_4,peg_bent_side,頭が横の端で切れている,計算,横の端にかかる割合 0.81,,
depthref_peg_bent_side_7,peg_bent_side_7,peg_bent_side,頭が上の端で切れている,計算,上の端にかかる割合 0.31,,
depthref_peg_bent_side_b,peg_bent_side_b,peg_bent_side_b,頭が横の端で切れている,計算,横の端にかかる割合 0.60,,
depthref_peg_bent_side_b_10,peg_bent_side_b_10,peg_bent_side_b,形が読めない,目,後ろからの寄りで顔が写らない（人物の範囲が付かない）,,
depthref_peg_bent_side_b_11,peg_bent_side_b_11,peg_bent_side_b,形が読めない,目,後ろからの寄りで顔が写らない（人物の範囲が付かない）,,
depthref_peg_bent_side_b_12,peg_bent_side_b_12,peg_bent_side_b,形が読めない,目,後ろからの寄りで顔が写らない（人物の範囲が付かない）,,
depthref_peg_bent_side_b_14,peg_bent_side_b_14,peg_bent_side_b,頭が横の端で切れている,計算,横の端にかかる割合 0.39,,
depthref_peg_bent_side_b_15,peg_bent_side_b_15,peg_bent_side_b,頭が横の端で切れている,計算,横の端にかかる割合 0.55,,
depthref_peg_bent_side_b_17,peg_bent_side_b_17,peg_bent_side_b,頭が横の端で切れている,計算,横の端にかかる割合 0.65,,
depthref_peg_bent_side_b_2,peg_bent_side_b_2,peg_bent_side_b,頭が横の端で切れている,計算,横の端にかかる割合 0.75,,
depthref_peg_bent_side_b_4,peg_bent_side_b_4,peg_bent_side_b,形が読めない,目,後ろからの寄りで顔が写らない（人物の範囲が付かない）,,
depthref_peg_bent_side_b_5,peg_bent_side_b_5,peg_bent_side_b,形が読めない,目,後ろからの寄りで顔が写らない（人物の範囲が付かない）,,
depthref_peg_bent_side_b_6,peg_bent_side_b_6,peg_bent_side_b,形が読めない,目,後ろからの寄りで顔が写らない（人物の範囲が付かない）,,
depthref_peg_bent_side_b_7,peg_bent_side_b_7,peg_bent_side_b,形が読めない,目,後ろからの寄りで顔が写らない（人物の範囲が付かない）,,
depthref_peg_bent_side_b_8,peg_bent_side_b_8,peg_bent_side_b,頭が横の端で切れている,計算,横の端にかかる割合 0.37,,
depthref_peg_bent_side_b_8,peg_bent_side_b_8,peg_bent_side_b,形が読めない,目,後ろからの寄りで顔が写らない（人物の範囲が付かない）,,
depthref_peg_bent_side_b_9,peg_bent_side_b_9,peg_bent_side_b,形が読めない,目,後ろからの寄りで顔が写らない（人物の範囲が付かない）,,
depthref_peg_bent_side_back,peg_bent_side_back,peg_bent_side_back,小物や線が残っている,目,左右に縦の枠,,
depthref_peg_bent_side_chastity,peg_bent_side_chastity,peg_bent_side_chastity,頭が横の端で切れている,計算,横の端にかかる割合 0.90,,
depthref_peg_bent_side_chastity_11,peg_bent_side_chastity_11,peg_bent_side_chastity,頭が横の端で切れている,計算,横の端にかかる割合 0.47,,
depthref_peg_bent_side_chastity_12,peg_bent_side_chastity_12,peg_bent_side_chastity,頭が横の端で切れている,計算,横の端にかかる割合 0.41,,
depthref_peg_bent_side_chastity_13,peg_bent_side_chastity_13,peg_bent_side_chastity,頭が横の端で切れている,計算,横の端にかかる割合 0.40,,
depthref_peg_bent_side_chastity_14,peg_bent_side_chastity_14,peg_bent_side_chastity,頭が上の端で切れている,計算,上の端にかかる割合 0.45,,
depthref_peg_bent_side_chastity_15,peg_bent_side_chastity_15,peg_bent_side_chastity,形が読めない,目,後ろからの寄りで顔が写らない（人物の範囲が付かない）,,
depthref_peg_bent_side_chastity_16,peg_bent_side_chastity_16,peg_bent_side_chastity,形が読めない,目,後ろからの寄りで顔が写らない（人物の範囲が付かない）,,
depthref_peg_bent_side_chastity_17,peg_bent_side_chastity_17,peg_bent_side_chastity,形が読めない,目,後ろからの寄りで顔が写らない（人物の範囲が付かない）,,
depthref_peg_bent_side_chastity_18,peg_bent_side_chastity_18,peg_bent_side_chastity,形が読めない,目,後ろからの寄りで顔が写らない（人物の範囲が付かない）,,
depthref_peg_bent_side_chastity_19,peg_bent_side_chastity_19,peg_bent_side_chastity,形が読めない,目,後ろからの寄りで顔が写らない（人物の範囲が付かない）,,
depthref_peg_bent_side_chastity_2,peg_bent_side_chastity_2,peg_bent_side_chastity,形が読めない,目,後ろからの寄りで顔が写らない（人物の範囲が付かない）,,
depthref_peg_bent_side_chastity_20,peg_bent_side_chastity_20,peg_bent_side_chastity,形が読めない,目,後ろからの寄りで顔が写らない（人物の範囲が付かない）,,
depthref_peg_bent_side_chastity_21,peg_bent_side_chastity_21,peg_bent_side_chastity,形が読めない,目,後ろからの寄りで顔が写らない（人物の範囲が付かない）,,
depthref_peg_bent_side_chastity_22,peg_bent_side_chastity_22,peg_bent_side_chastity,形が読めない,目,後ろからの寄りで顔が写らない（人物の範囲が付かない）,,
depthref_peg_bent_side_chastity_23,peg_bent_side_chastity_23,peg_bent_side_chastity,頭が横の端で切れている,計算,横の端にかかる割合 0.59,,
depthref_peg_bent_side_chastity_24,peg_bent_side_chastity_24,peg_bent_side_chastity,頭が横の端で切れている,計算,横の端にかかる割合 0.62,,
depthref_peg_bent_side_chastity_25,peg_bent_side_chastity_25,peg_bent_side_chastity,頭が横の端で切れている,計算,横の端にかかる割合 0.63,,
depthref_peg_bent_side_chastity_26,peg_bent_side_chastity_26,peg_bent_side_chastity,頭が横の端で切れている,計算,横の端にかかる割合 0.48,,
depthref_peg_bent_side_chastity_27,peg_bent_side_chastity_27,peg_bent_side_chastity,頭が横の端で切れている,計算,横の端にかかる割合 0.75,,
depthref_peg_bent_side_chastity_28,peg_bent_side_chastity_28,peg_bent_side_chastity,頭が横の端で切れている,計算,横の端にかかる割合 0.45,,
depthref_peg_bent_side_chastity_3,peg_bent_side_chastity_3,peg_bent_side_chastity,頭が横の端で切れている,計算,横の端にかかる割合 0.58,,
depthref_peg_bent_side_chastity_5,peg_bent_side_chastity_5,peg_bent_side_chastity,形が読めない,目,寄りすぎ・重なりで形が読みにくい,,
depthref_peg_bent_side_chastity_6,peg_bent_side_chastity_6,peg_bent_side_chastity,頭が横の端で切れている,計算,横の端にかかる割合 0.45,,
depthref_peg_bent_side_chastity_8,peg_bent_side_chastity_8,peg_bent_side_chastity,頭が横の端で切れている,計算,横の端にかかる割合 0.88,,
depthref_peg_bent_side_chastity_9,peg_bent_side_chastity_9,peg_bent_side_chastity,頭が横の端で切れている,計算,横の端にかかる割合 0.77,,
depthref_peg_desk_behind_b,peg_desk_behind_b,peg_desk_behind_b,形が読めない,目,,,
depthref_peg_desk_side_9,peg_desk_side_9,peg_desk_side,頭が横の端で切れている,計算,横の端にかかる割合 0.51,,
depthref_peg_doggy_10,peg_doggy_10,peg_doggy,翼・尻尾・触手など,目,周りに渦巻きの形,,
depthref_peg_doggy_2,peg_doggy_2,peg_doggy,頭が横の端で切れている,計算,横の端にかかる割合 0.30,,
depthref_peg_fours_front_2,peg_fours_front_2,peg_fours_front,翼・尻尾・触手など,目,翼・角・尻尾,,
depthref_peg_fours_side,peg_fours_side,peg_fours_side,頭が横の端で切れている,計算,横の端にかかる割合 0.69,,
depthref_peg_fours_side,peg_fours_side,peg_fours_side,形が読めない,目,寄りすぎ・重なりで形が読みにくい,,
depthref_peg_fours_side_2,peg_fours_side_2,peg_fours_side,頭が横の端で切れている,計算,横の端にかかる割合 0.31,,
depthref_peg_fours_side_3,peg_fours_side_3,peg_fours_side,頭が上の端で切れている,計算,上の端にかかる割合 0.32,,
depthref_peg_fours_side_3,peg_fours_side_3,peg_fours_side,頭が横の端で切れている,計算,横の端にかかる割合 0.46,,
depthref_peg_fours_side_3,peg_fours_side_3,peg_fours_side,1人だけ,目,相手しか写っていない（主人公がほとんど切れている）,,
depthref_peg_fours_side_8,peg_fours_side_8,peg_fours_side,頭が横の端で切れている,計算,横の端にかかる割合 0.40,,
depthref_peg_fours_side_9,peg_fours_side_9,peg_fours_side,頭が横の端で切れている,計算,横の端にかかる割合 0.32,,
depthref_peg_hang_side_bound,peg_hang_side_bound,peg_hang_side_bound,頭が横の端で切れている,計算,横の端にかかる割合 0.42,,
depthref_peg_hang_side_bound_2,peg_hang_side_bound_2,peg_hang_side_bound,頭が横の端で切れている,計算,横の端にかかる割合 0.53,,
depthref_peg_hang_side_bound_3,peg_hang_side_bound_3,peg_hang_side_bound,頭が横の端で切れている,計算,横の端にかかる割合 0.67,,
depthref_peg_hang_side_bound_4,peg_hang_side_bound_4,peg_hang_side_bound,頭が横の端で切れている,計算,横の端にかかる割合 0.58,,
depthref_peg_hang_side_bound_b,peg_hang_side_bound_b,peg_hang_side_bound_b,頭が横の端で切れている,計算,横の端にかかる割合 0.48,,
depthref_peg_hang_side_bound_b_2,peg_hang_side_bound_b_2,peg_hang_side_bound_b,頭が横の端で切れている,計算,横の端にかかる割合 0.44,,
depthref_peg_hang_side_bound_b_3,peg_hang_side_bound_b_3,peg_hang_side_bound_b,頭が横の端で切れている,計算,横の端にかかる割合 0.40,,
depthref_peg_hang_side_bound_b_4,peg_hang_side_bound_b_4,peg_hang_side_bound_b,頭が横の端で切れている,計算,横の端にかかる割合 0.62,,
depthref_peg_kneel_behind_hj_nipple,peg_kneel_behind_hj_nipple,peg_kneel_behind_hj_nipple,頭が上の端で切れている,計算,上の端にかかる割合 0.38（外した下書き）,,
depthref_peg_lie_above_back_2,peg_lie_above_back_2,peg_lie_above_back,頭が横の端で切れている,計算,横の端にかかる割合 0.33,,
depthref_peg_lie_side_12,peg_lie_side_12,peg_lie_side,頭が横の端で切れている,計算,横の端にかかる割合 0.47,,
depthref_peg_lie_side_3,peg_lie_side_3,peg_lie_side,頭が横の端で切れている,計算,横の端にかかる割合 0.53,,
depthref_peg_lie_side_6,peg_lie_side_6,peg_lie_side,頭が上の端で切れている,計算,上の端にかかる割合 0.35,,
depthref_peg_lie_side_back_nipple,peg_lie_side_back_nipple,peg_lie_side_back_nipple,小物や線が残っている,目,右上に細い線,,
depthref_peg_lie_side_back_nipple_2,peg_lie_side_back_nipple_2,peg_lie_side_back_nipple,形が読めない,目,寄りすぎ・重なりで形が読みにくい,,
depthref_peg_pov,peg_pov,peg_pov,形が読めない,目,,,
depthref_peg_prone_behind_eyes_cover,peg_prone_behind_eyes_cover,peg_prone_behind_eyes_cover,形が読めない,目,,,
depthref_peg_prone_side_back,peg_prone_side_back,peg_prone_side_back,頭が横の端で切れている,計算,横の端にかかる割合 0.35,,
depthref_peg_prone_side_back_10,peg_prone_side_back_10,peg_prone_side_back,頭が横の端で切れている,計算,横の端にかかる割合 0.38,,
depthref_peg_prone_side_back_11,peg_prone_side_back_11,peg_prone_side_back,頭が横の端で切れている,計算,横の端にかかる割合 0.40,,
depthref_peg_prone_side_back_12,peg_prone_side_back_12,peg_prone_side_back,頭が横の端で切れている,計算,横の端にかかる割合 0.57,,
depthref_peg_prone_side_back_13,peg_prone_side_back_13,peg_prone_side_back,頭が上の端で切れている,計算,上の端にかかる割合 0.37,,
depthref_peg_prone_side_back_13,peg_prone_side_back_13,peg_prone_side_back,頭が横の端で切れている,計算,横の端にかかる割合 0.38,,
depthref_peg_prone_side_back_2,peg_prone_side_back_2,peg_prone_side_back,頭が横の端で切れている,計算,横の端にかかる割合 0.40,,
depthref_peg_prone_side_back_3,peg_prone_side_back_3,peg_prone_side_back,頭が横の端で切れている,計算,横の端にかかる割合 0.32,,
depthref_peg_prone_side_back_4,peg_prone_side_back_4,peg_prone_side_back,頭が横の端で切れている,計算,横の端にかかる割合 0.48,,
depthref_peg_prone_side_back_5,peg_prone_side_back_5,peg_prone_side_back,頭が横の端で切れている,計算,横の端にかかる割合 0.32,,
depthref_peg_prone_side_back_6,peg_prone_side_back_6,peg_prone_side_back,頭が横の端で切れている,計算,横の端にかかる割合 0.56,,
depthref_peg_prone_side_back_7,peg_prone_side_back_7,peg_prone_side_back,頭が横の端で切れている,計算,横の端にかかる割合 0.62,,
depthref_peg_prone_side_back_9,peg_prone_side_back_9,peg_prone_side_back,頭が横の端で切れている,計算,横の端にかかる割合 0.62,,
depthref_peg_prone_side_on_b,peg_prone_side_on_b,peg_prone_side_on_b,頭が横の端で切れている,計算,横の端にかかる割合 0.33,,
depthref_peg_spoon_hj_2,peg_spoon_hj_2,peg_spoon_hj,頭が横の端で切れている,計算,横の端にかかる割合 0.41,,
depthref_peg_spoon_hj_3,peg_spoon_hj_3,peg_spoon_hj,小物や線が残っている,目,細い線（外した下書き）,,
depthref_peg_stand_behind_b,peg_stand_behind_b,peg_stand_behind_b,翼・尻尾・触手など,目,角,,
depthref_peg_stand_behind_b_2,peg_stand_behind_b_2,peg_stand_behind_b,翼・尻尾・触手など,目,尻尾か紐,,
depthref_peg_stand_side_back,peg_stand_side_back,peg_stand_side_back,頭が横の端で切れている,計算,横の端にかかる割合 0.75,,
depthref_peg_wall_behind_b,peg_wall_behind_b,peg_wall_behind_b,黒い余白が残っている,計算,元絵の黒い帯 5%,,
depthref_peg_wall_behind_b,peg_wall_behind_b,peg_wall_behind_b,翼・尻尾・触手など,目,角,,
depthref_pov_chest_press,pov_chest_press,pov_chest_press,頭が上の端で切れている,計算,上の端にかかる割合 0.39（寄り・目線の構図では起きやすい）（外した下書き）,,
depthref_pov_chest_press_2,pov_chest_press_2,pov_chest_press,小物や線が残っている,目,眼鏡かリボン（外した下書き）,,
depthref_pov_chest_press_4,pov_chest_press_4,pov_chest_press,頭が上の端で切れている,計算,上の端にかかる割合 0.47（寄り・目線の構図では起きやすい）,,
depthref_pov_chest_press_5,pov_chest_press_5,pov_chest_press,頭が上の端で切れている,計算,上の端にかかる割合 0.33（寄り・目線の構図では起きやすい）（外した下書き）,,
depthref_pov_footjob_10,pov_footjob_10,pov_footjob,翼・尻尾・触手など,目,翼か角（形も読みにくい）,,尻尾・角
depthref_pov_footjob_7,pov_footjob_7,pov_footjob,1人だけ,目,翼あり,問題なし,翼
depthref_pov_loom_3,pov_loom_3,pov_loom,翼・尻尾・触手など,目,触手,,
depthref_pov_loom_4,pov_loom_4,pov_loom,翼・尻尾・触手など,目,触手,,
depthref_pov_loom_5,pov_loom_5,pov_loom,頭が上の端で切れている,計算,上の端にかかる割合 0.36,,
depthref_pov_loom_5,pov_loom_5,pov_loom,形が読めない,目,,,
depthref_pov_multi_front,pov_multi_front,pov_multi_front,形が読めない,目,相手が複数で重なる,,
depthref_pov_multi_front_2,pov_multi_front_2,pov_multi_front,形が読めない,目,相手が複数で重なる,,
depthref_pov_multi_front_5,pov_multi_front_5,pov_multi_front,頭が上の端で切れている,計算,上の端にかかる割合 0.46,,
depthref_pov_multi_front_5,pov_multi_front_5,pov_multi_front,頭が横の端で切れている,計算,横の端にかかる割合 0.59,,
depthref_pov_multi_front_6,pov_multi_front_6,pov_multi_front,小物や線が残っている,目,,,
depthref_pov_multi_low,pov_multi_low,pov_multi_low,形が読めない,目,相手が複数で重なる,,
depthref_pov_multi_low_4,pov_multi_low_4,pov_multi_low,形が読めない,目,相手が複数で重なる,,
depthref_pov_multi_low_7,pov_multi_low_7,pov_multi_low,形が読めない,目,相手が複数で重なる,,
depthref_pov_multi_low_9,pov_multi_low_9,pov_multi_low,形が読めない,目,相手が複数で重なる,,
depthref_pov_paizuri_10,pov_paizuri_10,pov_paizuri,翼・尻尾・触手など,目,角か尻尾,,
depthref_pov_paizuri_11,pov_paizuri_11,pov_paizuri,頭が上の端で切れている,計算,上の端にかかる割合 0.44（寄り・目線の構図では起きやすい）,,
depthref_pov_paizuri_14,pov_paizuri_14,pov_paizuri,頭が上の端で切れている,計算,上の端にかかる割合 0.34（寄り・目線の構図では起きやすい）,,
depthref_pov_paizuri_15,pov_paizuri_15,pov_paizuri,頭が上の端で切れている,計算,上の端にかかる割合 0.38（寄り・目線の構図では起きやすい）,,
depthref_pov_paizuri_16,pov_paizuri_16,pov_paizuri,頭が上の端で切れている,計算,上の端にかかる割合 0.49（寄り・目線の構図では起きやすい）,,
depthref_pov_paizuri_18,pov_paizuri_18,pov_paizuri,頭が上の端で切れている,計算,上の端にかかる割合 0.44（寄り・目線の構図では起きやすい）,,
depthref_pov_paizuri_18,pov_paizuri_18,pov_paizuri,頭が横の端で切れている,計算,横の端にかかる割合 0.35（寄り・目線の構図では起きやすい）,,
depthref_pov_paizuri_19,pov_paizuri_19,pov_paizuri,翼・尻尾・触手など,目,翼か羽,,
depthref_pov_paizuri_20,pov_paizuri_20,pov_paizuri,頭が横の端で切れている,計算,横の端にかかる割合 0.34（寄り・目線の構図では起きやすい）,,
depthref_pov_paizuri_20,pov_paizuri_20,pov_paizuri,形が読めない,目,,,
depthref_pov_paizuri_21,pov_paizuri_21,pov_paizuri,頭が上の端で切れている,計算,上の端にかかる割合 0.44（寄り・目線の構図では起きやすい）,,
depthref_pov_paizuri_22,pov_paizuri_22,pov_paizuri,頭が上の端で切れている,計算,上の端にかかる割合 0.37（寄り・目線の構図では起きやすい）,,
depthref_pov_paizuri_24,pov_paizuri_24,pov_paizuri,翼・尻尾・触手など,目,帽子・翼,,
depthref_pov_paizuri_25,pov_paizuri_25,pov_paizuri,翼・尻尾・触手など,目,後ろに羽のような形,,
depthref_pov_paizuri_26,pov_paizuri_26,pov_paizuri,翼・尻尾・触手など,目,後ろに羽のような形,,
depthref_pov_paizuri_6,pov_paizuri_6,pov_paizuri,翼・尻尾・触手など,目,角か長い耳,,
depthref_pov_paizuri_7,pov_paizuri_7,pov_paizuri,頭が上の端で切れている,計算,上の端にかかる割合 0.51（寄り・目線の構図では起きやすい）（外した下書き）,,
depthref_pov_paizuri_8,pov_paizuri_8,pov_paizuri,頭が上の端で切れている,計算,上の端にかかる割合 0.53（寄り・目線の構図では起きやすい）,,
depthref_pov_paizuri_8,pov_paizuri_8,pov_paizuri,形が読めない,目,,,
depthref_pov_paizuri_9,pov_paizuri_9,pov_paizuri,頭が上の端で切れている,計算,上の端にかかる割合 0.35（寄り・目線の構図では起きやすい）,,
depthref_prone_reverse_sit,prone_reverse_sit,prone_reverse_sit,形が読めない,目,,,
depthref_rah,rah,rah,小物や線が残っている,目,鞭の線,,
depthref_rah_2,rah_2,rah,小物や線が残っている,目,鞭の線（外した下書き）,,
depthref_rah_3,rah_3,rah,小物や線が残っている,目,鞭の線,,
depthref_rah_behind_2,rah_behind_2,rah_behind,小物や線が残っている,目,鞭の線,,
depthref_rah_behind_4,rah_behind_4,rah_behind,小物や線が残っている,目,鞭の線（外した下書き）,,
depthref_rah_lying_5,rah_lying_5,rah_lying,小物や線が残っている,目,鞭の線（外した下書き）,,
depthref_reverse_straddle_lookback_2,reverse_straddle_lookback_2,reverse_straddle_lookback,翼・尻尾・触手など,目,角（外した下書き）,,
depthref_reverse_straddle_lookback_3,reverse_straddle_lookback_3,reverse_straddle_lookback,形が読めない,目,（外した下書き）,,
depthref_reverse_straddle_pov,reverse_straddle_pov,reverse_straddle_pov,形が読めない,目,（外した下書き）,,
depthref_reverse_straddle_side,reverse_straddle_side,reverse_straddle_side,小物や線が残っている,目,輪のような小物,,
depthref_rimjob_fours_behind_over_hj_2,rimjob_fours_behind_over_hj_2,rimjob_fours_behind_over_hj,頭が横の端で切れている,計算,横の端にかかる割合 0.41,,
depthref_rimjob_fours_side,rimjob_fours_side,rimjob_fours_side,形が読めない,目,寄りすぎ・重なりで形が読みにくい,,
depthref_rimjob_fours_side_10,rimjob_fours_side_10,rimjob_fours_side,形が読めない,目,寄りすぎ・重なりで形が読みにくい,,
depthref_rimjob_fours_side_11,rimjob_fours_side_11,rimjob_fours_side,頭が横の端で切れている,計算,横の端にかかる割合 0.61,,
depthref_rimjob_fours_side_12,rimjob_fours_side_12,rimjob_fours_side,頭が上の端で切れている,計算,上の端にかかる割合 0.41,,
depthref_rimjob_fours_side_13,rimjob_fours_side_13,rimjob_fours_side,頭が上の端で切れている,計算,上の端にかかる割合 0.37,,
depthref_rimjob_fours_side_15,rimjob_fours_side_15,rimjob_fours_side,頭が横の端で切れている,計算,横の端にかかる割合 0.43,,
depthref_rimjob_fours_side_16,rimjob_fours_side_16,rimjob_fours_side,頭が上の端で切れている,計算,上の端にかかる割合 0.37,,
depthref_rimjob_fours_side_16,rimjob_fours_side_16,rimjob_fours_side,頭が横の端で切れている,計算,横の端にかかる割合 0.51,,
depthref_rimjob_fours_side_16,rimjob_fours_side_16,rimjob_fours_side,形が読めない,目,寄りすぎ・重なりで形が読みにくい,,
depthref_rimjob_fours_side_3,rimjob_fours_side_3,rimjob_fours_side,頭が横の端で切れている,計算,横の端にかかる割合 0.36,,
depthref_rimjob_fours_side_3,rimjob_fours_side_3,rimjob_fours_side,形が読めない,目,寄りすぎ・重なりで形が読みにくい,,
depthref_rimjob_fours_side_4,rimjob_fours_side_4,rimjob_fours_side,頭が横の端で切れている,計算,横の端にかかる割合 0.66,,
depthref_rimjob_fours_side_4,rimjob_fours_side_4,rimjob_fours_side,形が読めない,目,寄りすぎ・重なりで形が読みにくい,,
depthref_rimjob_fours_side_5,rimjob_fours_side_5,rimjob_fours_side,頭が上の端で切れている,計算,上の端にかかる割合 0.57,,
depthref_rimjob_fours_side_5,rimjob_fours_side_5,rimjob_fours_side,形が読めない,目,寄りすぎ・重なりで形が読みにくい,,
depthref_rimjob_fours_side_6,rimjob_fours_side_6,rimjob_fours_side,形が読めない,目,寄りすぎ・重なりで形が読みにくい,,
depthref_rimjob_fours_side_8,rimjob_fours_side_8,rimjob_fours_side,頭が横の端で切れている,計算,横の端にかかる割合 0.48,,
depthref_rimjob_fours_side_8,rimjob_fours_side_8,rimjob_fours_side,形が読めない,目,寄りすぎ・重なりで形が読みにくい,,
depthref_rimjob_lying_side,rimjob_lying_side,rimjob_lying_side,形が読めない,目,,,
depthref_rimjob_sit_behind_between,rimjob_sit_behind_between,rimjob_sit_behind_between,形が読めない,目,形が読みにくい,,
depthref_rimjob_standing_side,rimjob_standing_side,rimjob_standing_side,形が読めない,目,,,
depthref_rusty_fours_behind_hj,rusty_fours_behind_hj,rusty_fours_behind_hj,小物や線が残っている,目,帽子,,
depthref_rusty_stand_above,rusty_stand_above,rusty_stand_above,頭が上の端で切れている,計算,上の端にかかる割合 0.43,,
depthref_rusty_stand_above,rusty_stand_above,rusty_stand_above,小物や線が残っている,目,リボンのような形,,
depthref_side_allfours_milking_2,side_allfours_milking_2,side_allfours_milking,小物や線が残っている,目,管のような線（外した下書き）,,
depthref_side_fours_lick_2,side_fours_lick_2,side_fours_lick,形が読めない,目,,,
depthref_smother_chest_front_2,smother_chest_front_2,smother_chest_front,頭が上の端で切れている,計算,上の端にかかる割合 0.40,,
depthref_smother_lie_front,smother_lie_front,smother_lie_front,頭が上の端で切れている,計算,上の端にかかる割合 0.57,,
depthref_smother_lie_side_back,smother_lie_side_back,smother_lie_side_back,頭が上の端で切れている,計算,上の端にかかる割合 0.47,,
depthref_smother_lie_side_beside,smother_lie_side_beside,smother_lie_side_beside,頭が上の端で切れている,計算,上の端にかかる割合 0.51,,
depthref_smother_lie_side_beside,smother_lie_side_beside,smother_lie_side_beside,頭が横の端で切れている,計算,横の端にかかる割合 0.40,,
depthref_stand_chest_side,stand_chest_side,stand_chest_side,頭が上の端で切れている,計算,上の端にかかる割合 0.59,,
depthref_stand_chest_side,stand_chest_side,stand_chest_side,形が読めない,目,,,
depthref_stand_chest_side_2,stand_chest_side_2,stand_chest_side,形が読めない,目,,,
depthref_stand_embrace_side_finger,stand_embrace_side_finger,stand_embrace_side_finger,翼・尻尾・触手など,目,翼,,
depthref_step_6,step_6,step,形が読めない,目,,,
depthref_step_7,step_7,step,形が読めない,目,,,
depthref_step_8,step_8,step,翼・尻尾・触手など,目,翼,,
depthref_straddle_lie_pov,straddle_lie_pov,straddle_lie_pov,頭が横の端で切れている,計算,横の端にかかる割合 0.50,,
depthref_straddle_lie_pov,straddle_lie_pov,straddle_lie_pov,形が読めない,目,寄りすぎ・重なりで形が読みにくい,,
depthref_straddle_lie_pov_5,straddle_lie_pov_5,straddle_lie_pov,頭が横の端で切れている,計算,横の端にかかる割合 0.51,,
depthref_straddle_lie_pov_tentacle,straddle_lie_pov_tentacle,straddle_lie_pov_tentacle,形が読めない,目,ぼやけて読めない（触手）,,
depthref_straddle_pin_side,straddle_pin_side,straddle_pin_side,形が読めない,目,,,
depthref_straddle_pov_handhold,straddle_pov_handhold,straddle_pov_handhold,頭が上の端で切れている,計算,上の端にかかる割合 0.55（寄り・目線の構図では起きやすい）,,
depthref_straddle_pov_lean,straddle_pov_lean,straddle_pov_lean,翼・尻尾・触手など,目,翼（外した下書き）,,
depthref_straddle_pov_lean_2,straddle_pov_lean_2,straddle_pov_lean,翼・尻尾・触手など,目,翼（外した下書き）,,
depthref_straddle_pov_lean_3,straddle_pov_lean_3,straddle_pov_lean,形が読めない,目,,,
depthref_straddle_pov_lean_4,straddle_pov_lean_4,straddle_pov_lean,翼・尻尾・触手など,目,翼（外した下書き）,,
depthref_straddle_pov_lean_5,straddle_pov_lean_5,straddle_pov_lean,頭が上の端で切れている,計算,上の端にかかる割合 0.32（寄り・目線の構図では起きやすい）,,
depthref_straddle_pov_lean_5,straddle_pov_lean_5,straddle_pov_lean,形が読めない,目,,,
depthref_straddle_pov_upright,straddle_pov_upright,straddle_pov_upright,翼・尻尾・触手など,目,翼（外した下書き）,,
depthref_straddle_pov_upright_10,straddle_pov_upright_10,straddle_pov_upright,翼・尻尾・触手など,目,翼（外した下書き）,,
depthref_straddle_pov_upright_13,straddle_pov_upright_13,straddle_pov_upright,形が読めない,目,（外した下書き）,,
depthref_straddle_pov_upright_14,straddle_pov_upright_14,straddle_pov_upright,翼・尻尾・触手など,目,翼（外した下書き）,,
depthref_straddle_pov_upright_15,straddle_pov_upright_15,straddle_pov_upright,翼・尻尾・触手など,目,触手か尻尾（外した下書き）,,
depthref_straddle_pov_upright_16,straddle_pov_upright_16,straddle_pov_upright,形が読めない,目,（外した下書き）,,
depthref_straddle_pov_upright_17,straddle_pov_upright_17,straddle_pov_upright,翼・尻尾・触手など,目,翼（外した下書き）,,
depthref_straddle_pov_upright_18,straddle_pov_upright_18,straddle_pov_upright,形が読めない,目,（外した下書き）,,
depthref_straddle_pov_upright_19,straddle_pov_upright_19,straddle_pov_upright,形が読めない,目,（外した下書き）,,
depthref_straddle_pov_upright_20,straddle_pov_upright_20,straddle_pov_upright,翼・尻尾・触手など,目,多い腕（外した下書き）,,
depthref_straddle_pov_upright_22,straddle_pov_upright_22,straddle_pov_upright,形が読めない,目,（外した下書き）,,
depthref_straddle_pov_upright_25,straddle_pov_upright_25,straddle_pov_upright,翼・尻尾・触手など,目,翼（外した下書き）,,
depthref_straddle_pov_upright_26,straddle_pov_upright_26,straddle_pov_upright,形が読めない,目,（外した下書き）,,
depthref_straddle_pov_upright_28,straddle_pov_upright_28,straddle_pov_upright,翼・尻尾・触手など,目,翼（外した下書き）,,
depthref_straddle_pov_upright_29,straddle_pov_upright_29,straddle_pov_upright,頭が上の端で切れている,計算,上の端にかかる割合 0.44（寄り・目線の構図では起きやすい）（外した下書き）,,
depthref_straddle_pov_upright_30,straddle_pov_upright_30,straddle_pov_upright,小物や線が残っている,目,花のような小物（外した下書き）,,
depthref_straddle_pov_upright_33,straddle_pov_upright_33,straddle_pov_upright,翼・尻尾・触手など,目,翼（外した下書き）,,
depthref_straddle_pov_upright_34,straddle_pov_upright_34,straddle_pov_upright,翼・尻尾・触手など,目,翼（外した下書き）,,
depthref_straddle_pov_upright_35,straddle_pov_upright_35,straddle_pov_upright,頭が上の端で切れている,計算,上の端にかかる割合 0.49（寄り・目線の構図では起きやすい）,,
depthref_straddle_pov_upright_36,straddle_pov_upright_36,straddle_pov_upright,形が読めない,目,（外した下書き）,,
depthref_straddle_pov_upright_37,straddle_pov_upright_37,straddle_pov_upright,形が読めない,目,（外した下書き）,,
depthref_straddle_pov_upright_38,straddle_pov_upright_38,straddle_pov_upright,頭が上の端で切れている,計算,上の端にかかる割合 0.32（寄り・目線の構図では起きやすい）（外した下書き）,,
depthref_straddle_pov_upright_38,straddle_pov_upright_38,straddle_pov_upright,翼・尻尾・触手など,目,翼（外した下書き）,,
depthref_straddle_pov_upright_4,straddle_pov_upright_4,straddle_pov_upright,翼・尻尾・触手など,目,翼（外した下書き）,,
depthref_straddle_pov_upright_5,straddle_pov_upright_5,straddle_pov_upright,翼・尻尾・触手など,目,翼（外した下書き）,,
depthref_straddle_pov_upright_6,straddle_pov_upright_6,straddle_pov_upright,形が読めない,目,,,
depthref_straddle_pov_upright_7,straddle_pov_upright_7,straddle_pov_upright,形が読めない,目,（外した下書き）,,
depthref_straddle_pov_upright_8,straddle_pov_upright_8,straddle_pov_upright,翼・尻尾・触手など,目,触手か尻尾（外した下書き）,,
depthref_succubus_tail,succubus_tail,succubus_tail,翼・尻尾・触手など,目,尻尾・角,,
depthref_succubus_tail_2,succubus_tail_2,succubus_tail,翼・尻尾・触手など,目,尻尾・角,,
depthref_succubus_tail_3,succubus_tail_3,succubus_tail,翼・尻尾・触手など,目,尻尾・角,,
depthref_suspension_hj_7,suspension_hj_7,suspension_hj,長い直線が残っている,計算,まっすぐな段差が画面の 86%（窓枠・柱など）,,
depthref_suspension_peg_7,suspension_peg_7,suspension_peg,形が読めない,目,,,
depthref_tentacle_fours_behind_finger,tentacle_fours_behind_finger,tentacle_fours_behind_finger,翼・尻尾・触手など,目,触手（構図の技どおり。触手の相手にだけ当てる）,,
depthref_tentacle_fours_behind_on_peg,tentacle_fours_behind_on_peg,tentacle_fours_behind_on_peg,翼・尻尾・触手など,目,触手（構図の技どおり。触手の相手にだけ当てる）,,
depthref_tentacle_hang_front_finger,tentacle_hang_front_finger,tentacle_hang_front_finger,翼・尻尾・触手など,目,触手（構図の技どおり。触手の相手にだけ当てる）,,
depthref_tentacle_legs_watch,tentacle_legs_watch,tentacle_legs_watch,翼・尻尾・触手など,目,触手,,
depthref_tentacle_lie_pov_straddle,tentacle_lie_pov_straddle,tentacle_lie_pov_straddle,翼・尻尾・触手など,目,触手（構図の技どおり。触手の相手にだけ当てる）,,
depthref_thigh,thigh,thigh,小物や線が残っている,目,鞭の線,,
depthref_thigh_2,thigh_2,thigh,小物や線が残っている,目,鞭の線,,
depthref_thigh_3,thigh_3,thigh,小物や線が残っている,目,鞭の線,,
depthref_thigh_4,thigh_4,thigh,小物や線が残っている,目,鞭の線,,
depthref_thigh_5,thigh_5,thigh,小物や線が残っている,目,鞭の線,,
depthref_thigh_lie_pov_on_4,thigh_lie_pov_on_4,thigh_lie_pov_on,翼・尻尾・触手など,目,角,,
depthref_thigh_ontop_6,thigh_ontop_6,thigh_ontop,翼・尻尾・触手など,目,後ろに羽・尻尾のような形,,
depthref_thigh_ontop_7,thigh_ontop_7,thigh_ontop,翼・尻尾・触手など,目,後ろに羽・尻尾のような形,,
depthref_thigh_ontop_8,thigh_ontop_8,thigh_ontop,翼・尻尾・触手など,目,後ろに尻尾のような形,,
depthref_thigh_standing_6,thigh_standing_6,thigh_standing,形が読めない,目,,,
depthref_two_kiss_bent_low_sandwich_finger,two_kiss_bent_low_sandwich_finger,two_kiss_bent_low_sandwich_finger,形が読めない,目,3人が重なって読みにくい,,
depthref_two_low_close,two_low_close,two_low_close,形が読めない,目,,,
depthref_two_lying_above,two_lying_above,two_lying_above,頭が横の端で切れている,計算,横の端にかかる割合 0.65,,
depthref_two_nipple_sit_side_sandwich_whisper,two_nipple_sit_side_sandwich_whisper,two_nipple_sit_side_sandwich_whisper,頭が横の端で切れている,計算,横の端にかかる割合 0.48,,
depthref_two_nipple_sit_side_sandwich_whisper_b,two_nipple_sit_side_sandwich_whisper_b,two_nipple_sit_side_sandwich_whisper_b,小物や線が残っている,目,縄・吊りの線,,
depthref_two_nipple_sit_side_sandwich_whisper_b_10,two_nipple_sit_side_sandwich_whisper_b_10,two_nipple_sit_side_sandwich_whisper_b,翼・尻尾・触手など,目,尻尾のような形,,
depthref_two_nipple_sit_side_sandwich_whisper_b_10,two_nipple_sit_side_sandwich_whisper_b_10,two_nipple_sit_side_sandwich_whisper_b,形が読めない,目,主人公が相手よりかなり小さく見える（幼く見えないか確認撮影で確かめる）,,
depthref_two_nipple_sit_side_sandwich_whisper_b_11,two_nipple_sit_side_sandwich_whisper_b_11,two_nipple_sit_side_sandwich_whisper_b,形が読めない,目,主人公が相手よりかなり小さく見える（幼く見えないか確認撮影で確かめる）,,
depthref_two_nipple_sit_side_sandwich_whisper_b_12,two_nipple_sit_side_sandwich_whisper_b_12,two_nipple_sit_side_sandwich_whisper_b,頭が横の端で切れている,計算,横の端にかかる割合 0.33,,
depthref_two_nipple_sit_side_sandwich_whisper_b_12,two_nipple_sit_side_sandwich_whisper_b_12,two_nipple_sit_side_sandwich_whisper_b,小物や線が残っている,目,縄・吊りの線,,
depthref_two_nipple_sit_side_sandwich_whisper_b_12,two_nipple_sit_side_sandwich_whisper_b_12,two_nipple_sit_side_sandwich_whisper_b,形が読めない,目,主人公が相手よりかなり小さく見える（幼く見えないか確認撮影で確かめる）,,
depthref_two_nipple_sit_side_sandwich_whisper_b_13,two_nipple_sit_side_sandwich_whisper_b_13,two_nipple_sit_side_sandwich_whisper_b,形が読めない,目,主人公が相手よりかなり小さく見える（幼く見えないか確認撮影で確かめる）,,
depthref_two_nipple_sit_side_sandwich_whisper_b_14,two_nipple_sit_side_sandwich_whisper_b_14,two_nipple_sit_side_sandwich_whisper_b,小物や線が残っている,目,縄・吊りの線,,
depthref_two_nipple_sit_side_sandwich_whisper_b_14,two_nipple_sit_side_sandwich_whisper_b_14,two_nipple_sit_side_sandwich_whisper_b,形が読めない,目,主人公が相手よりかなり小さく見える（幼く見えないか確認撮影で確かめる）,,
depthref_two_nipple_sit_side_sandwich_whisper_b_15,two_nipple_sit_side_sandwich_whisper_b_15,two_nipple_sit_side_sandwich_whisper_b,小物や線が残っている,目,縄・吊りの線,,
depthref_two_nipple_sit_side_sandwich_whisper_b_15,two_nipple_sit_side_sandwich_whisper_b_15,two_nipple_sit_side_sandwich_whisper_b,形が読めない,目,主人公が相手よりかなり小さく見える（幼く見えないか確認撮影で確かめる）,,
depthref_two_nipple_sit_side_sandwich_whisper_b_16,two_nipple_sit_side_sandwich_whisper_b_16,two_nipple_sit_side_sandwich_whisper_b,形が読めない,目,主人公が相手よりかなり小さく見える（幼く見えないか確認撮影で確かめる）,,
depthref_two_nipple_sit_side_sandwich_whisper_b_17,two_nipple_sit_side_sandwich_whisper_b_17,two_nipple_sit_side_sandwich_whisper_b,翼・尻尾・触手など,目,尻尾のような形,,
depthref_two_nipple_sit_side_sandwich_whisper_b_17,two_nipple_sit_side_sandwich_whisper_b_17,two_nipple_sit_side_sandwich_whisper_b,形が読めない,目,主人公が相手よりかなり小さく見える（幼く見えないか確認撮影で確かめる）,,
depthref_two_nipple_sit_side_sandwich_whisper_b_2,two_nipple_sit_side_sandwich_whisper_b_2,two_nipple_sit_side_sandwich_whisper_b,頭が横の端で切れている,計算,横の端にかかる割合 0.36,,
depthref_two_nipple_sit_side_sandwich_whisper_b_2,two_nipple_sit_side_sandwich_whisper_b_2,two_nipple_sit_side_sandwich_whisper_b,形が読めない,目,主人公が相手よりかなり小さく見える（幼く見えないか確認撮影で確かめる）,,
depthref_two_nipple_sit_side_sandwich_whisper_b_4,two_nipple_sit_side_sandwich_whisper_b_4,two_nipple_sit_side_sandwich_whisper_b,形が読めない,目,主人公が相手よりかなり小さく見える（幼く見えないか確認撮影で確かめる）,,
depthref_two_nipple_sit_side_sandwich_whisper_b_5,two_nipple_sit_side_sandwich_whisper_b_5,two_nipple_sit_side_sandwich_whisper_b,翼・尻尾・触手など,目,角,,
depthref_two_nipple_sit_side_sandwich_whisper_b_5,two_nipple_sit_side_sandwich_whisper_b_5,two_nipple_sit_side_sandwich_whisper_b,形が読めない,目,主人公が相手よりかなり小さく見える（幼く見えないか確認撮影で確かめる）,,
depthref_two_nipple_sit_side_sandwich_whisper_b_6,two_nipple_sit_side_sandwich_whisper_b_6,two_nipple_sit_side_sandwich_whisper_b,小物や線が残っている,目,縄・吊りの線,,
depthref_two_nipple_sit_side_sandwich_whisper_b_6,two_nipple_sit_side_sandwich_whisper_b_6,two_nipple_sit_side_sandwich_whisper_b,形が読めない,目,主人公が相手よりかなり小さく見える（幼く見えないか確認撮影で確かめる）,,
depthref_two_nipple_sit_side_sandwich_whisper_b_7,two_nipple_sit_side_sandwich_whisper_b_7,two_nipple_sit_side_sandwich_whisper_b,頭が横の端で切れている,計算,横の端にかかる割合 0.31,,
depthref_two_nipple_sit_side_sandwich_whisper_b_7,two_nipple_sit_side_sandwich_whisper_b_7,two_nipple_sit_side_sandwich_whisper_b,形が読めない,目,主人公が相手よりかなり小さく見える（幼く見えないか確認撮影で確かめる）,,
depthref_two_nipple_sit_side_sandwich_whisper_b_8,two_nipple_sit_side_sandwich_whisper_b_8,two_nipple_sit_side_sandwich_whisper_b,翼・尻尾・触手など,目,尻尾のような形,,
depthref_two_nipple_sit_side_sandwich_whisper_b_8,two_nipple_sit_side_sandwich_whisper_b_8,two_nipple_sit_side_sandwich_whisper_b,形が読めない,目,主人公が相手よりかなり小さく見える（幼く見えないか確認撮影で確かめる）,,
depthref_two_nipple_sit_side_sandwich_whisper_b_9,two_nipple_sit_side_sandwich_whisper_b_9,two_nipple_sit_side_sandwich_whisper_b,翼・尻尾・触手など,目,尻尾のような形,,
depthref_two_nipple_sit_side_sandwich_whisper_b_9,two_nipple_sit_side_sandwich_whisper_b_9,two_nipple_sit_side_sandwich_whisper_b,形が読めない,目,主人公が相手よりかなり小さく見える（幼く見えないか確認撮影で確かめる）,,
depthref_two_nipple_stand_front_sandwich_kiss,two_nipple_stand_front_sandwich_kiss,two_nipple_stand_front_sandwich_kiss,頭が横の端で切れている,計算,横の端にかかる割合 0.39,,
depthref_two_peg_fours_side_sandwich_peg,two_peg_fours_side_sandwich_peg,two_peg_fours_side_sandwich_peg,黒い余白が残っている,計算,元絵の黒い帯 2%,,
depthref_two_peg_fours_side_sides_peg,two_peg_fours_side_sides_peg,two_peg_fours_side_sides_peg,頭が横の端で切れている,計算,横の端にかかる割合 0.54,,
depthref_two_pov_lying,two_pov_lying,two_pov_lying,形が読めない,目,,,
depthref_two_seated_sides,two_seated_sides,two_seated_sides,頭が横の端で切れている,計算,横の端にかかる割合 0.90,,
depthref_two_seated_sides_2,two_seated_sides_2,two_seated_sides,頭が横の端で切れている,計算,横の端にかかる割合 0.36,,
depthref_two_whisper_sit,two_whisper_sit,two_whisper_sit,頭が上の端で切れている,計算,上の端にかかる割合 0.55,,
depthref_two_whisper_sit,two_whisper_sit,two_whisper_sit,頭が横の端で切れている,計算,横の端にかかる割合 0.98,,
depthref_two_whisper_sit_front_sides,two_whisper_sit_front_sides,two_whisper_sit_front_sides,頭が横の端で切れている,計算,横の端にかかる割合 0.99,,
depthref_two_whisper_sit_front_sides_2,two_whisper_sit_front_sides_2,two_whisper_sit_front_sides,頭が横の端で切れている,計算,横の端にかかる割合 0.82,,
depthref_urethra_pov_b,urethra_pov_b,urethra_pov_b,頭が横の端で切れている,計算,横の端にかかる割合 0.53（寄り・目線の構図では起きやすい）,,
depthref_urethra_pov_b_2,urethra_pov_b_2,urethra_pov_b,頭が上の端で切れている,計算,上の端にかかる割合 0.54（寄り・目線の構図では起きやすい）,,
depthref_urethra_pov_rod_4,urethra_pov_rod_4,urethra_pov_rod,頭が上の端で切れている,計算,上の端にかかる割合 0.36（寄り・目線の構図では起きやすい）,,
depthref_urethra_pov_rod_7,urethra_pov_rod_7,urethra_pov_rod,小物や線が残っている,目,吹き出しの形・数珠,,
depthref_urethra_side_rod,urethra_side_rod,urethra_side_rod,頭が上の端で切れている,計算,上の端にかかる割合 0.32（寄り・目線の構図では起きやすい）,,
depthref_urethra_side_rod,urethra_side_rod,urethra_side_rod,頭が横の端で切れている,計算,横の端にかかる割合 0.51（寄り・目線の構図では起きやすい）,,
depthref_urethra_stand_pov,urethra_stand_pov,urethra_stand_pov,頭が上の端で切れている,計算,上の端にかかる割合 0.33（寄り・目線の構図では起きやすい）,,
depthref_wall_standing_nipple,wall_standing_nipple,wall_standing_nipple,頭が上の端で切れている,計算,上の端にかかる割合 0.31（外した下書き）,,
depthref_wall_standing_nipple_4,wall_standing_nipple_4,wall_standing_nipple,頭が上の端で切れている,計算,上の端にかかる割合 0.44（外した下書き）,,
depthref_whisper_7,whisper_7,whisper,翼・尻尾・触手など,目,蜘蛛の脚,,
depthref_whisper_sit_front_back_nipple,whisper_sit_front_back_nipple,whisper_sit_front_back_nipple,頭が上の端で切れている,計算,上の端にかかる割合 0.36,,
depthref_whisper_sit_front_beside,whisper_sit_front_beside,whisper_sit_front_beside,頭が上の端で切れている,計算,上の端にかかる割合 0.63,,
depthref_whisper_sit_front_beside,whisper_sit_front_beside,whisper_sit_front_beside,頭が横の端で切れている,計算,横の端にかかる割合 1.00,,
depthref_whisper_sit_front_beside_2,whisper_sit_front_beside_2,whisper_sit_front_beside,頭が上の端で切れている,計算,上の端にかかる割合 0.51,,
depthref_whisper_sit_front_beside_2,whisper_sit_front_beside_2,whisper_sit_front_beside,頭が横の端で切れている,計算,横の端にかかる割合 0.74,,
depthref_whisper_sit_front_beside_2,whisper_sit_front_beside_2,whisper_sit_front_beside,1人だけ,目,横顔1つだけ（相手か主人公しか読めない）,,
depthref_whisper_sit_front_beside_3,whisper_sit_front_beside_3,whisper_sit_front_beside,頭が上の端で切れている,計算,上の端にかかる割合 0.47,,
depthref_whisper_sit_front_beside_3,whisper_sit_front_beside_3,whisper_sit_front_beside,頭が横の端で切れている,計算,横の端にかかる割合 0.70,,
depthref_whisper_sit_front_beside_3,whisper_sit_front_beside_3,whisper_sit_front_beside,1人だけ,目,横顔1つだけ（相手か主人公しか読めない）,,
depthref_whisper_sit_front_beside_4,whisper_sit_front_beside_4,whisper_sit_front_beside,頭が上の端で切れている,計算,上の端にかかる割合 0.67,,
depthref_whisper_sit_front_beside_4,whisper_sit_front_beside_4,whisper_sit_front_beside,頭が横の端で切れている,計算,横の端にかかる割合 1.00,,
depthref_whisper_sit_front_beside_5,whisper_sit_front_beside_5,whisper_sit_front_beside,頭が横の端で切れている,計算,横の端にかかる割合 1.00,,
depthref_whisper_sit_front_beside_6,whisper_sit_front_beside_6,whisper_sit_front_beside,頭が上の端で切れている,計算,上の端にかかる割合 0.45,,
depthref_whisper_sit_front_beside_6,whisper_sit_front_beside_6,whisper_sit_front_beside,頭が横の端で切れている,計算,横の端にかかる割合 1.00,,
depthref_whisper_sit_front_beside_7,whisper_sit_front_beside_7,whisper_sit_front_beside,頭が上の端で切れている,計算,上の端にかかる割合 0.53,,
depthref_whisper_sit_front_beside_7,whisper_sit_front_beside_7,whisper_sit_front_beside,頭が横の端で切れている,計算,横の端にかかる割合 1.00,,
depthref_whisper_sit_front_beside_8,whisper_sit_front_beside_8,whisper_sit_front_beside,頭が上の端で切れている,計算,上の端にかかる割合 0.50,,
depthref_whisper_sit_front_beside_8,whisper_sit_front_beside_8,whisper_sit_front_beside,頭が横の端で切れている,計算,横の端にかかる割合 1.00,,
depthref_whisper_sit_front_beside_9,whisper_sit_front_beside_9,whisper_sit_front_beside,頭が上の端で切れている,計算,上の端にかかる割合 0.65,,
depthref_whisper_sit_front_beside_9,whisper_sit_front_beside_9,whisper_sit_front_beside,頭が横の端で切れている,計算,横の端にかかる割合 1.00,,
depthref_xray,xray,xray,小物や線が残っている,目,断面図の枠,,
depthref_xray_5,xray_5,xray,小物や線が残っている,目,断面図の枠,,
depthref_xray_6,xray_6,xray,小物や線が残っている,目,断面図の枠,,
depthref_xray_7,xray_7,xray,小物や線が残っている,目,断面図の枠（外した下書き）,,
