構図名,人数,技,姿勢,視点,位置,同時の技,作り方,メモ
alt_ashikoki,,foot,,pov,,,機械,名前のほかの語：alt
alt_thigh_top,,thigh,,pov,on,,機械,名前のほかの語：alt
anilingus_pov_close,,rimjob,,pov,,,機械,
anilingus_pov_legs_up_hj,,rimjob,,pov,,hj,機械,名前のほかの語：legs・up
anilingus_side_fours_hj,,rimjob,fours,side,,hj,機械,
anilingus_stand_bent_squat,,rimjob,stand,side,,,機械,
arachne,,,,,,,機械,名前のほかの語：arachne
armpit,,armpit,,,,,機械,
armpit_face_lying_hj,,armpit,lie,front,,hj,機械,名前のほかの語：face
armpit_headlock_side_hj,,armpit,,side,,headlock,機械,
armpit_job_b,,armpit,,front,,job,機械,名前のほかの語：b
armpit_job_stand,,armpit,stand,front,,job,機械,
armpit_pov_front,,armpit,,pov,,,機械,
armpit_stand_front,,armpit,stand,front,,,採用画面,
behind_hug_bust,,hug,,behind,,chest,機械,
behind_hug_seated_b,,hug,sit,behind,,,機械,名前のほかの語：b
between_legs_sit_lying,,,sit,side,between,,機械,名前のほかの語：legs
bloodsuck_behind,,bloodsuck,,behind,,,機械,
bloodsuck_behind_b,,bloodsuck,fours,behind,,,機械,名前のほかの語：b
bloodsuck_p,,bloodsuck,,,,,機械,名前のほかの語：p
bondage_p,,bound,lie,,,,機械,名前のほかの語：p
bound_bed_above,,bound,lie,above,,,機械,名前のほかの語：bed
bound_chair_front,,bound,sit,front,,,機械,名前のほかの語：chair
bound_spread_eagle,,bound,lie,above,,,機械,名前のほかの語：spread・eagle
bound_spread_eagle_high,,bound,lie,above,,,機械,名前のほかの語：spread・eagle・high
bound_stand_front,,bound,stand,front,,,採用画面,
bound_stand_leg_up_peg,,bound,stand,front,,peg,機械,名前のほかの語：leg・up
bound_tentacle_stand,,bound,stand,,,,機械,名前のほかの語：tentacle
bound_wrap_hj,,bound,,,,hj,機械,名前のほかの語：wrap
buttjob_pov,,buttjob,,pov,,,機械,
chastity,,chastity,,pov,,,機械,
chastity_fours_behind,,chastity,fours,behind,,,機械,
chastity_lie_pov,,chastity,lie,pov,,,採用画面,
chastity_pov_b,,chastity,,pov,,,機械,名前のほかの語：b
chastity_pov_back,,chastity,,pov,back,,機械,
chastity_side_hold,,chastity,,side,,,機械,名前のほかの語：hold
chastity_sit_back_low,,chastity,sit,low,back,,機械,
chastity_stand_face,,chastity,stand,above,,,機械,名前のほかの語：face
chastity_stand_step_low,,chastity,stand,low,,step,機械,
chest_press_lying,,chest,lie,side,,press,機械,
chest_press_stand,,chest,stand,,,press,機械,
chesthug_close,,chest,,close,,,機械,
chesthug_lap_finger,,chest,,,lap,finger,機械,
chesthug_stand,,chest,stand,side,,,機械,
chin_pov,,chin,,pov,,,機械,
close_hug_p,,hug,,close,,,機械,名前のほかの語：p
collar,,collar,fours,side,,,機械,
collar_pov,,collar,,pov,,,機械,
drain_facesit_low,,drain,lie,low,,facesit,機械,
drain_pov_hands,,drain,,pov,,,機械,名前のほかの語：hands
drain_pov_thighs,,drain,,pov,,,機械,名前のほかの語：thighs
ear_lick_side,,ear,sit,side,,lick,機械,
ear_lying_above,,ear,lie,above,,,機械,
ear_prone_above,,ear,prone,above,,,機械,
ear_sit_front_beside_whisper,,ear,sit,front,beside,whisper,採用画面,
ear_two_sides_front,two,ear,,front,sides,,機械,
energy_drain,,drain,,,,,機械,
energy_drain_kiss,,drain,,,,kiss,機械,
energy_drain_ride,,drain,,side,,,機械,名前のほかの語：ride
face_close_behind_tongue,,,,close,,,機械,名前のほかの語：face・tongue
facesit,,facesit,,,,,機械,
facesit_foot,,facesit,,side,,foot,機械,
facesit_front,,facesit,,front,,,機械,
facesit_lie_front,,facesit,lie,front,,,採用画面,
facesit_nipple_above,,facesit,,above,,nipple,機械,
facesit_pov,,facesit,,pov,,,機械,
facesit_side,,facesit,,side,,,機械,
figure_four,,,,,,,機械,名前のほかの語：figure・four
figure_four_foot,,foot,,above,,,機械,名前のほかの語：figure・four
finger_bent_behind_facing,,finger,bent,behind,facing,,採用画面,
finger_bent_behind_facing_b,,finger,bent,behind,facing,,採用画面,
finger_bent_behind_lap,,finger,bent,behind,lap,,採用画面,
finger_fours_behind,,finger,fours,behind,,,機械,
finger_fours_behind_tentacle,,finger,fours,behind,,tentacle,採用画面,
finger_fours_behind_tentacle_b,,finger,fours,behind,,tentacle,採用画面,
finger_fours_front_tentacle,,finger,fours,front,,tentacle,採用画面,
finger_fours_kneel_back,,finger,fours,behind,back,,機械,
finger_fours_kneel_side,,finger,fours,side,,,機械,
finger_fours_low,,finger,fours,low,,,機械,
finger_fours_side_hj,,finger,fours,side,,hj,採用画面,
finger_front_legs,,finger,lie,front,,,機械,名前のほかの語：legs
finger_lap_hips,,finger,,,lap,,機械,名前のほかの語：hips
finger_lie_above_facing_finger,,finger,lie,above,facing,finger,採用画面,
finger_lie_low_beside,,finger,lie,low,beside,,採用画面,
finger_lie_side_back,,finger,lie,side,back,,採用画面,
finger_piledriver_pov,,finger,piledriver,pov,,,採用画面,
finger_piledriver_side,,finger,piledriver,side,,,採用画面,
finger_pov_legs,,finger,,pov,,,機械,名前のほかの語：legs
finger_prone_behind_lap,,finger,prone,behind,lap,,採用画面,
finger_prone_behind_on_finger,,finger,prone,behind,on,finger,採用画面,
finger_prone_stand_low,,finger,prone,low,,,機械,
finger_side_legs,,finger,,side,,,機械,名前のほかの語：legs
finger_side_lying,,finger,lie,side,,,機械,
finger_side_lying_dutch,,finger,lie,side,,,機械,名前のほかの語：dutch
finger_side_sit,,finger,sit,side,,,機械,
finger_sit_front_back,,finger,sit,front,back,,採用画面,
finger_sit_front_back_nipple,,finger,sit,front,back,nipple,採用画面,
finger_sit_front_back_nipple_b,,finger,sit,front,back,nipple,採用画面,
finger_spoon_b,,finger,lie,side,spoon,,機械,名前のほかの語：b
finger_spoon_side,,finger,lie,side,spoon,,機械,
finger_stand_bent_side,,finger,stand,side,,,機械,
finger_wall_stand_low,,finger,stand,low,,,機械,名前のほかの語：wall
fingering_p,,finger,fours,,,,機械,名前のほかの語：p
foot_behind_nipple,,foot,sit,behind,,nipple,機械,
foot_chest_pov,,foot,,pov,,chest,機械,
foot_face_pov,,foot,,pov,,,機械,名前のほかの語：face
foot_lie_front_lap,,foot,lie,front,lap,,採用画面,
foot_lie_pov,,foot,lie,pov,,,採用画面,
foot_lie_pov_b,,foot,lie,pov,,,採用画面,
foot_lie_pov_urethra,,foot,lie,pov,,urethra,採用画面,
foot_pov_sit_both,,foot,sit,pov,,,機械,名前のほかの語：both
foot_side_sitting,,foot,sit,side,,,機械,
foot_sofa_lying,,foot,lie,pov,,,機械,名前のほかの語：sofa
footjob_p,,foot,sit,,,,機械,名前のほかの語：p
footjob_p_fore,,foot,sit,,,,機械,名前のほかの語：p・fore
footjob_side_lying,,foot,lie,side,,,機械,
fours_behind_nipple,,nipple,fours,behind,,,機械,
futa,,,fours,side,,,機械,名前のほかの語：futa
futadom_p,,futadom,lie,side,,,機械,名前のほかの語：p
hairjob_pov,,hairjob,,pov,,,機械,
handjob_side_p,,hj,sit,side,,,機械,名前のほかの語：p
head_side_nipple,,nipple,lie,side,,,機械,名前のほかの語：head
headlock,,headlock,,,,,機械,
headlock_foot,,headlock,,front,,foot,機械,
headlock_hj,,headlock,sit,front,,hj,機械,
headlock_sit_side,,headlock,sit,side,,,採用画面,
hj_behind_seated,,hj,sit,behind,,,機械,
hj_lap_above,,hj,lie,above,lap,,機械,
hj_lie_side_on_whisper,,hj,lie,side,on,whisper,採用画面,
hj_lying_beside_front,,hj,lie,front,beside,,機械,
hj_pov_above,,hj,,pov,,,機械,
hj_pov_close,,hj,,pov,,,機械,
hj_side_clothed,,hj,,side,,,機械,名前のほかの語：clothed
hj_sit_side_beside_nipple,,hj,sit,side,beside,nipple,採用画面,
hj_stand_side,,hj,stand,side,,,機械,
hold_behind_stand_hj,,hj,stand,behind,,,機械,名前のほかの語：hold
hold_behind_tentacle,,,,behind,,,機械,名前のほかの語：hold・tentacle
hug_lie_above_facing,,hug,lie,above,facing,,採用画面,
hug_lie_side_over_kiss,,hug,lie,side,over,kiss,採用画面,
hug_seated_chest,,hug,sit,side,,chest,機械,
hug_sit_side_facing_smother,,hug,sit,side,facing,smother,採用画面,
hug_sit_side_facing_smother_b,,hug,sit,side,facing,smother,採用画面,
hug_sit_side_facing_smother_c,,hug,sit,side,facing,smother,採用画面,
hug_stand_behind_facing_smother,,hug,stand,behind,facing,smother,採用画面,
hug_stand_side_facing,,hug,stand,side,facing,,採用画面,
hug_standing_chest,,hug,stand,side,,chest,機械,
inverted,,,hang,front,,,機械,
inverted_seated_toy,,,hang,front,,,機械,名前のほかの語：toy
kiss_above_drool,,kiss,,above,,,機械,名前のほかの語：drool
kiss_close_side_tongue,,kiss,,close,,,機械,名前のほかの語：tongue
kiss_lap,,kiss,sit,side,lap,,機械,
kiss_lap_bed_side,,kiss,sit,side,lap,,機械,名前のほかの語：bed
kiss_lie_above_hj,,kiss,lie,above,,hj,採用画面,
kiss_lie_side,,kiss,lie,side,,,採用画面,
kiss_lie_side_on_hj,,kiss,lie,side,on,hj,採用画面,
kiss_lying_ontop_side,,kiss,lie,side,on,,機械,
kiss_p,,kiss,lie,,,,機械,名前のほかの語：p
kiss_peg_above,,kiss,lie,above,,peg,機械,
kiss_peg_spoon,,kiss,lie,side,spoon,peg,機械,
kiss_pov,,kiss,,pov,,,機械,
kiss_pov_b,,kiss,,pov,,,機械,名前のほかの語：b
kiss_sit_side_nipple,,kiss,sit,side,,nipple,採用画面,
kiss_stand_front_hug,,kiss,stand,front,,hug,採用画面,
kiss_stand_side_facing,,kiss,stand,side,facing,,採用画面,
kiss_standing_clothed,,kiss,stand,,,,機械,名前のほかの語：clothed
kiss_wall,,kiss,stand,side,,,機械,名前のほかの語：wall
kneel_bed_edge_nipple,,nipple,kneel,side,,,機械,名前のほかの語：bed・edge
kneel_behind_hug,,hug,kneel,behind,,,機械,
kneel_front_hj,,hj,kneel,front,,,機械,
kneel_front_nipple,,nipple,kneel,front,,,機械,
kneel_front_sit_foot,,foot,kneel,front,,,機械,
kneel_pov_sit_foot,,foot,kneel,pov,,,機械,
kneel_seiza_head,,,kneel,side,,,機械,名前のほかの語：head
kneel_seiza_head_low,,,kneel,low,,,機械,名前のほかの語：head
kneel_stand_leash,,,kneel,side,,,機械,名前のほかの語：leash
kneel_stand_leash_low,,,kneel,low,,,機械,名前のほかの語：leash
kneel_throne_chin,,chin,kneel,side,,,機械,名前のほかの語：throne
kneel_throne_chin_fore,,chin,kneel,side,,,機械,名前のほかの語：throne・fore
kneel_throne_chin_low,,chin,kneel,low,,,機械,名前のほかの語：throne
lamia,,,,,,,機械,名前のほかの語：lamia
lamia_coil,,coil,,,,,機械,名前のほかの語：lamia
lamia_coil_legs,,coil,,,,,機械,名前のほかの語：lamia・legs
lamia_pov_coil,,coil,,pov,,,機械,名前のほかの語：lamia
lap_finger,,finger,,pov,lap,,機械,
lap_finger_anal,,finger,,,lap,,機械,名前のほかの語：anal
lap_finger_hj,,finger,lie,low,lap,hj,機械,
lap_nursing_hj,,nursing,lie,,lap,hj,機械,
lap_pillow_hj_side,,hj,lie,side,lap,,機械,名前のほかの語：pillow
lap_pillow_hj_side_high,,hj,lie,side,lap,,機械,名前のほかの語：pillow・high
lap_sit_front_hj,,hj,sit,front,lap,,機械,
lie_across_chest_side,,chest,lie,side,across,,機械,
lie_beside_hug_chest,,hug,lie,above,beside,chest,機械,
lie_beside_hug_chest_high,,hug,lie,above,beside,chest,機械,名前のほかの語：high
lie_beside_pov,,,lie,pov,beside,,機械,
lowangle_side_hj,,hj,lie,side,,,機械,名前のほかの語：lowangle
lying_on_him_lookback,,,lie,,on,,機械,名前のほかの語：him・lookback
lying_on_legs_side,,,lie,side,on,,機械,名前のほかの語：legs
machine_pov_straddle,,straddle,,pov,,,機械,名前のほかの語：machine
multi_three_lying_above,three,,lie,above,,,機械,
multi_two_fours,two,,fours,front,,,機械,
multi_two_on_lying,two,,lie,front,on,,機械,
multi_two_sandwich_seated,two,,sit,front,sandwich,,機械,
multi_two_sandwich_stand,two,,stand,front,sandwich,,機械,
multi_two_seated_ears_hj,two,ear,sit,front,,hj,機械,
nipple_behind_standing,,nipple,stand,behind,,,機械,
nipple_behind_standing_low,,nipple,stand,behind,,,機械,
nipple_behind_torso,,nipple,,behind,,,機械,名前のほかの語：torso
nipple_behind_whisper_blindfold,,nipple,,behind,,whisper,機械,名前のほかの語：blindfold
nipple_face_close_blindfold,,nipple,lie,close,,,機械,名前のほかの語：face・blindfold
nipple_front_standing,,nipple,stand,front,,,機械,
nipple_kneel_front_back_peg,,nipple,kneel,front,back,peg,採用画面,
nipple_lap_facing,,nipple,sit,side,lap,,機械,
nipple_lap_pinch,,nipple,sit,side,lap,pinch,機械,
nipple_lick_hj,,nipple,,,,lick,機械,
nipple_lie_pov_beside,,nipple,lie,pov,beside,,採用画面,
nipple_lie_pov_hj,,nipple,lie,pov,,hj,採用画面,
nipple_lie_pov_on,,nipple,lie,pov,on,,採用画面,
nipple_lie_pov_on_b,,nipple,lie,pov,on,,採用画面,
nipple_pov_lean_mask,,nipple,,pov,,,機械,名前のほかの語：lean・mask
nipple_pov_lick,,nipple,,pov,,lick,機械,
nipple_pov_pinch,,nipple,,pov,,pinch,機械,
nipple_pov_straddle,,nipple,,pov,,straddle,機械,
nipple_side_lying,,nipple,lie,side,,,機械,
nipple_side_lying_dutch,,nipple,lie,side,,,機械,名前のほかの語：dutch
nipple_sit_front_back_hj,,nipple,sit,front,back,hj,採用画面,
nipple_sit_front_back_kiss,,nipple,sit,front,back,kiss,採用画面,
nipple_sit_front_foot,,nipple,sit,front,,foot,採用画面,
nipple_sit_front_kiss,,nipple,sit,front,,kiss,採用画面,
nipple_sit_front_tentacle,,nipple,sit,front,,tentacle,採用画面,
nipple_sit_side,,nipple,sit,side,,,採用画面,
nipple_sit_tentacle,,nipple,sit,,,tentacle,採用画面,
nipple_stand_close_beside,,nipple,stand,close,beside,,採用画面,
nipple_stand_front_back,,nipple,stand,front,back,,採用画面,
oral_hang_above_between,,oral,hang,above,between,,採用画面,
oral_pov_low,,oral,,pov,,,機械,
oral_side_lying,,oral,lie,side,,,機械,
oral_stand_side,,oral,stand,side,,,機械,
paizuri,,paizuri,,,,,機械,
paizuri_lie_pov,,paizuri,lie,pov,,,採用画面,
paizuri_side,,paizuri,sit,side,,,機械,
peg,,peg,,,,,採用画面,
peg_bent_bench_behind,,peg,bent,behind,,,機械,名前のほかの語：bench
peg_bent_front_back,,peg,bent,front,back,,採用画面,
peg_bent_front_back_b,,peg,bent,front,back,,採用画面,
peg_bent_side,,peg,bent,side,,,採用画面,
peg_bent_side_b,,peg,bent,side,,,採用画面,
peg_bent_side_back,,peg,bent,side,back,,採用画面,
peg_bent_side_chastity,,peg,bent,side,,chastity,採用画面,
peg_chair,,peg,sit,,,,機械,名前のほかの語：chair
peg_desk_behind_b,,peg,fours,behind,,,機械,名前のほかの語：desk・b
peg_desk_side,,peg,fours,side,,,機械,名前のほかの語：desk
peg_desk_side_dutch,,peg,fours,side,,,機械,名前のほかの語：desk・dutch
peg_doggy,,peg,fours,,,,機械,
peg_fours_front,,peg,fours,front,,,機械,
peg_fours_front_back,,peg,fours,front,back,,採用画面,
peg_fours_side,,peg,fours,side,,,採用画面,
peg_fours_side_sandwich_peg,,peg,fours,side,sandwich,peg,採用画面,
peg_hang_side_bound,,peg,hang,side,,bound,採用画面,
peg_hang_side_bound_b,,peg,hang,side,,bound,採用画面,
peg_kneel_behind_hj_nipple,,peg,kneel,behind,,hj,機械,
peg_lie_above_back,,peg,lie,above,back,,採用画面,
peg_lie_pov,,peg,lie,pov,,,採用画面,
peg_lie_pov_b,,peg,lie,pov,,,採用画面,
peg_lie_side,,peg,lie,side,,,採用画面,
peg_lie_side_back_nipple,,peg,lie,side,back,nipple,採用画面,
peg_nipple_p,,peg,kneel,,,nipple,機械,名前のほかの語：p
peg_p,,peg,lie,side,,,機械,名前のほかの語：p
peg_piledriver_back,,peg,piledriver,,back,,採用画面,
peg_pov,,peg,lie,pov,,,機械,
peg_press_side,,peg,fours,side,,press,機械,
peg_prone_behind_eyes_cover,,peg,prone,behind,,,機械,名前のほかの語：eyes・cover
peg_prone_front_back,,peg,prone,front,back,,採用画面,
peg_prone_side,,peg,prone,side,,,機械,
peg_prone_side_back,,peg,prone,side,back,,採用画面,
peg_prone_side_on,,peg,prone,side,on,,採用画面,
peg_prone_side_on_b,,peg,prone,side,on,,採用画面,
peg_sit_front_back,,peg,sit,front,back,,採用画面,
peg_sit_front_back_hj,,peg,sit,front,back,hj,採用画面,
peg_spoon,,peg,lie,,spoon,,機械,
peg_spoon_hj,,peg,lie,front,spoon,hj,機械,
peg_stand_behind_b,,peg,stand,behind,,,機械,名前のほかの語：b
peg_stand_behind_chin,,peg,stand,behind,,chin,機械,
peg_stand_side_back,,peg,stand,side,back,,採用画面,
peg_stand_side_back_nipple,,peg,stand,side,back,nipple,採用画面,
peg_strapon,,peg,,,,,機械,
peg_wall_behind_b,,peg,stand,behind,,,機械,名前のほかの語：wall・b
peg_wall_behind_nipple,,peg,stand,behind,,nipple,機械,名前のほかの語：wall
pov_chest_press,,chest,,pov,,press,機械,
pov_footjob,,foot,,pov,,,機械,
pov_loom,,,,pov,over,,機械,
pov_multi_front,,,,pov,,,機械,
pov_multi_low,,,,pov,,,機械,
pov_paizuri,,paizuri,,pov,,,機械,
prone_reverse_sit,,,prone,,reverse,,機械,
prostate_p,,finger,lie,,,,機械,名前のほかの語：p
rah,,rah,stand,,,,機械,
rah_behind,,rah,sit,behind,,,機械,
rah_lying,,rah,lie,above,,,機械,
rah_standing,,rah,stand,front,,,機械,
rekiben_front_back_peg,,rekiben,,front,back,peg,採用画面,
reverse_straddle_lookback,,straddle,,pov,reverse,,機械,名前のほかの語：lookback
reverse_straddle_pov,,straddle,,pov,reverse,,機械,
reverse_straddle_side,,straddle,,side,reverse,,機械,
rimjob_bent_side_back,,rimjob,bent,side,back,,採用画面,
rimjob_fours_behind_over_hj,,rimjob,fours,behind,over,hj,採用画面,
rimjob_fours_side,,rimjob,fours,side,,,採用画面,
rimjob_lying_side,,rimjob,lie,side,,,機械,
rimjob_sit_behind_between,,rimjob,sit,behind,between,,採用画面,
rimjob_standing_side,,rimjob,stand,side,,,機械,
rusty,,rusty,stand,,,,機械,
rusty_bent_side,,rusty,bent,side,,,機械,
rusty_close_behind,,rusty,,close,,,機械,
rusty_fours_behind_hj,,rusty,fours,behind,,hj,採用画面,
rusty_fours_side_back_hj,,rusty,fours,side,back,hj,採用画面,
rusty_fours_side_back_hj_b,,rusty,fours,side,back,hj,採用画面,
rusty_pov_legs_up,,rusty,,pov,,,機械,名前のほかの語：legs・up
rusty_stand_above,,rusty,stand,above,,,機械,
side_allfours_milking,,milking,fours,side,,,機械,
side_allfours_milking_dutch,,milking,fours,side,,,機械,名前のほかの語：dutch
side_bound_hug,,bound,sit,side,,hug,機械,
side_chin_lift,,chin,kneel,side,,,機械,名前のほかの語：lift
side_fours_finger,,finger,fours,side,,,機械,
side_fours_lick,,lick,fours,side,,,機械,
sit_between_legs_front,,,sit,front,between,,機械,名前のほかの語：legs
sit_side_bench_hj,,hj,sit,side,,,機械,名前のほかの語：bench
sit_side_bench_hj_low,,hj,sit,side,,,機械,名前のほかの語：bench
sit_side_neck,,,sit,side,,,機械,名前のほかの語：neck
sit_side_sofa_nipple,,nipple,sit,side,,,機械,名前のほかの語：sofa
smother_chest_front,,smother,,front,,chest,機械,
smother_lie_front,,smother,lie,front,,,採用画面,
smother_lie_side_back,,smother,lie,side,back,,採用画面,
smother_lie_side_beside,,smother,lie,side,beside,,採用画面,
smother_lie_side_over,,smother,lie,side,over,,採用画面,
smother_lying_low,,smother,lie,low,,,機械,
smother_wall_side,,smother,stand,side,,,機械,名前のほかの語：wall
stand_chest_side,,chest,stand,side,,,機械,
stand_embrace_back,,hug,stand,behind,back,,機械,
stand_embrace_kiss_finger,,hug,stand,behind,,kiss,機械,
stand_embrace_side_finger,,hug,stand,side,,finger,機械,
stand_over_face_lookback,,,stand,,over,,機械,名前のほかの語：face・lookback
step,,step,,pov,,,機械,
step_toy_prostrate_behind,,step,prone,behind,,,機械,名前のほかの語：toy
straddle_behind_lookback,,straddle,,behind,,,機械,名前のほかの語：lookback
straddle_lie_pov,,straddle,lie,pov,,,採用画面,
straddle_lie_pov_tentacle,,straddle,lie,pov,,tentacle,採用画面,
straddle_pin_side,,straddle,lie,side,,,機械,名前のほかの語：pin
straddle_pin_side_dutch,,straddle,lie,side,,,機械,名前のほかの語：pin・dutch
straddle_pov,,straddle,,pov,,,機械,
straddle_pov_handhold,,straddle,,pov,,,機械,名前のほかの語：handhold
straddle_pov_lean,,straddle,,pov,,,機械,名前のほかの語：lean
straddle_pov_upright,,straddle,upright,pov,,,機械,
succubus_tail,,,,,,,機械,名前のほかの語：succubus・tail
suspension,,,hang,,,,機械,
suspension_hj,,hj,hang,front,,,機械,
suspension_peg,,peg,hang,side,,,機械,
tentacle_fours_behind_finger,,tentacle,fours,behind,,finger,採用画面,
tentacle_fours_behind_on_peg,,tentacle,fours,behind,on,peg,採用画面,
tentacle_hang_front_finger,,tentacle,hang,front,,finger,採用画面,
tentacle_legs_watch,,,,,,,機械,名前のほかの語：tentacle・legs・watch
tentacle_lie_pov_straddle,,tentacle,lie,pov,,straddle,採用画面,
thigh,,thigh,,,,,機械,
thigh_lie_pov_on,,thigh,lie,pov,on,,採用画面,
thigh_lying,,thigh,lie,side,,,機械,
thigh_ontop,,thigh,,pov,on,,機械,
thigh_side,,thigh,,side,,,機械,
thigh_standing,,thigh,stand,side,,,機械,
toes_nipple,,toes,sit,,,nipple,機械,
toes_nipple_hj,,toes,,side,,nipple,機械,
topdown_hj_hands,,hj,lie,above,,,機械,名前のほかの語：topdown・hands
two_ear_sit_front_sandwich,two,ear,sit,front,sandwich,,採用画面,
two_kiss_bent_low_sandwich_finger,two,kiss,bent,low,sandwich,finger,採用画面,
two_low_close,two,,,low,,,機械,
two_lying_above,two,,lie,above,,,機械,
two_nipple_lie_pov_over_nipple,two,nipple,lie,pov,over,nipple,採用画面,
two_nipple_sit_front_sides_nipple,two,nipple,sit,front,sides,nipple,採用画面,
two_nipple_sit_side_sandwich_whisper,two,nipple,sit,side,sandwich,whisper,採用画面,
two_nipple_sit_side_sandwich_whisper_b,two,nipple,sit,side,sandwich,whisper,採用画面,
two_nipple_stand_front_sandwich_kiss,two,nipple,stand,front,sandwich,kiss,採用画面,
two_nipple_stand_side_sandwich_rimjob,two,nipple,stand,side,sandwich,rimjob,採用画面,
two_peg_fours_side_sandwich_peg,two,peg,fours,side,sandwich,peg,採用画面,
two_peg_fours_side_sides_peg,two,peg,fours,side,sides,peg,採用画面,
two_pov_lying,two,,lie,pov,,,機械,
two_seated_sides,two,,sit,front,sides,,機械,
two_stand_sandwich,two,,stand,side,sandwich,,機械,
two_straddle_sit_front_sandwich_whisper,two,straddle,sit,front,sandwich,whisper,採用画面,
two_whisper_sit,two,whisper,sit,,,,採用画面,
two_whisper_sit_front_sides,two,whisper,sit,front,sides,,採用画面,
urethra_pov_b,,urethra,,pov,,,機械,名前のほかの語：b
urethra_pov_low,,urethra,,pov,,,機械,
urethra_pov_rod,,urethra,,pov,,,機械,名前のほかの語：rod
urethra_side_rod,,urethra,,side,,,機械,名前のほかの語：rod
urethra_stand_pov,,urethra,stand,pov,,,採用画面,
wall_standing_nipple,,nipple,stand,side,,,機械,名前のほかの語：wall
wall_standing_nipple_low,,nipple,stand,low,,,機械,名前のほかの語：wall
whisper,,whisper,sit,side,,,機械,
whisper_lie_side_sandwich_kiss,,whisper,lie,side,sandwich,kiss,採用画面,
whisper_lying,,whisper,lie,side,,,機械,
whisper_sit_front_back_nipple,,whisper,sit,front,back,nipple,採用画面,
whisper_sit_front_beside,,whisper,sit,front,beside,,採用画面,
whisper_sit_side_facing_hug,,whisper,sit,side,facing,hug,採用画面,
whisper_stand_side_back_nipple,,whisper,stand,side,back,nipple,採用画面,
xcross,,,stand,front,,,機械,名前のほかの語：xcross
xray,,,,,,,機械,名前のほかの語：xray
