MOD,ファイル,行,文
N100_Sphinx_MOD,CSV\Card\Sphinx_master.txt,1805,灯明の光を受けて金色に輝き、僕のものよりずっと長い
N103_Amazon_MOD,CSV\Card\Amazon_master.txt,4081,指二本よりずっと長い古木を、
N103_Amazon_MOD,CSV\Card\Amazon_master.txt,5169,指二本よりずっと長い古木を、
N17_Scylla_MOD,CSV\Card\Scylla_master.txt,965,"    説明,二回目の射精は、一回目よりも長かった"
N17_Scylla_MOD,CSV\Card\Scylla_master.txt,1125,一回目よりずっと長くて、深い絶頂だった
N17_Scylla_MOD,CSV\Card\Scylla_master.txt,1721,一回目より長く、深く
N17_Scylla_MOD,CSV\Card\Scylla_master.txt,1900,"    説明,二度目の波は、一度目よりずっと長かった"
N17_Scylla_MOD,CSV\Card\Scylla_master.txt,2299,おちんちんがびくびく跳ねて、さっきよりずっと長く、精液の白いもやを吐き出す
N17_Scylla_MOD,CSV\Card\Scylla_master.txt,2997,一回目よりずっと長い、潮の満ち引きのようなリズムだった
N17_Scylla_MOD,CSV\Card\Scylla_master.txt,4372,ふふ、さっきより長かったわね
N1_Host_MOD_v4,CSV\Card\Host_master.txt,1105,それが怖い気持ちのほうが、見られている恥ずかしさより大きくなっている
N1_Host_MOD_v4,CSV\Card\Host_master.txt,2202,今度はさっきよりも大きく、もっと深い所から
N1_Host_MOD_v4,CSV\Card\Host_master.txt,2873,僕の指はレンの指より短くて、不器用で、臆病だった
N1_Host_MOD_v4,CSV\Card\Host_master.txt,3413,一回目よりずっと長くて、ずっと深い
N23_Heels_MOD,CSV\Card\Heels_master.txt,1046,"    セリフ,さっきより大きな音で鳴くのね"
N23_Heels_MOD,CSV\Card\Heels_master.txt,1369,"    説明,二度目は、一度目よりも長かった"
N23_Heels_MOD,CSV\Card\Heels_master.txt,1818,舌よりも硬く、舌よりも長い
N23_Heels_MOD,CSV\Card\Heels_master.txt,2015,リタのものより確かに奥へ届く
N23_Heels_MOD,CSV\Card\Heels_master.txt,3058,"    説明,リタの指は僕の指より長く、迷いがなかった"
N23_Heels_MOD,CSV\Card\Heels_master.txt,3199,一歩も動いていないのに、あそこまでの十数歩が、さっきよりずっと長く見えた
N24_Maid_MOD,CSV\Card\Maid_master.txt,1047,一度目よりも長く、深く、下腹の奥から絞り出されるように白いものが溢れる
N24_Maid_MOD,CSV\Card\Maid_master.txt,1823,舌より硬く、舌より長い
N24_Maid_MOD,CSV\Card\Maid_master.txt,1861,角砂糖より少し大きく、指でつまむとぷるりと揺れた
N24_Maid_MOD,CSV\Card\Maid_master.txt,1938,手袋の布地は指そのものよりざらりとしていて、皺の一本一本にローションを擦り込まれる感触が、耐えがたいほど克
N24_Maid_MOD,CSV\Card\Maid_master.txt,2155,私の指は、新人さんの指より長いのですよ
N24_Maid_MOD,CSV\Card\Maid_master.txt,2644,"    説明,二度目は、一度目より長かった"
N24_Maid_MOD,CSV\Card\Maid_master.txt,2760,日向の熱を吸った布は、今朝のものより乾いて、張りがあった
N24_Maid_MOD,CSV\Card\Maid_master.txt,2916,舌より硬く、僕の指より長い
N24_Maid_MOD,CSV\Card\Maid_master.txt,3072,"    説明,二度目は、一度目より長かった"
N24_Maid_MOD,CSV\Card\Maid_master.txt,3269,一度目より長く、深く、下腹の奥から絞り出されるように白いものが溢れる
N24_Maid_MOD,CSV\Card\Maid_master.txt,3844,新しいレースは、今朝のものより少し硬く、腰骨の上でかすかに引っかかった
N24_Maid_MOD,CSV\Card\Maid_master.txt,4004,角砂糖より少し大きく、指でつまむとぷるりと揺れた
N24_Maid_MOD,CSV\Card\Maid_master.txt,4377,一度目より長く、深く
N24_Maid_MOD,CSV\Card\Maid_master.txt,4944,"    説明,翌朝、鏡の前で注文票を読み上げる自分の声は、昨日より大きかった"
N24_Maid_MOD,CSV\Card\Maid_master.txt,5185,舌より硬く、舌より長い
N24_Maid_MOD,CSV\Card\Maid_master.txt,5328,その事実が、珠そのものより深く僕を貫いた
N25_Auction_MOD,CSV\Card\Auction_master.txt,1368,"    説明,二度目は、一度目よりも長かった"
N25_Auction_MOD,CSV\Card\Auction_master.txt,1514,二度目は、一度目よりも長く続いた
N25_Auction_MOD,CSV\Card\Auction_master.txt,1516,二度目の射精は一度目より長く、量は少なめ
N25_Auction_MOD,CSV\Card\Auction_master.txt,1609,"    説明,ローターそのものより、布の震えが厄介だった"
N25_Auction_MOD,CSV\Card\Auction_master.txt,1855,さっきより長く、さっきより深く
N25_Auction_MOD,CSV\Card\Auction_master.txt,1861,その余裕が、身長の差よりもずっと大きく僕を見下ろしていた
N25_Auction_MOD,CSV\Card\Auction_master.txt,1982,戻る道のりは扉までよりずっと長かった
N25_Auction_MOD,CSV\Card\Auction_master.txt,2033,後ろだけで達する感覚は、前のどの絶頂よりも長く、深く、終わらなかった
N25_Auction_MOD,CSV\Card\Auction_master.txt,2253,二枚目の鏡までの十数歩が、舞台の一幕より長かった
N25_Auction_MOD,CSV\Card\Auction_master.txt,2266,"    説明,二枚目の鏡は、一枚目より大きく、縁に金の彫刻があった"
N25_Auction_MOD,CSV\Card\Auction_master.txt,2457,"    説明,二度目は、一度目よりも長かった"
N25_Auction_MOD,CSV\Card\Auction_master.txt,2764,自分の指より長いだろ
N25_Auction_MOD,CSV\Card\Auction_master.txt,2795,一度目より長く、一度目より深い場所から
N25_Auction_MOD,CSV\Card\Auction_master.txt,3531,"    説明,二度目の通路は、一度目より長く感じた"
N25_Auction_MOD,CSV\Card\Auction_master.txt,3566,"    説明,二度目は、一度目より長かった"
N25_Auction_MOD,CSV\Card\Auction_master.txt,4059,二つ目のお見送りは、一つ目より長いの
N25_Auction_MOD,CSV\Card\Auction_master.txt,4904,二度目は、一度目より長く続いた
N25_Auction_MOD,CSV\Card\Auction_master.txt,4906,二度目の射精は一度目より長い
N25_Auction_MOD,CSV\Card\Auction_master.txt,5319,彼のものより一回り小さく、白いシフォンの上に重ねると、出品衣装と案内係の制服が一枚の中で混ざ
N25_Auction_MOD,CSV\Card\Auction_master.txt,5443,舞台のものより薄く、中央に彼の紋章が刻まれている
N25_Auction_MOD,CSV\Card\Auction_master.txt,5447,舞台のものより、深く、近く、彼の鼓動そのものが下腹に届く
N26_Kitsune_MOD,CSV\Card\Kitsune_master.txt,999,一つ目より少し大きい
N26_Kitsune_MOD,CSV\Card\Kitsune_master.txt,1445,でも僕の指より長かった
N26_Kitsune_MOD,CSV\Card\Kitsune_master.txt,1718,狐の舌は、人の舌よりずっと長うございますゆえ
N26_Kitsune_MOD,CSV\Card\Kitsune_master.txt,2099,僕のおちんちんよりずっと長くて、ずっと太い
N26_Kitsune_MOD,CSV\Card\Kitsune_master.txt,2945,狐の舌は、人の舌よりずっと長うございますゆえ
N26_Kitsune_MOD,CSV\Card\Kitsune_master.txt,4216,紐は思ったより長かった
N26_Kitsune_MOD,CSV\Card\Kitsune_master.txt,4487,僕のおちんちんよりずっと長くて、ずっと太いそれが、指で開かれた所へぬぷっと沈みはじめた
N26_Kitsune_MOD,CSV\Card\Kitsune_master.txt,5709,僕のおちんちんよりずっと長くて、ずっと太い
N27_Knight_MOD,CSV\Card\Knight_master.txt,1587,さっきの二回よりも大きくて、ゆっくりで、深い
N27_Knight_MOD,CSV\Card\Knight_master.txt,1830,なのに、体の震えは一回目より大きい
N27_Knight_MOD,CSV\Card\Knight_master.txt,1978,さっきより長い
N27_Knight_MOD,CSV\Card\Knight_master.txt,2790,さっき左だけで揺れた時より大きく
N27_Knight_MOD,CSV\Card\Knight_master.txt,3966,団長の舌は僕の舌より長くて、根元まで絡めてから、ゆっくり引き抜くように離れる
N27_Knight_MOD,CSV\Card\Knight_master.txt,4548,さっきの二回よりも大きくて、ゆっくりで、深い
N27_Knight_MOD,CSV\Card\Knight_master.txt,4735,くやしさと、それより大きな熱が、おへその下でひとつになって渦を巻いた
N27_Knight_MOD,CSV\Card\Knight_master.txt,4781,なのに、体の震えは一回目より大きい
N27_Knight_MOD,CSV\Card\Knight_master.txt,5295,その音が旗の音より大きく聞こえて、僕は顔を石に伏せた
N27_Knight_MOD,CSV\Card\Knight_master.txt,5376,"    説明,二度目は、一度目より長かった"
N27_Knight_MOD,CSV\Card\Knight_master.txt,5617,自分の声が、石の広間に思ったより大きく響いた
N27_Knight_MOD,CSV\Card\Knight_master.txt,6080,さっきの二回よりも大きくて、ゆっくりで、深い
N27_Knight_MOD,CSV\Card\Knight_master.txt,6319,なのに、体の震えは一回目より大きい
N27_Knight_MOD,CSV\Card\Knight_master.txt,6954,"    説明,二度目は、一度目よりずっと長かった"
N28_Gym_MOD,CSV\Card\Gym_master.txt,566,ボクより大きな体でも、ボクの三十七センチには敵わないよ
N28_Gym_MOD,CSV\Card\Gym_master.txt,1026,待たされていた左が、右よりも大きく跳ねる
N28_Gym_MOD,CSV\Card\Gym_master.txt,1032,歩きながらいくのは、立ち止まっていくよりずっと長く続いた
N28_Gym_MOD,CSV\Card\Gym_master.txt,1462,"    説明,二度目の呼吸は、一度目よりも長く感じた"
N28_Gym_MOD,CSV\Card\Gym_master.txt,2324,ハヤテさんの指は僕の指よりずっと長くて、僕が届かなかった所まで、あっさり届いてしまう
N28_Gym_MOD,CSV\Card\Gym_master.txt,2349,僕の指よりずっと長い
N28_Gym_MOD,CSV\Card\Gym_master.txt,3478,"    説明,新しくはめこまれたそれは、今までのどれよりも長かった"
N28_Gym_MOD,CSV\Card\Gym_master.txt,3837,吐くたびに少しずつ大きくなり、吸うたびに少しだけ縮み、また吐くと前より大きくなる
N28_Gym_MOD,CSV\Card\Gym_master.txt,4601,そのかわり、お腹の中からわき上がった震えが、一回目よりずっと長く、ずっと深く体をゆすり続けた
N28_Gym_MOD,CSV\Card\Gym_master.txt,4937,"    説明,アイさんが木箱から取り出した補助具は、昨日のものよりも長かった"
N29_Summoner_MOD,CSV\Card\Summoner_master.txt,1248,"    説明,一回目より長い"
N29_Summoner_MOD,CSV\Card\Summoner_master.txt,1617,糸より少しだけ太くて、最初のものよりずっと長い
N29_Summoner_MOD,CSV\Card\Summoner_master.txt,1757,……えへへ、センパイ、さっきより長く出てたね
N29_Summoner_MOD,CSV\Card\Summoner_master.txt,1785,指より柔らかくて、指より長い
N29_Summoner_MOD,CSV\Card\Summoner_master.txt,2947,指より柔らかくて、指よりずっと長い
N29_Summoner_MOD,CSV\Card\Summoner_master.txt,3077,うんうん、自分の指だけのときより長いね
N29_Summoner_MOD,CSV\Card\Summoner_master.txt,3211,"    説明,その言葉どおり、触手の動きは僕の指よりずっと長く、ずっとしつこかった"
N29_Summoner_MOD,CSV\Card\Summoner_master.txt,3402,精液が、さっきより長く、とろとろと陣の上に垂れ落ちていく
N29_Summoner_MOD,CSV\Card\Summoner_master.txt,3610,"    説明,一回目よりも長い"
N29_Summoner_MOD,CSV\Card\Summoner_master.txt,4335,先ほどより長い
N29_Summoner_MOD,CSV\Card\Summoner_master.txt,4519,さっきより長く
N29_Summoner_MOD,CSV\Card\Summoner_master.txt,4546,白い精液が、さっきより長く、とろとろとお腹の上に流れ落ちていく
N29_Summoner_MOD,CSV\Card\Summoner_master.txt,4548,一回目より長く続いた
N29_Summoner_MOD,CSV\Card\Summoner_master.txt,4586,それよりずっと大きな波が、吸われている乳首から頭のてっぺんまで、何度も何度も打ち寄せては引いていく
N29_Summoner_MOD,CSV\Card\Summoner_master.txt,4727,一回目よりも長い
N29_Summoner_MOD,CSV\Card\Summoner_master.txt,5205,そのかわり、プチより長くはないけど、こうやって……ちゅって、吸えるの
N30_Ninja_MOD,CSV\Card\Ninja_master.txt,1154,さっきより大きい
N30_Ninja_MOD,CSV\Card\Ninja_master.txt,1410,さっきよりも長く、ゆっくり
N30_Ninja_MOD,CSV\Card\Ninja_master.txt,2477,でも僕の指よりずっと長い
N30_Ninja_MOD,CSV\Card\Ninja_master.txt,2656,おぬしの指より長えし、よく知ってるぜ、おぬしのケツの中のこと
N30_Ninja_MOD,CSV\Card\Ninja_master.txt,2936,お客人の指は、ぼくの指より短いですから
N30_Ninja_MOD,CSV\Card\Ninja_master.txt,5341,さっきより長かったですね
N30_Ninja_MOD,CSV\Card\Ninja_master.txt,5364,僕のおちんちんよりずっと大きなそれを、彼は一度も使おうとしない
N31_Onsen_MOD,CSV\Card\Onsen_master.txt,2519,自分の指より長い
N31_Onsen_MOD,CSV\Card\Onsen_master.txt,2565,一度目より長く
N31_Onsen_MOD,CSV\Card\Onsen_master.txt,2573,背の高い人の脚は、僕の脚よりずっと長くて、どこまでも追いかけてくる
N31_Onsen_MOD,CSV\Card\Onsen_master.txt,2695,自分の指より長くて、細い
N31_Onsen_MOD,CSV\Card\Onsen_master.txt,3683,自分の指より長い
N31_Onsen_MOD,CSV\Card\Onsen_master.txt,3953,敷かれた布団は、客室のものよりずっと厚くて、ふかふかしていた
N31_Onsen_MOD,CSV\Card\Onsen_master.txt,4113,柱時計の音よりも大きく聞こえた
N31_Onsen_MOD,CSV\Card\Onsen_master.txt,5467,"    説明,二度目の十は、一度目より長く感じた"
N32_Arachne_MOD,CSV\Card\Arachne_master.txt,1104,"    説明,一度目よりも長かった"
N32_Arachne_MOD,CSV\Card\Arachne_master.txt,1210,入口が、さっきより大きく広がる
N32_Arachne_MOD,CSV\Card\Arachne_master.txt,1299,"    説明,二度目の絶頂は、一度目よりも長かった"
N32_Arachne_MOD,CSV\Card\Arachne_master.txt,1479,僕の前腕よりも長い
N32_Arachne_MOD,CSV\Card\Arachne_master.txt,2011,入口がさっきより大きく開いて、ゆっくり閉じる
N32_Arachne_MOD,CSV\Card\Arachne_master.txt,2322,"    説明,僕のおちんちんよりずっと大きかった"
N32_Arachne_MOD,CSV\Card\Arachne_master.txt,2471,自分の指より長い
N32_Arachne_MOD,CSV\Card\Arachne_master.txt,2642,僕の指よりも長い
N32_Arachne_MOD,CSV\Card\Arachne_master.txt,2817,自分の指より長くて、しなやかだった
N32_Arachne_MOD,CSV\Card\Arachne_master.txt,3605,僕の中指よりも長くて、しなやかな指だった
N32_Arachne_MOD,CSV\Card\Arachne_master.txt,3670,僕のおちんちんよりずっと大きい
N32_Arachne_MOD,CSV\Card\Arachne_master.txt,4031,一度目よりも長く、深く
N32_Arachne_MOD,CSV\Card\Arachne_master.txt,5023,僕のおちんちんよりずっと大きい
N32_Arachne_MOD,CSV\Card\Arachne_master.txt,5598,僕の前腕より長いそれが、蜜に濡れて月光を映していた
N32_Arachne_MOD,CSV\Card\Arachne_master.txt,6362,僕のおちんちんよりずっと大きい
N33_Dream_MOD,CSV\Card\Dream_master.txt,1108,二回も出したのに、熱は前よりずっと大きい
N33_Dream_MOD,CSV\Card\Dream_master.txt,1183,"    説明,さっきより長い口づけだった"
N33_Dream_MOD,CSV\Card\Dream_master.txt,1305,さっきより長く、何度にも分けて、とくん、とくんと出ていく
N33_Dream_MOD,CSV\Card\Dream_master.txt,1653,人の舌よりずっと長くて、幅が広い
N33_Dream_MOD,CSV\Card\Dream_master.txt,1850,乳首そのものより、そのまわりをなぞられる方が、背中がぞくりとした
N33_Dream_MOD,CSV\Card\Dream_master.txt,1953,"    説明,さっきより長かった"
N33_Dream_MOD,CSV\Card\Dream_master.txt,1989,さっき溶けたところに、また熱が集まって、さっきより大きな灯りになろうとしていた
N33_Dream_MOD,CSV\Card\Dream_master.txt,2296,入口の輪がさっきより大きく広げられる
N33_Dream_MOD,CSV\Card\Dream_master.txt,3687,"    説明,彼女の指は、僕の指よりずっと長かった"
N33_Dream_MOD,CSV\Card\Dream_master.txt,3698,指よりも長く、奥へ、奥へ、ずるずると進んでいく
N33_Dream_MOD,CSV\Card\Dream_master.txt,3893,二回出したのに、熱は前よりずっと大きい
N33_Dream_MOD,CSV\Card\Dream_master.txt,4662,胸の奥で、さっきより大きな灯りが、ぐうっと膨らみはじめる
N33_Dream_MOD,CSV\Card\Dream_master.txt,4848,取っ手が、さっきより少し大きく見えた
N33_Dream_MOD,CSV\Card\Dream_master.txt,4984,"    説明,入口の輪が、さっきより大きく広げられる"
N33_Dream_MOD,CSV\Card\Dream_master.txt,5034,指より長いもので、根の先まで届かせよう
N33_Dream_MOD,CSV\Card\Dream_master.txt,5319,二回出したのに、熱は前よりずっと大きい
N33_Dream_MOD,CSV\Card\Dream_master.txt,5678,ちゅうううううっと、今までよりずっと長く吸われる
N33_Dream_MOD,CSV\Card\Dream_master.txt,5695,僕のおちんちんよりずっと長い
N33_Dream_MOD,CSV\Card\Dream_master.txt,6297,"    説明,さっきより長かった"
N33_Dream_MOD,CSV\Card\Dream_master.txt,6457,"    説明,輪がさっきより大きく広げられる"
N34_Library_MOD,CSV\Card\Library_master.txt,1640,"    説明,紐を引く間が、さっきより少し短くなっていた"
N34_Library_MOD,CSV\Card\Library_master.txt,1666,さっきよりずっと短い間
N34_Library_MOD,CSV\Card\Library_master.txt,3883,僕の指よりずっと長くて、ずっと乾いていて、暖炉の熱をたっぷり吸った温かさだった
N34_Library_MOD,CSV\Card\Library_master.txt,4805,ほかの紐より少し長い
N34_Library_MOD,CSV\Card\Library_master.txt,5634,さっきより長い
N34_Library_MOD,CSV\Card\Library_master.txt,6962,"    説明,二度目は、一度目より少し長く押しつけられた"
N35_Angel_MOD,CSV\Card\Angel_master.txt,1068,そう思ったのに、頭の中で鳴っている彼女の声のほうが、僕の考えよりずっと大きかった
N35_Angel_MOD,CSV\Card\Angel_master.txt,1308,さっきより少ないのに、震えはさっきより長い
N35_Angel_MOD,CSV\Card\Angel_master.txt,2275,指一本でも、僕の指よりずっと長い
N35_Angel_MOD,CSV\Card\Angel_master.txt,2484,羽根ペンより長くて、羽先はふわふわと細かく、芯は細く硬い
N35_Angel_MOD,CSV\Card\Angel_master.txt,2957,想像していたよりずっと大きくて、ずっと温かそうだった
N35_Angel_MOD,CSV\Card\Angel_master.txt,3766,僕の指よりずっと長い
N35_Angel_MOD,CSV\Card\Angel_master.txt,6442,"    説明,三つめの音は、それまでよりずっと長く響いた"
N35_Angel_MOD,CSV\Card\Angel_master.txt,6471,さっきより大きい鐘じゃん
N36_Harem_MOD,CSV\Card\Harem_master.txt,2364,今度はさっきより少し長く
N36_Harem_MOD,CSV\Card\Harem_master.txt,2419,"    説明,お腹の奥の熱が、さっきよりずっと大きくなっていた"
N36_Harem_MOD,CSV\Card\Harem_master.txt,2475,女王のものより少し長く、少し太い
N36_Harem_MOD,CSV\Card\Harem_master.txt,2883,温かくて、僕の手より少し大きい
N36_Harem_MOD,CSV\Card\Harem_master.txt,3029,自分の指よりも長い
N36_Harem_MOD,CSV\Card\Harem_master.txt,3036,"    セリフ,妾の指はそなたの指より長いのであったそうな"
N36_Harem_MOD,CSV\Card\Harem_master.txt,3697,"    説明,二度目は、一度目よりも長かった"
N36_Harem_MOD,CSV\Card\Harem_master.txt,3869,"    説明,お腹の奥の熱が、さっきより大きくなっていた"
N36_Harem_MOD,CSV\Card\Harem_master.txt,3894,自分の指よりずっと長くて、ずっと冷たい指が、紗の腰布の下へ滑りこんだ
N36_Harem_MOD,CSV\Card\Harem_master.txt,4047,鈴がしゃらり、しゃらりと、さっきより大きく鳴る
N36_Harem_MOD,CSV\Card\Harem_master.txt,5332,前よりずっと短く
N36_Harem_MOD,CSV\Card\Harem_master.txt,6115,吐いた息が、さっきより長く内側にこもって、頬がじんわり温まった
N37_Dragon_MOD,CSV\Card\Dragon_master.txt,986,今度はさっきより長い
N37_Dragon_MOD,CSV\Card\Dragon_master.txt,1049,人の舌の倍よりも長い
N37_Dragon_MOD,CSV\Card\Dragon_master.txt,1281,一度目より長く、ゆっくり
N37_Dragon_MOD,CSV\Card\Dragon_master.txt,1374,人の舌よりずっと長くて、厚い
N37_Dragon_MOD,CSV\Card\Dragon_master.txt,1409,舌よりもまっすぐで、舌よりも長い
N37_Dragon_MOD,CSV\Card\Dragon_master.txt,2104,さっきよりも長く、さっきよりも深い
N37_Dragon_MOD,CSV\Card\Dragon_master.txt,2503,人の舌の倍よりも長く、厚く、先は細く丸い
N37_Dragon_MOD,CSV\Card\Dragon_master.txt,2808,妾の舌より細く、妾の指より短い
N37_Dragon_MOD,CSV\Card\Dragon_master.txt,2858,妾の舌は、お前の指よりずっと長い
N37_Dragon_MOD,CSV\Card\Dragon_master.txt,3308,でも、彼女の指の円は、僕の円よりずっと大きく、ずっとゆっくりだった
N37_Dragon_MOD,CSV\Card\Dragon_master.txt,3666,自分の指よりずっと長くて、温かい
N37_Dragon_MOD,CSV\Card\Dragon_master.txt,3936,人の舌の倍よりも長く、厚く、先は細く丸い
N37_Dragon_MOD,CSV\Card\Dragon_master.txt,4265,"    説明,人の舌よりずっと長く、厚い舌だった"
N37_Dragon_MOD,CSV\Card\Dragon_master.txt,5358,人の舌の倍よりも長く、厚く、先は細く丸い
N37_Dragon_MOD,CSV\Card\Dragon_master.txt,5429,壁には、僕の背よりずっと大きな鏡が立てかけてあった
N37_Dragon_MOD,CSV\Card\Dragon_master.txt,5532,一度目よりも長く、ゆっくり
N37_Dragon_MOD,CSV\Card\Dragon_master.txt,5705,人の舌よりずっと長く、厚い
N37_Dragon_MOD,CSV\Card\Dragon_master.txt,6418,一回目よりもずっと長かった
N38_Tutor_MOD,CSV\Card\Tutor_master.txt,706,……答えより少し長くしてあげます
N38_Tutor_MOD,CSV\Card\Tutor_master.txt,1521,今度はさっきより少し長く
N38_Tutor_MOD,CSV\Card\Tutor_master.txt,2037,"    セリフ,ぷっくりしたとこ、さっきより大きくなってるね〜"
N38_Tutor_MOD,CSV\Card\Tutor_master.txt,2628,ちゅぷ、と小さな水音がして、静かな自習室に思ったより大きく響いた
N38_Tutor_MOD,CSV\Card\Tutor_master.txt,4313,"    説明,二つの熱が重なると、一つずつの時よりずっと大きくなった"
N38_Tutor_MOD,CSV\Card\Tutor_master.txt,4469,今夜の一回は、その全部を足したより長い気がした
N38_Tutor_MOD,CSV\Card\Tutor_master.txt,5850,"    説明,答えより長く"
N38_Tutor_MOD,CSV\Card\Tutor_master.txt,6417,コピー機の音より大きいっすよ、それ
N40_Casino_MOD,CSV\Card\Casino_master.txt,1115,"    説明,股のしみが、さっきより大きく広がった"
N40_Casino_MOD,CSV\Card\Casino_master.txt,2370,"    説明,二度目は、一度目より長かった"
N40_Casino_MOD,CSV\Card\Casino_master.txt,3792,あなたの指より長い
N40_Casino_MOD,CSV\Card\Casino_master.txt,4320,ぬるり、と二本の指が、お尻の穴をさっきより大きく広げて入ってきた
N40_Casino_MOD,CSV\Card\Casino_master.txt,5362,でも、腰の震えはさっきより長かった
N41_Nekomata_MOD,CSV\Card\Nekomata_master.txt,1497,さっきより大きく広げられる感触に、息がつまった
N41_Nekomata_MOD,CSV\Card\Nekomata_master.txt,1842,舌のざらつきが、さっきより大きく感じられた
N41_Nekomata_MOD,CSV\Card\Nekomata_master.txt,3717,"    説明,自分の中指より長い指だった"
N41_Nekomata_MOD,CSV\Card\Nekomata_master.txt,4120,二重に巻かれると、脚はさっきより大きく開いた
N41_Nekomata_MOD,CSV\Card\Nekomata_master.txt,4283,廊下は、思っていたより長かった
N41_Nekomata_MOD,CSV\Card\Nekomata_master.txt,4538,瓦を叩く音の間が、さっきより長い
N41_Nekomata_MOD,CSV\Card\Nekomata_master.txt,5856,深く沈んだまま、いつもより長く止まった
N41_Nekomata_MOD,CSV\Card\Nekomata_master.txt,6114,それが、思っていたよりずっと長かった
N42_Snow_MOD,CSV\Card\Snow_master.txt,2038,今度は、さっきより長く、ゆっくり
N42_Snow_MOD,CSV\Card\Snow_master.txt,3026,"    セリフ,おなかの裏のぽっちり、さっきより大きくなってます"
N42_Snow_MOD,CSV\Card\Snow_master.txt,3810,一度目よりずっと長い
N42_Snow_MOD,CSV\Card\Snow_master.txt,4643,冷たい雫が落ちるたびに、溜まった熱がきゅっと縮んで、それから前より大きくふくらむ
N42_Snow_MOD,CSV\Card\Snow_master.txt,6069,落ちるたびに、溜まった熱がきゅっと縮んで、前より大きくふくらむ
N43_Oni_MOD,CSV\Card\Oni_master.txt,2123,さっきより大きい
N43_Oni_MOD,CSV\Card\Oni_master.txt,2441,自分の指より長くて、少しだけ温かい
N43_Oni_MOD,CSV\Card\Oni_master.txt,2667,自分の指より長くて、舌の奥まで届く
N43_Oni_MOD,CSV\Card\Oni_master.txt,2858,お尻の穴が、さっきより大きく押し広げられる
N43_Oni_MOD,CSV\Card\Oni_master.txt,3677,僕の指よりずっと長い
N43_Oni_MOD,CSV\Card\Oni_master.txt,3881,"    説明,二杯目の口づけは、一杯目よりずっと長かった"
N44_Mimic_MOD,CSV\Card\Mimic_master.txt,1068,さっきのより少し大きい
N44_Mimic_MOD,CSV\Card\Mimic_master.txt,1314,今度はさっきより長い
N44_Mimic_MOD,CSV\Card\Mimic_master.txt,1596,天鵞絨の、手のひらより少し大きな枕だった
N44_Mimic_MOD,CSV\Card\Mimic_master.txt,1639,人の舌よりずっと長い
N44_Mimic_MOD,CSV\Card\Mimic_master.txt,1958,さっきより大きくなってるねぇ
N44_Mimic_MOD,CSV\Card\Mimic_master.txt,2164,入口の輪が、一本のときより大きく押し広げられる
N44_Mimic_MOD,CSV\Card\Mimic_master.txt,2183,"    セリフ,下壁への反応が、他より大きい"
N44_Mimic_MOD,CSV\Card\Mimic_master.txt,3018,指二本よりずっと大きい
N44_Mimic_MOD,CSV\Card\Mimic_master.txt,3776,僕の指よりずっと長い
N44_Mimic_MOD,CSV\Card\Mimic_master.txt,5051,……だが反応が第一の門より大きい
N44_Mimic_MOD,CSV\Card\Mimic_master.txt,5686,どく、どく、と、さっきより長く
N45_Train_MOD,CSV\Card\Train_master.txt,1568,精液がスカートの中へ、さっきより長く溢れ続けた
N45_Train_MOD,CSV\Card\Train_master.txt,1750,さっきより少し大きく押し広げられて、ゆっくり、ゆっくり、中へ入ってきた
N45_Train_MOD,CSV\Card\Train_master.txt,2085,そして、揺れが下段よりずっと大きかった
N45_Train_MOD,CSV\Card\Train_master.txt,2374,今度の汽笛は、一度目より長かった
N45_Train_MOD,CSV\Card\Train_master.txt,2886,デッキは冷えますので、いつもより長く温めておきますね
N45_Train_MOD,CSV\Card\Train_master.txt,3723,二回目の汽笛は、一回目より長かった
N45_Train_MOD,CSV\Card\Train_master.txt,4383,さっきより少し大きく押し広げられて、窓ガラスについた手に力が入る
N45_Train_MOD,CSV\Card\Train_master.txt,5729,さっきより大きく押し広げられて、配膳台をつかむ手に力が入る
N45_Train_MOD,CSV\Card\Train_master.txt,6291,車内放送よりずっと短い、運転士の声だった
N45_Train_MOD,CSV\Card\Train_master.txt,6375,一度目より長い汽笛
N47_Oiran_MOD,CSV\Card\Oiran_master.txt,1007,なのに、出した時よりも長い波が、背骨の中を何度も上り下りした
N47_Oiran_MOD,CSV\Card\Oiran_master.txt,1551,さっきよりずっと大きい
N48_Office_MOD,CSV\Card\Office_master.txt,1763,想像の中のものより、ずっと太くて長かった
N4_Android_MOD_v4,CSV\Card\Android_master.txt,1355,二度目は一度目より長く、深かった
N4_Android_MOD_v4,CSV\Card\Android_master.txt,1359,一回目より長く続いています
N4_Android_MOD_v4,CSV\Card\Android_master.txt,1558,中がそれを飲み込むように波打って、濡れた音がさっきより大きく響いた
N4_Android_MOD_v4,CSV\Card\Android_master.txt,1971,長さは僕の手のひらより少し長いくらい
N4_Android_MOD_v4,CSV\Card\Android_master.txt,2368,"    説明,中枢ホールの真ん中には、ほかの部屋のものより一回り大きな白い計測台があった"
N4_Android_MOD_v4,CSV\Card\Android_master.txt,5383,でも、その怖さの向こうに、今までのどの波よりも大きな、甘いものが待っているのが分かる
N4_Android_MOD_v4,CSV\Card\Android_master.txt,6111,"    説明,二度目の絶頂は、一度目よりずっと長かった"
N51_Alchemy_MOD,CSV\Card\Alchemy_master.txt,1374,僕のものより、ずっと長くて太かった
N51_Alchemy_MOD,CSV\Card\Alchemy_master.txt,1913,彼女の指は、僕の指より長かった
N51_Alchemy_MOD,CSV\Card\Alchemy_master.txt,1950,自分の指より長く、奥まで
N51_Alchemy_MOD,CSV\Card\Alchemy_master.txt,2265,……霊薬のせいで、いつもよりずっと大きく膨らんでいます
N52_Masque_MOD,CSV\Card\Masque_master.txt,1083,何もされない二拍が、つままれる一拍よりずっと長く感じた
N56_Luna_MOD,CSV\Card\Luna_master.txt,1570,震えが、さっきより短い間隔でやってくる
N56_Luna_MOD,CSV\Card\Luna_master.txt,1581,"    説明,いつもより長く、いつもより多かった"
N56_Luna_MOD,CSV\Card\Luna_master.txt,2347,"    説明,二度目の口づけは、さっきより長かった"
N56_Luna_MOD,CSV\Card\Luna_master.txt,2619,ささやきよりも少し大きく、でもやわらかい声
N56_Luna_MOD,CSV\Card\Luna_master.txt,3086,欲しさのほうが、恥ずかしさよりずっと大きかった
N58_Circus_MOD,CSV\Card\Circus_master.txt,1529,"    説明,二度目の波は、一度目よりずっと長かった"
N60_Starship_MOD,CSV\Card\Starship_master.txt,2588,"    説明,今度の線は、さっきより短く、細かかった"
N64_Sister_MOD,CSV\Card\Sister_master.txt,1307,長さは、あなたのおちんちんよりずっと長いでしょう？
N73_Musashi_MOD,CSV\Card\Musashi_master.txt,1814,長さは、そなたの魔羅よりずっと長い
N78_Kiss_MOD,CSV\Card\Kiss_master.txt,3450,"    セリフ,お客さま、お声が色の名前より大きくなっております"
N79_Perfume_MOD,CSV\Card\Perfume_master.txt,3658,"    セリフ,お洋服の香りは、肌に付けるより長持ちするんです"
N84_Centaur_MOD,CSV\Card\Centaur_master.txt,1260,"    セリフ,ぬちゅ、ぬちゅと水の音より大きいな"
N84_Centaur_MOD,CSV\Card\Centaur_master.txt,1386,"    セリフ,族長の尻尾より長いんだよ、あたしの"
N84_Centaur_MOD,CSV\Card\Centaur_master.txt,2467,筆より大きな円で、ゆっくりね
N84_Centaur_MOD,CSV\Card\Centaur_master.txt,2567,鞍磨きの筆より長く、柔らかく、ほんのりと彼女の匂いがする
N86_Military_MOD,CSV\Card\Military_master.txt,1368,剣より短剣のほうが大事だったの？
N86_Military_MOD,CSV\Card\Military_master.txt,1573,二十五センチを超えるそれが、僕のものよりずっと大きく、脈打っているのが分かる
N87_Atelier_MOD,CSV\Card\Atelier_master.txt,1101,右より少し大きいのね
N87_Atelier_MOD,CSV\Card\Atelier_master.txt,1872,そこにそそり立つものは、僕のものより遥かに長く、太かった
N8_Esthe_MOD_v4,CSV\Card\Esthe_master.txt,997,おちんちんからは何も出ていないのに、出した時よりもずっと長く、気持ちいいのが続いた
N8_Esthe_MOD_v4,CSV\Card\Esthe_master.txt,1460,さっきより長い
N8_Esthe_MOD_v4,CSV\Card\Esthe_master.txt,1612,"    説明,二度目は、一度目より長かった"
N8_Esthe_MOD_v4,CSV\Card\Esthe_master.txt,2411,射精よりずっと長くて、ずっと深い波が、頭の中で何度も打ち寄せてくる
N8_Esthe_MOD_v4,CSV\Card\Esthe_master.txt,2824,"    セリフ,吸うのが、四つより長くなっていますね"
N8_Esthe_MOD_v4,CSV\Card\Esthe_master.txt,3817,"    説明,二回目は、一回目より長かった"
N8_Esthe_MOD_v4,CSV\Card\Esthe_master.txt,4419,胸の中の穴が、さっきより大きく口を開けている
N8_Esthe_MOD_v4,CSV\Card\Esthe_master.txt,4489,"    説明,新しいろうそくの火は、前のものより明るかった"
N8_Esthe_MOD_v4,CSV\Card\Esthe_master.txt,5550,一回目よりずっと長い
N8_Esthe_MOD_v4,CSV\Card\Esthe_master.txt,6274,"    説明,一回目より長かった"
N90_General_MOD,CSV\Card\General_master.txt,4683,香油が泡立つ音、篝火より大きいぞ
N92_Spirit_MOD,CSV\Card\Spirit_master.txt,2824,妾の指は、そなたのより長く、温かい❤
N92_Spirit_MOD,CSV\Card\Spirit_master.txt,3581,けれど耳もとの吐息だけが、ほかのどんな音よりも大きく響いていた
N92_Spirit_MOD,CSV\Card\Spirit_master.txt,4857,"    セリフ,右の先っぽ、左より少し大きいかしら"
N94_Werewolf_MOD,CSV\Card\Werewolf_master.txt,2925,犬の声が、さっきより大きく聞こえないかい？❤
N95_Smith_MOD,CSV\Card\Smith_master.txt,2540,"    セリフ,わたしの指は、あなたの指より長いんです"
N95_Smith_MOD,CSV\Card\Smith_master.txt,4784,"    セリフ,あたしの胸、坊やの背中より大きいでしょう"
N98_Beach_MOD,CSV\Card\Beach_master.txt,1715,波より近くて、波より大きい❤
N98_Beach_MOD,CSV\Card\Beach_master.txt,1877,可愛いおちんちん、さっきより大きくなってるもの❤
