元絵,顔の数,男らしさ,結果,直す
alt_ashikoki,1,0.01,相手だけ（主人公の顔が写らない）,
alt_ashikoki_2,1,0.00,相手だけ（主人公の顔が写らない）,
alt_ashikoki_3,1,0.01,相手だけ（主人公の顔が写らない）,
alt_ashikoki_4,1,0.01,相手だけ（主人公の顔が写らない）,
alt_ashikoki_5,1,0.00,相手だけ（主人公の顔が写らない）,
alt_ashikoki_6,1,0.01,相手だけ（主人公の顔が写らない）,
alt_ashikoki_7,1,0.01,相手だけ（主人公の顔が写らない）,
alt_ashikoki_8,1,0.01,相手だけ（主人公の顔が写らない）,
alt_thigh_top,0,,顔が見つからない,
alt_thigh_top_2,1,0.29,相手だけ（主人公の顔が写らない）,
alt_thigh_top_3,1,0.48,相手だけ（主人公の顔が写らない）,
alt_thigh_top_4,0,,顔が見つからない,
alt_thigh_top_5,1,0.03,相手だけ（主人公の顔が写らない）,
anilingus_pov_close,1,0.07,相手だけ（主人公の顔が写らない）,
anilingus_pov_close_2,1,0.04,相手だけ（主人公の顔が写らない）,
anilingus_pov_legs_up_hj,1,0.05,相手だけ（主人公の顔が写らない）,
anilingus_pov_legs_up_hj_2,2,0.33 / 0.19,判定あいまい・要確認,
anilingus_pov_legs_up_hj_3,1,0.03,相手だけ（主人公の顔が写らない）,
anilingus_side_fours_hj,1,0.07,相手だけ（主人公の顔が写らない）,
anilingus_stand_bent_squat,1,0.01,相手だけ（主人公の顔が写らない）,
arachne,2,0.43 / 0.01,OK,
arachne_2,2,0.40 / 0.01,OK,
arachne_3,2,0.01 / 0.05,判定あいまい・要確認,
arachne_4,1,0.01,相手だけ（主人公の顔が写らない）,
arachne_5,2,0.92 / 0.01,OK,
armpit,2,0.16 / 0.73,OK,
armpit_2,2,0.07 / 0.11,判定あいまい・要確認,
armpit_3,2,0.02 / 0.15,判定あいまい・要確認,
armpit_4,2,0.05 / 0.31,OK,
armpit_5,2,0.02 / 0.03,判定あいまい・要確認,
armpit_face_lying_hj,1,0.01,相手だけ（主人公の顔が写らない）,
armpit_headlock_side_hj,1,0.08,相手だけ（主人公の顔が写らない）,
armpit_job_b,1,0.03,相手だけ（主人公の顔が写らない）,
armpit_job_b_2,1,0.01,相手だけ（主人公の顔が写らない）,
armpit_job_b_3,1,0.03,相手だけ（主人公の顔が写らない）,
armpit_job_b_4,1,0.08,相手だけ（主人公の顔が写らない）,
armpit_job_stand,2,0.13 / 0.98,OK,
armpit_job_stand_2,1,0.04,相手だけ（主人公の顔が写らない）,
armpit_pov_front,1,0.01,相手だけ（主人公の顔が写らない）,
armpit_stand_front,1,0.16,相手だけ（主人公の顔が写らない）,
behind_hug_bust,2,0.67 / 0.56,判定あいまい・要確認,
behind_hug_bust_2,2,0.56 / 0.39,判定あいまい・要確認,
behind_hug_seated_b,2,0.17 / 0.24,判定あいまい・要確認,
behind_hug_seated_b_2,2,0.50 / 0.29,判定あいまい・要確認,
between_legs_sit_lying,1,0.12,相手だけ（主人公の顔が写らない）,
bloodsuck_behind,1,0.68,顔が1つだけ（男）→ 使わない,
bloodsuck_behind_b,2,0.17 / 0.13,判定あいまい・要確認,
bloodsuck_behind_b_2,2,0.34 / 0.11,判定あいまい・要確認,
bloodsuck_p,2,0.08 / 0.08,判定あいまい・要確認,
bloodsuck_p_2,2,0.12 / 0.06,判定あいまい・要確認,
bloodsuck_p_3,2,0.03 / 0.13,判定あいまい・要確認,
bondage_p,1,0.02,相手だけ（主人公の顔が写らない）,
bondage_p_2,1,0.01,相手だけ（主人公の顔が写らない）,
bondage_p_3,1,0.01,相手だけ（主人公の顔が写らない）,
bondage_p_4,2,0.01 / 0.14,判定あいまい・要確認,
bound_chair_front,1,0.03,相手だけ（主人公の顔が写らない）,
bound_stand_leg_up_peg,1,0.14,使わない（直す）,使わない
bound_tentacle_stand,0,,顔が見つからない,
bound_wrap_hj,1,0.05,相手だけ（主人公の顔が写らない）,
buttjob_pov,1,0.31,相手だけ（主人公の顔が写らない）,
buttjob_pov_2,0,,顔が見つからない,
buttjob_pov_3,0,,顔が見つからない,
buttjob_pov_4,1,0.06,相手だけ（主人公の顔が写らない）,
buttjob_pov_5,1,0.03,相手だけ（主人公の顔が写らない）,
chastity,1,0.02,相手だけ（主人公の顔が写らない）,
chastity_2,1,0.01,相手だけ（主人公の顔が写らない）,
chastity_3,1,0.04,相手だけ（主人公の顔が写らない）,
chastity_4,1,0.03,相手だけ（主人公の顔が写らない）,
chastity_5,1,0.01,相手だけ（主人公の顔が写らない）,
chastity_6,1,0.03,相手だけ（主人公の顔が写らない）,
chastity_7,1,0.02,相手だけ（主人公の顔が写らない）,
chastity_8,1,0.02,相手だけ（主人公の顔が写らない）,
chastity_fours_behind,1,0.05,相手だけ（主人公の顔が写らない）,
chastity_pov_b,1,0.03,相手だけ（主人公の顔が写らない）,
chastity_pov_b_2,1,0.01,相手だけ（主人公の顔が写らない）,
chastity_pov_back,1,0.14,相手だけ（主人公の顔が写らない）,
chastity_side_hold,1,0.27,相手だけ（主人公の顔が写らない）,
chastity_sit_back_low,1,0.01,相手だけ（主人公の顔が写らない）,
chastity_stand_face,2,0.27 / 0.10,判定あいまい・要確認,
chastity_stand_step_low,1,0.03,相手だけ（主人公の顔が写らない）,
chest_press_lying,1,0.01,相手だけ（主人公の顔が写らない）,
chest_press_lying_2,2,0.03 / 0.52,OK,
chest_press_stand,1,0.02,相手だけ（主人公の顔が写らない）,
chesthug_close,1,0.43,相手だけ（主人公の顔が写らない）,
chesthug_close_2,1,0.00,相手だけ（主人公の顔が写らない）,
chesthug_lap_finger,1,0.00,相手だけ（主人公の顔が写らない）,
chesthug_stand,1,0.00,相手だけ（主人公の顔が写らない）,
chesthug_stand_2,1,0.10,相手だけ（主人公の顔が写らない）,
chin_pov,1,0.02,相手だけ（主人公の顔が写らない）,
chin_pov_2,1,0.02,相手だけ（主人公の顔が写らない）,
chin_pov_3,1,0.02,相手だけ（主人公の顔が写らない）,
close_hug_p,2,0.00 / 0.02,判定あいまい・要確認,
collar,2,0.92 / 0.02,OK,
collar_2,2,0.35 / 0.02,OK,
collar_3,2,0.91 / 0.04,OK,
collar_4,2,0.90 / 0.02,OK,
collar_5,2,0.95 / 0.01,OK,
collar_pov,1,0.04,相手だけ（主人公の顔が写らない）,
collar_pov_2,1,0.02,相手だけ（主人公の顔が写らない）,
collar_pov_3,1,0.03,相手だけ（主人公の顔が写らない）,
collar_pov_4,1,0.03,相手だけ（主人公の顔が写らない）,
collar_pov_5,1,0.02,相手だけ（主人公の顔が写らない）,
collar_pov_6,1,0.03,相手だけ（主人公の顔が写らない）,
collar_pov_7,1,0.03,相手だけ（主人公の顔が写らない）,
drain_facesit_low,2,0.02 / 0.54,OK,
drain_facesit_low_2,1,0.02,相手だけ（主人公の顔が写らない）,
drain_pov_hands,1,0.02,相手だけ（主人公の顔が写らない）,
drain_pov_thighs,1,0.02,相手だけ（主人公の顔が写らない）,
ear_lick_side,2,0.09 / 0.26,判定あいまい・要確認,
ear_lick_side_2,2,0.92 / 0.11,OK,
ear_lick_side_3,2,0.43 / 0.19,判定あいまい・要確認,
ear_lying_above,2,0.24 / 0.66,OK,
ear_lying_above_2,2,0.70 / 0.32,OK,
ear_lying_above_3,2,0.17 / 0.13,判定あいまい・要確認,
ear_lying_above_4,1,0.27,使わない（直す）,使わない
ear_prone_above,2,0.12 / 0.09,判定あいまい・要確認,
ear_sit_front_beside_whisper,2,0.30 / 0.27,判定あいまい・要確認,
ear_two_sides_front,3,0.30 / 0.16 / 0.25,左右で分けた（左＝相手1・真ん中＝主人公・右＝相手2）,
energy_drain,2,0.35 / 0.02,使わない（直す）,使わない
energy_drain_2,1,0.58,顔が1つだけ（男）→ 使わない,
energy_drain_3,1,0.02,使わない（直す）,使わない
energy_drain_4,2,0.25 / 0.13,判定あいまい・要確認,
energy_drain_5,1,0.03,相手だけ（主人公の顔が写らない）,
energy_drain_6,2,0.06 / 0.91,OK,
energy_drain_7,1,0.10,使わない（直す）,使わない
energy_drain_8,2,0.14 / 0.67,OK,
energy_drain_kiss,2,0.11 / 0.53,OK,
energy_drain_kiss_2,2,0.11 / 0.29,判定あいまい・要確認,
energy_drain_ride_4,1,0.07,相手だけ（主人公の顔が写らない）,
energy_drain_ride_5,1,0.06,相手だけ（主人公の顔が写らない）,
face_close_behind_tongue,1,0.09,相手だけ（主人公の顔が写らない）,
facesit,1,0.01,相手だけ（主人公の顔が写らない）,
facesit_2,1,0.02,相手だけ（主人公の顔が写らない）,
facesit_3,0,,顔が見つからない,
facesit_4,1,0.01,相手だけ（主人公の顔が写らない）,
facesit_5,1,0.03,相手だけ（主人公の顔が写らない）,
facesit_6,0,,顔が見つからない,
facesit_foot,1,0.01,相手だけ（主人公の顔が写らない）,
facesit_foot_2,2,0.02 / 0.60,OK,
facesit_foot_3,1,0.02,相手だけ（主人公の顔が写らない）,
facesit_foot_4,1,0.01,相手だけ（主人公の顔が写らない）,
facesit_foot_5,1,0.01,相手だけ（主人公の顔が写らない）,
facesit_front,1,0.16,相手だけ（主人公の顔が写らない）,
facesit_front_2,2,0.09 / 0.01,判定あいまい・要確認,
facesit_nipple_above,1,0.00,相手だけ（主人公の顔が写らない）,
facesit_pov,1,0.51,顔が1つだけ（男）→ 使わない,
facesit_pov_2,1,0.26,相手だけ（主人公の顔が写らない）,
facesit_pov_3,1,0.39,相手だけ（主人公の顔が写らない）,
facesit_side,1,0.01,相手だけ（主人公の顔が写らない）,
facesit_side_2,1,0.01,相手だけ（主人公の顔が写らない）,
facesit_side_3,1,0.03,相手だけ（主人公の顔が写らない）,
figure_four,2,0.01 / 0.82,OK,
figure_four_2,1,0.01,相手だけ（主人公の顔が写らない）,
figure_four_3,2,0.51 / 0.00,OK,
figure_four_4,2,0.35 / 0.01,OK,
figure_four_5,2,0.01 / 0.64,OK,
figure_four_6,2,0.72 / 0.00,OK,
figure_four_foot,2,0.60 / 0.01,OK,
figure_four_foot_2,2,0.01 / 0.14,判定あいまい・要確認,
figure_four_foot_3,2,0.00 / 0.30,OK,
figure_four_foot_4,2,0.37 / 0.01,OK,
figure_four_foot_5,1,0.01,相手だけ（主人公の顔が写らない）,
finger_bent_behind_facing,1,0.00,相手だけ（主人公の顔が写らない）,
finger_bent_behind_facing_b,2,0.00 / 0.08,判定あいまい・要確認,
finger_bent_behind_lap,2,0.00 / 0.07,判定あいまい・要確認,
finger_fours_behind,2,0.03 / 0.94,OK,
finger_fours_behind_2,2,0.06 / 0.72,OK,
finger_fours_behind_tentacle,1,0.02,相手だけ（主人公の顔が写らない）,
finger_fours_behind_tentacle_b,1,0.01,相手だけ（主人公の顔が写らない）,
finger_fours_front_tentacle,1,0.03,相手だけ（主人公の顔が写らない）,
finger_fours_kneel_back,1,0.06,相手だけ（主人公の顔が写らない）,
finger_fours_kneel_side,1,0.08,相手だけ（主人公の顔が写らない）,
finger_fours_low,1,0.11,相手だけ（主人公の顔が写らない）,
finger_fours_side_hj,2,0.11 / 0.54,OK,
finger_front_legs,2,0.03 / 0.68,OK,
finger_lap_hips,1,0.04,相手だけ（主人公の顔が写らない）,
finger_lie_above_facing_finger,1,0.00,相手だけ（主人公の顔が写らない）,
finger_lie_low_beside,2,0.18 / 0.11,判定あいまい・要確認,
finger_lie_side_back,1,0.04,相手だけ（主人公の顔が写らない）,
finger_pov_legs,1,0.02,相手だけ（主人公の顔が写らない）,
finger_pov_legs_2,1,0.01,相手だけ（主人公の顔が写らない）,
finger_pov_legs_3,1,0.02,相手だけ（主人公の顔が写らない）,
finger_prone_behind_on_finger,1,0.02,相手だけ（主人公の顔が写らない）,
finger_prone_stand_low,1,0.01,相手だけ（主人公の顔が写らない）,
finger_side_legs,1,0.01,相手だけ（主人公の顔が写らない）,
finger_side_sit,1,0.04,相手だけ（主人公の顔が写らない）,
finger_sit_front_back,2,0.05 / 0.06,判定あいまい・要確認,
finger_sit_front_back_nipple,2,0.15 / 0.03,判定あいまい・要確認,
finger_sit_front_back_nipple_b,2,0.07 / 0.01,判定あいまい・要確認,
finger_spoon_b,2,0.10 / 0.23,判定あいまい・要確認,
finger_spoon_b_2,2,0.11 / 0.46,OK,
finger_spoon_side,2,0.08 / 0.72,OK,
finger_stand_bent_side,1,0.03,相手だけ（主人公の顔が写らない）,
finger_wall_stand_low,1,0.09,相手だけ（主人公の顔が写らない）,
fingering_p,1,0.01,相手だけ（主人公の顔が写らない）,
fingering_p_2,2,0.01 / 0.96,OK,
fingering_p_3,2,0.01 / 0.83,OK,
fingering_p_4,1,0.01,相手だけ（主人公の顔が写らない）,
fingering_p_5,1,0.01,相手だけ（主人公の顔が写らない）,
fingering_p_6,1,0.01,相手だけ（主人公の顔が写らない）,
fingering_p_7,1,0.01,相手だけ（主人公の顔が写らない）,
fingering_p_8,2,0.96 / 0.02,OK,
foot_behind_nipple,1,0.03,使わない（直す）,使わない
foot_chest_pov,1,0.04,相手だけ（主人公の顔が写らない）,
foot_chest_pov_2,1,0.02,相手だけ（主人公の顔が写らない）,
foot_chest_pov_3,1,0.02,相手だけ（主人公の顔が写らない）,
foot_chest_pov_4,1,0.04,相手だけ（主人公の顔が写らない）,
foot_chest_pov_5,1,0.00,相手だけ（主人公の顔が写らない）,
foot_chest_pov_6,1,0.04,相手だけ（主人公の顔が写らない）,
foot_face_pov,1,0.02,相手だけ（主人公の顔が写らない）,
foot_lie_pov_urethra,1,0.01,相手だけ（主人公の顔が写らない）,
foot_pov_sit_both,1,0.01,相手だけ（主人公の顔が写らない）,
foot_side_sitting,1,0.05,相手だけ（主人公の顔が写らない）,
foot_side_sitting_2,1,0.23,相手だけ（主人公の顔が写らない）,
foot_sofa_lying,1,0.01,相手だけ（主人公の顔が写らない）,
footjob_p,1,0.02,相手だけ（主人公の顔が写らない）,
footjob_p_2,1,0.04,相手だけ（主人公の顔が写らない）,
footjob_p_3,1,0.03,相手だけ（主人公の顔が写らない）,
footjob_p_4,2,0.01 / 0.69,OK,
footjob_p_5,2,0.98 / 0.05,OK,
footjob_p_6,1,0.02,相手だけ（主人公の顔が写らない）,
footjob_p_7,2,0.01 / 0.15,判定あいまい・要確認,
footjob_side_lying,2,0.94 / 0.01,OK,
footjob_side_lying_2,1,0.01,相手だけ（主人公の顔が写らない）,
footjob_side_lying_3,1,0.01,相手だけ（主人公の顔が写らない）,
footjob_side_lying_4,1,0.03,相手だけ（主人公の顔が写らない）,
fours_behind_nipple,2,0.29 / 0.43,判定あいまい・要確認,
futa,1,0.01,相手だけ（主人公の顔が写らない）,
futa_2,2,0.04 / 0.87,OK,
futa_3,2,0.02 / 0.96,OK,
futa_4,2,0.00 / 0.93,OK,
futa_5,2,0.02 / 0.96,OK,
futa_6,2,0.02 / 0.98,OK,
futa_7,2,0.04 / 0.88,OK,
futa_8,2,0.03 / 0.98,OK,
futadom_p,1,0.01,相手だけ（主人公の顔が写らない）,
futadom_p_2,2,0.01 / 0.90,OK,
futadom_p_3,2,0.83 / 0.02,OK,
futadom_p_4,2,0.00 / 0.40,OK,
hairjob_pov,1,0.13,相手だけ（主人公の顔が写らない）,
handjob_side_p,2,0.31 / 0.15,判定あいまい・要確認,
handjob_side_p_10,1,0.03,相手だけ（主人公の顔が写らない）,
handjob_side_p_2,2,0.19 / 0.21,判定あいまい・要確認,
handjob_side_p_3,2,0.11 / 0.12,判定あいまい・要確認,
handjob_side_p_4,2,0.28 / 0.30,判定あいまい・要確認,
handjob_side_p_5,2,0.62 / 0.22,OK,
handjob_side_p_6,2,0.03 / 0.94,OK,
handjob_side_p_7,2,0.02 / 0.92,OK,
handjob_side_p_8,2,0.01 / 0.26,判定あいまい・要確認,
handjob_side_p_9,2,0.36 / 0.16,判定あいまい・要確認,
head_side_nipple_2,1,0.01,相手だけ（主人公の顔が写らない）,
headlock_foot,1,0.02,相手だけ（主人公の顔が写らない）,
headlock_foot_2,1,0.00,相手だけ（主人公の顔が写らない）,
headlock_foot_3,1,0.00,相手だけ（主人公の顔が写らない）,
headlock_foot_4,1,0.01,相手だけ（主人公の顔が写らない）,
headlock_foot_5,1,0.01,相手だけ（主人公の顔が写らない）,
headlock_foot_6,1,0.00,相手だけ（主人公の顔が写らない）,
headlock_foot_7,1,0.02,相手だけ（主人公の顔が写らない）,
headlock_foot_8,1,0.01,相手だけ（主人公の顔が写らない）,
headlock_hj,1,0.01,相手だけ（主人公の顔が写らない）,
headlock_hj_2,1,0.07,相手だけ（主人公の顔が写らない）,
headlock_hj_3,1,0.00,相手だけ（主人公の顔が写らない）,
hj_behind_seated,2,0.30 / 0.31,判定あいまい・要確認,
hj_behind_seated_10,1,0.00,相手だけ（主人公の顔が写らない）,
hj_behind_seated_11,1,0.00,相手だけ（主人公の顔が写らない）,
hj_behind_seated_12,1,0.01,相手だけ（主人公の顔が写らない）,
hj_behind_seated_13,1,0.01,相手だけ（主人公の顔が写らない）,
hj_behind_seated_14,2,0.61 / 0.45,判定あいまい・要確認,
hj_behind_seated_2,2,0.53 / 0.38,判定あいまい・要確認,
hj_behind_seated_3,2,0.30 / 0.20,判定あいまい・要確認,
hj_behind_seated_4,2,0.42 / 0.19,判定あいまい・要確認,
hj_behind_seated_5,2,0.89 / 0.36,OK,
hj_behind_seated_6,2,0.29 / 0.17,判定あいまい・要確認,
hj_behind_seated_7,1,0.00,相手だけ（主人公の顔が写らない）,
hj_behind_seated_8,1,0.01,相手だけ（主人公の顔が写らない）,
hj_behind_seated_9,1,0.01,相手だけ（主人公の顔が写らない）,
hj_lap_above,1,0.02,相手だけ（主人公の顔が写らない）,
hj_lap_above_2,1,0.25,使わない（直す）,使わない
hj_lie_side_on_whisper,2,0.00 / 0.01,判定あいまい・要確認,
hj_lying_beside_front,1,0.08,相手だけ（主人公の顔が写らない）,
hj_lying_beside_front_2,1,0.08,相手だけ（主人公の顔が写らない）,
hj_lying_beside_front_3,1,0.05,相手だけ（主人公の顔が写らない）,
hj_lying_beside_front_4,1,0.75,顔が1つだけ（男）→ 使わない,
hj_lying_beside_front_5,1,0.65,顔が1つだけ（男）→ 使わない,
hj_pov_above,1,0.01,相手だけ（主人公の顔が写らない）,
hj_pov_above_10,1,0.13,相手だけ（主人公の顔が写らない）,
hj_pov_above_11,1,0.07,相手だけ（主人公の顔が写らない）,
hj_pov_above_2,1,0.01,相手だけ（主人公の顔が写らない）,
hj_pov_above_3,1,0.07,相手だけ（主人公の顔が写らない）,
hj_pov_above_4,1,0.04,相手だけ（主人公の顔が写らない）,
hj_pov_above_5,1,0.03,相手だけ（主人公の顔が写らない）,
hj_pov_above_6,1,0.02,相手だけ（主人公の顔が写らない）,
hj_pov_above_7,1,0.04,相手だけ（主人公の顔が写らない）,
hj_pov_above_8,1,0.03,相手だけ（主人公の顔が写らない）,
hj_pov_above_9,1,0.06,相手だけ（主人公の顔が写らない）,
hj_pov_close,1,0.17,相手だけ（主人公の顔が写らない）,
hj_pov_close_2,1,0.12,相手だけ（主人公の顔が写らない）,
hj_pov_close_3,1,0.04,相手だけ（主人公の顔が写らない）,
hj_pov_close_4,1,0.18,相手だけ（主人公の顔が写らない）,
hj_pov_close_5,1,0.74,顔が1つだけ（男）→ 使わない,
hj_pov_close_6,1,0.38,相手だけ（主人公の顔が写らない）,
hj_pov_close_7,1,0.09,相手だけ（主人公の顔が写らない）,
hj_pov_close_8,1,0.35,相手だけ（主人公の顔が写らない）,
hj_side_clothed,1,0.36,相手だけ（主人公の顔が写らない）,
hj_side_clothed_2,1,0.79,顔が1つだけ（男）→ 使わない,
hj_sit_side_beside_nipple,2,0.28 / 0.12,判定あいまい・要確認,
hj_stand_side,1,0.32,相手だけ（主人公の顔が写らない）,
hj_stand_side_2,1,0.33,相手だけ（主人公の顔が写らない）,
hj_stand_side_3,1,0.34,相手だけ（主人公の顔が写らない）,
hold_behind_stand_hj,1,0.82,顔が1つだけ（男）→ 使わない,
hold_behind_tentacle,1,0.08,相手だけ（主人公の顔が写らない）,
hug_lie_above_facing,1,0.01,相手だけ（主人公の顔が写らない）,
hug_lie_side_over_kiss,2,0.25 / 0.61,OK,
hug_seated_chest,1,0.01,相手だけ（主人公の顔が写らない）,
hug_seated_chest_2,1,0.01,相手だけ（主人公の顔が写らない）,
hug_seated_chest_3,1,0.00,相手だけ（主人公の顔が写らない）,
hug_seated_chest_4,2,0.00 / 0.10,判定あいまい・要確認,
hug_sit_side_facing_smother,1,0.01,相手だけ（主人公の顔が写らない）,
hug_sit_side_facing_smother_b,1,0.00,相手だけ（主人公の顔が写らない）,
hug_sit_side_facing_smother_c,1,0.04,相手だけ（主人公の顔が写らない）,
hug_stand_behind_facing_smother,1,0.02,相手だけ（主人公の顔が写らない）,
hug_stand_side_facing,1,0.00,相手だけ（主人公の顔が写らない）,
hug_standing_chest,1,0.00,相手だけ（主人公の顔が写らない）,
hug_standing_chest_2,1,0.01,相手だけ（主人公の顔が写らない）,
inverted,2,0.93 / 0.02,OK,
inverted_2,2,0.03 / 0.98,OK,
inverted_3,1,0.02,相手だけ（主人公の顔が写らない）,
inverted_4,2,0.01 / 0.89,OK,
inverted_5,1,0.02,相手だけ（主人公の顔が写らない）,
inverted_6,1,0.01,相手だけ（主人公の顔が写らない）,
inverted_7,2,0.01 / 0.99,OK,
inverted_8,2,0.02 / 0.99,OK,
inverted_seated_toy,1,0.08,相手だけ（主人公の顔が写らない）,
kiss_above_drool,1,0.04,相手だけ（主人公の顔が写らない）,
kiss_close_side_tongue,2,0.10 / 0.12,判定あいまい・要確認,
kiss_lap,2,0.10 / 0.24,判定あいまい・要確認,
kiss_lap_2,2,0.06 / 0.10,判定あいまい・要確認,
kiss_lap_3,2,0.12 / 0.24,判定あいまい・要確認,
kiss_lap_4,2,0.28 / 0.42,判定あいまい・要確認,
kiss_lap_5,2,0.12 / 0.17,判定あいまい・要確認,
kiss_lap_6,2,0.09 / 0.08,入れ替え（直す）,入れ替え
kiss_lap_7,1,0.27,使わない（直す）,使わない
kiss_lap_bed_side,2,0.11 / 0.11,入れ替え（直す）,入れ替え
kiss_lie_above_hj,2,0.12 / 0.15,判定あいまい・要確認,
kiss_lie_side_on_hj,2,0.06 / 0.31,OK,
kiss_lying_ontop_side,2,0.19 / 0.17,入れ替え（直す）,入れ替え
kiss_p,2,0.06 / 0.17,判定あいまい・要確認,
kiss_p_2,1,0.08,使わない（直す）,使わない
kiss_p_3,2,0.06 / 0.32,OK,
kiss_p_4,1,0.04,使わない（直す）,使わない
kiss_peg_above,2,0.14 / 0.25,判定あいまい・要確認,
kiss_peg_above_2,2,0.28 / 0.47,判定あいまい・要確認,
kiss_peg_spoon,2,0.13 / 0.48,OK,
kiss_peg_spoon_2,2,0.15 / 0.04,判定あいまい・要確認,
kiss_pov,1,0.10,相手だけ（主人公の顔が写らない）,
kiss_pov_2,1,0.08,相手だけ（主人公の顔が写らない）,
kiss_pov_3,1,0.09,相手だけ（主人公の顔が写らない）,
kiss_pov_4,1,0.05,相手だけ（主人公の顔が写らない）,
kiss_pov_5,1,0.04,相手だけ（主人公の顔が写らない）,
kiss_pov_6,1,0.04,相手だけ（主人公の顔が写らない）,
kiss_pov_b,1,0.03,相手だけ（主人公の顔が写らない）,
kiss_pov_b_10,1,0.15,相手だけ（主人公の顔が写らない）,
kiss_pov_b_2,1,0.02,相手だけ（主人公の顔が写らない）,
kiss_pov_b_3,1,0.04,相手だけ（主人公の顔が写らない）,
kiss_pov_b_4,1,0.05,相手だけ（主人公の顔が写らない）,
kiss_pov_b_5,1,0.03,相手だけ（主人公の顔が写らない）,
kiss_pov_b_6,1,0.04,相手だけ（主人公の顔が写らない）,
kiss_pov_b_7,1,0.02,相手だけ（主人公の顔が写らない）,
kiss_pov_b_8,1,0.05,相手だけ（主人公の顔が写らない）,
kiss_pov_b_9,1,0.04,相手だけ（主人公の顔が写らない）,
kiss_stand_side_facing,2,0.01 / 0.03,判定あいまい・要確認,
kiss_standing_clothed,3,0.30 / 0.29 / 0.71,OK,
kiss_wall,2,0.18 / 0.21,判定あいまい・要確認,
kiss_wall_2,2,0.17 / 0.28,判定あいまい・要確認,
kiss_wall_3,2,0.35 / 0.17,判定あいまい・要確認,
kiss_wall_4,2,0.11 / 0.11,判定あいまい・要確認,
kiss_wall_5,2,0.13 / 0.20,判定あいまい・要確認,
kneel_bed_edge_nipple,2,0.00 / 0.99,OK,
kneel_bed_edge_nipple_2,2,0.42 / 0.04,OK,
kneel_bed_edge_nipple_3,2,0.53 / 0.02,OK,
kneel_behind_hug_2,2,0.11 / 0.09,判定あいまい・要確認,
kneel_front_nipple,2,0.01 / 0.20,判定あいまい・要確認,
kneel_pov_sit_foot,1,0.06,相手だけ（主人公の顔が写らない）,
kneel_pov_sit_foot_2,1,0.34,相手だけ（主人公の顔が写らない）,
kneel_seiza_head,2,0.02 / 0.96,OK,
kneel_seiza_head_2,2,0.91 / 0.03,OK,
kneel_stand_leash,2,0.01 / 0.92,OK,
kneel_stand_leash_2,2,0.02 / 0.86,OK,
kneel_throne_chin,2,0.01 / 0.86,OK,
kneel_throne_chin_2,2,0.01 / 0.75,OK,
lamia,1,0.17,相手だけ（主人公の顔が写らない）,
lamia_2,2,0.19 / 0.16,判定あいまい・要確認,
lamia_3,2,0.12 / 0.89,OK,
lamia_4,1,0.05,相手だけ（主人公の顔が写らない）,
lamia_5,2,0.19 / 0.43,判定あいまい・要確認,
lamia_6,2,0.24 / 0.40,判定あいまい・要確認,
lamia_7,1,0.06,相手だけ（主人公の顔が写らない）,
lamia_8,2,0.50 / 0.50,判定あいまい・要確認,
lamia_9,2,0.02 / 0.66,OK,
lamia_coil,2,0.04 / 0.36,OK,
lamia_coil_2,2,0.01 / 0.40,OK,
lamia_coil_3,2,0.02 / 0.67,OK,
lamia_coil_4,2,0.01 / 0.55,OK,
lamia_coil_5,2,0.19 / 0.19,判定あいまい・要確認,
lamia_coil_6,1,0.01,相手だけ（主人公の顔が写らない）,
lamia_coil_7,2,0.69 / 0.22,OK,
lamia_coil_8,2,0.15 / 0.07,判定あいまい・要確認,
lamia_coil_legs,1,0.13,相手だけ（主人公の顔が写らない）,
lamia_pov_coil,1,0.07,相手だけ（主人公の顔が写らない）,
lamia_pov_coil_2,1,0.32,相手だけ（主人公の顔が写らない）,
lap_finger,1,0.22,使わない（直す）,使わない
lap_finger_2,1,0.01,相手だけ（主人公の顔が写らない）,
lap_finger_3,1,0.05,使わない（直す）,使わない
lap_finger_hj,1,0.01,相手だけ（主人公の顔が写らない）,
lap_nursing_hj,2,0.00 / 0.19,判定あいまい・要確認,
lap_nursing_hj_2,2,0.00 / 0.31,OK,
lap_nursing_hj_3,2,0.10 / 0.00,判定あいまい・要確認,
lap_nursing_hj_4,3,0.81 / 0.00 / 0.06,OK,
lap_nursing_hj_5,2,0.00 / 0.03,判定あいまい・要確認,
lap_pillow_hj_side,2,0.01 / 0.34,OK,
lap_pillow_hj_side_2,1,0.02,相手だけ（主人公の顔が写らない）,
lap_sit_front_hj,1,0.00,相手だけ（主人公の顔が写らない）,
lie_across_chest_side,1,0.01,相手だけ（主人公の顔が写らない）,
lie_beside_hug_chest,2,0.21 / 0.68,OK,
lie_beside_hug_chest_2,1,0.22,相手だけ（主人公の顔が写らない）,
lie_beside_pov,1,0.05,相手だけ（主人公の顔が写らない）,
lying_on_him_lookback_2,1,0.03,相手だけ（主人公の顔が写らない）,
lying_on_legs_side,1,0.01,相手だけ（主人公の顔が写らない）,
machine_pov_straddle,1,0.01,相手だけ（主人公の顔が写らない）,
machine_pov_straddle_2,1,0.42,相手だけ（主人公の顔が写らない）,
multi_three_lying_above,3,0.40 / 0.08 / 0.03,使わない（直す）,使わない
multi_two_fours,3,0.07 / 0.12 / 0.59,左右で分けた（左＝相手1・男らしさ一番＝主人公・右＝相手2）,
multi_two_on_lying,2,0.17 / 0.20,主人公なし（直す）,主人公なし
multi_two_sandwich_seated,3,0.50 / 0.51 / 0.46,左右で分けた（左＝相手1・真ん中＝主人公・右＝相手2）,入れ替え
multi_two_sandwich_stand,2,0.04 / 0.03,主人公なし（直す）,主人公なし
multi_two_sandwich_stand_2,3,0.15 / 0.37 / 0.17,左右で分けた（左＝相手1・真ん中＝主人公・右＝相手2）,
multi_two_seated_ears_hj,3,0.13 / 0.17 / 0.04,左右で分けた（主人公なし・左＝相手1・右＝相手2）,主人公なし
nipple_behind_standing,2,0.48 / 0.62,入れ替え（直す）,入れ替え
nipple_behind_standing_2,2,0.12 / 0.14,入れ替え（直す）,入れ替え
nipple_behind_standing_3,1,0.09,相手だけ（主人公の顔が写らない）,
nipple_behind_standing_4,2,0.47 / 0.09,OK,
nipple_behind_torso,1,0.06,相手だけ（主人公の顔が写らない）,
nipple_behind_torso_2,2,0.31 / 0.25,判定あいまい・要確認,
nipple_behind_whisper_blindfold,2,0.66 / 0.92,OK,
nipple_face_close_blindfold,1,0.23,相手だけ（主人公の顔が写らない）,
nipple_front_standing,2,0.77 / 0.01,OK,
nipple_front_standing_2,1,0.09,相手だけ（主人公の顔が写らない）,
nipple_lap_facing_2,2,0.03 / 0.77,OK,
nipple_lap_pinch,2,0.10 / 0.29,判定あいまい・要確認,
nipple_lie_pov_beside,1,0.08,相手だけ（主人公の顔が写らない）,
nipple_lie_pov_hj,1,0.02,相手だけ（主人公の顔が写らない）,
nipple_lie_pov_on,1,0.12,相手だけ（主人公の顔が写らない）,
nipple_lie_pov_on_b,1,0.03,相手だけ（主人公の顔が写らない）,
nipple_pov_lean_mask,1,0.02,相手だけ（主人公の顔が写らない）,
nipple_pov_lick,1,0.01,相手だけ（主人公の顔が写らない）,
nipple_pov_lick_2,1,0.05,相手だけ（主人公の顔が写らない）,
nipple_pov_lick_3,1,0.02,相手だけ（主人公の顔が写らない）,
nipple_pov_lick_4,1,0.04,相手だけ（主人公の顔が写らない）,
nipple_pov_lick_5,1,0.01,相手だけ（主人公の顔が写らない）,
nipple_pov_lick_6,1,0.02,相手だけ（主人公の顔が写らない）,
nipple_pov_lick_7,1,0.01,相手だけ（主人公の顔が写らない）,
nipple_pov_pinch,1,0.01,相手だけ（主人公の顔が写らない）,
nipple_pov_pinch_2,1,0.02,相手だけ（主人公の顔が写らない）,
nipple_pov_pinch_3,1,0.02,相手だけ（主人公の顔が写らない）,
nipple_pov_straddle,1,0.01,相手だけ（主人公の顔が写らない）,
nipple_side_lying,2,0.16 / 0.47,OK,
nipple_side_lying_2,2,0.13 / 0.28,判定あいまい・要確認,
nipple_side_lying_3,2,0.14 / 0.06,使わない（直す）,使わない
nipple_side_lying_4,2,0.21 / 0.38,使わない（直す）,使わない
nipple_side_lying_5,2,0.87 / 0.15,使わない（直す）,使わない
nipple_sit_front_back_kiss,2,0.08 / 0.41,OK,
nipple_sit_front_foot,2,0.02 / 0.00,判定あいまい・要確認,
nipple_sit_front_kiss,2,0.38 / 0.39,判定あいまい・要確認,
nipple_sit_front_tentacle,2,0.29 / 0.88,OK,
nipple_sit_tentacle,1,0.41,相手だけ（主人公の顔が写らない）,
nipple_stand_close_beside,1,0.11,相手だけ（主人公の顔が写らない）,
nipple_stand_front_back,2,0.11 / 0.19,判定あいまい・要確認,
oral_hang_above_between,2,0.03 / 0.03,判定あいまい・要確認,
oral_pov_low,1,0.33,相手だけ（主人公の顔が写らない）,
oral_pov_low_10,1,0.32,相手だけ（主人公の顔が写らない）,
oral_pov_low_2,1,0.44,相手だけ（主人公の顔が写らない）,
oral_pov_low_3,1,0.20,相手だけ（主人公の顔が写らない）,
oral_pov_low_4,1,0.45,相手だけ（主人公の顔が写らない）,
oral_pov_low_5,1,0.15,相手だけ（主人公の顔が写らない）,
oral_pov_low_6,1,0.39,相手だけ（主人公の顔が写らない）,
oral_pov_low_7,1,0.48,相手だけ（主人公の顔が写らない）,
oral_pov_low_8,1,0.05,相手だけ（主人公の顔が写らない）,
oral_pov_low_9,1,0.29,相手だけ（主人公の顔が写らない）,
oral_side_lying,1,0.42,相手だけ（主人公の顔が写らない）,
oral_side_lying_2,1,0.12,相手だけ（主人公の顔が写らない）,
oral_side_lying_3,1,0.23,相手だけ（主人公の顔が写らない）,
oral_side_lying_4,1,0.19,相手だけ（主人公の顔が写らない）,
oral_side_lying_5,1,0.24,相手だけ（主人公の顔が写らない）,
oral_stand_side,1,0.22,相手だけ（主人公の顔が写らない）,
paizuri,1,0.00,相手だけ（主人公の顔が写らない）,
paizuri_2,1,0.00,相手だけ（主人公の顔が写らない）,
paizuri_3,1,0.00,相手だけ（主人公の顔が写らない）,
paizuri_4,1,0.00,相手だけ（主人公の顔が写らない）,
paizuri_5,1,0.00,相手だけ（主人公の顔が写らない）,
paizuri_6,1,0.00,相手だけ（主人公の顔が写らない）,
paizuri_side,2,0.96 / 0.01,OK,
paizuri_side_2,2,0.86 / 0.01,OK,
paizuri_side_3,2,0.02 / 0.29,OK,
paizuri_side_4,2,0.04 / 0.94,OK,
paizuri_side_5,1,0.02,相手だけ（主人公の顔が写らない）,
peg_bent_bench_behind,1,0.01,相手だけ（主人公の顔が写らない）,
peg_bent_front_back,2,0.62 / 0.07,OK,
peg_bent_front_back_b,2,0.70 / 0.25,OK,
peg_bent_side_back,1,0.00,相手だけ（主人公の顔が写らない）,
peg_chair,2,0.02 / 0.73,OK,
peg_chair_2,2,0.94 / 0.03,OK,
peg_chair_3,2,0.01 / 0.83,OK,
peg_chair_4,2,0.96 / 0.03,OK,
peg_chair_5,2,0.02 / 0.93,OK,
peg_desk_behind_b,2,0.08 / 0.49,OK,
peg_desk_side,1,0.01,相手だけ（主人公の顔が写らない）,
peg_desk_side_2,2,0.02 / 0.95,OK,
peg_desk_side_3,2,0.01 / 0.97,OK,
peg_desk_side_4,2,0.01 / 0.96,OK,
peg_desk_side_5,2,0.06 / 0.89,OK,
peg_desk_side_6,2,0.01 / 0.90,OK,
peg_desk_side_7,2,0.04 / 0.93,OK,
peg_desk_side_8,2,0.13 / 0.43,OK,
peg_desk_side_9,2,0.87 / 0.02,OK,
peg_doggy,2,0.82 / 0.01,OK,
peg_doggy_10,1,0.02,相手だけ（主人公の顔が写らない）,
peg_doggy_2,2,0.01 / 0.73,OK,
peg_doggy_3,2,0.84 / 0.00,OK,
peg_doggy_4,2,0.94 / 0.01,OK,
peg_doggy_5,2,0.78 / 0.01,OK,
peg_doggy_6,2,0.82 / 0.01,OK,
peg_doggy_7,2,0.78 / 0.01,OK,
peg_doggy_8,2,0.87 / 0.02,OK,
peg_doggy_9,2,0.91 / 0.01,OK,
peg_fours_front,2,0.09 / 0.04,入れ替え（直す）,入れ替え
peg_fours_front_2,2,0.17 / 0.44,入れ替え（直す）,入れ替え
peg_fours_front_back,2,0.01 / 0.60,OK,
peg_fours_side_sandwich_peg,2,0.03 / 0.03,判定あいまい・要確認,
peg_kneel_behind_hj_nipple,2,0.19 / 0.12,判定あいまい・要確認,
peg_lie_side_back_nipple,1,0.02,相手だけ（主人公の顔が写らない）,
peg_nipple_p,1,0.05,使わない（直す）,使わない
peg_p,2,0.01 / 0.95,OK,
peg_p_2,2,0.01 / 0.78,OK,
peg_p_3,2,0.02 / 0.98,OK,
peg_p_4,2,0.02 / 0.96,OK,
peg_piledriver_back,2,0.93 / 0.01,OK,
peg_pov,1,0.04,相手だけ（主人公の顔が写らない）,
peg_press_side,1,0.01,相手だけ（主人公の顔が写らない）,
peg_press_side_2,1,0.02,相手だけ（主人公の顔が写らない）,
peg_press_side_3,1,0.01,相手だけ（主人公の顔が写らない）,
peg_prone_behind_eyes_cover,2,0.08 / 0.58,OK,
peg_prone_front_back,2,0.02 / 0.20,判定あいまい・要確認,
peg_prone_side,1,0.01,相手だけ（主人公の顔が写らない）,
peg_prone_side_2,1,0.02,相手だけ（主人公の顔が写らない）,
peg_prone_side_3,1,0.01,相手だけ（主人公の顔が写らない）,
peg_prone_side_4,2,0.01 / 0.85,OK,
peg_prone_side_5,1,0.01,相手だけ（主人公の顔が写らない）,
peg_prone_side_6,2,0.04 / 0.83,OK,
peg_prone_side_on,2,0.33 / 0.09,判定あいまい・要確認,
peg_prone_side_on_b,2,0.00 / 0.91,OK,
peg_sit_front_back,2,0.39 / 0.29,判定あいまい・要確認,
peg_sit_front_back_hj,2,0.02 / 0.18,判定あいまい・要確認,
peg_spoon,2,0.09 / 0.34,OK,
peg_spoon_2,2,0.06 / 0.16,判定あいまい・要確認,
peg_spoon_hj,2,0.05 / 0.33,OK,
peg_spoon_hj_2,2,0.43 / 0.75,OK,
peg_spoon_hj_3,2,0.15 / 0.83,OK,
peg_stand_behind_b,2,0.03 / 0.07,判定あいまい・要確認,
peg_stand_behind_b_2,2,0.06 / 0.25,判定あいまい・要確認,
peg_stand_behind_b_3,2,0.12 / 0.07,入れ替え（直す）,入れ替え
peg_stand_behind_chin,2,0.72 / 0.24,OK,
peg_stand_side_back,2,0.82 / 0.05,OK,
peg_stand_side_back_nipple,2,0.19 / 0.21,判定あいまい・要確認,
peg_strapon,2,0.72 / 0.02,OK,
peg_strapon_2,2,0.01 / 0.86,OK,
peg_strapon_3,2,0.02 / 0.86,OK,
peg_strapon_4,2,0.02 / 0.92,OK,
peg_strapon_5,2,0.01 / 0.87,OK,
peg_strapon_6,2,0.00 / 0.82,OK,
peg_wall_behind_b,2,0.01 / 0.85,OK,
peg_wall_behind_nipple,2,0.10 / 0.10,入れ替え（直す）,入れ替え
peg_wall_behind_nipple_2,2,0.07 / 0.05,判定あいまい・要確認,
pov_chest_press,1,0.01,相手だけ（主人公の顔が写らない）,
pov_chest_press_2,0,,顔が見つからない,
pov_chest_press_3,1,0.05,相手だけ（主人公の顔が写らない）,
pov_chest_press_4,1,0.07,相手だけ（主人公の顔が写らない）,
pov_chest_press_5,1,0.03,相手だけ（主人公の顔が写らない）,
pov_chest_press_6,1,0.01,相手だけ（主人公の顔が写らない）,
pov_footjob,1,0.01,相手だけ（主人公の顔が写らない）,
pov_footjob_10,1,0.16,相手だけ（主人公の顔が写らない）,
pov_footjob_11,1,0.02,相手だけ（主人公の顔が写らない）,
pov_footjob_2,1,0.02,相手だけ（主人公の顔が写らない）,
pov_footjob_3,1,0.01,相手だけ（主人公の顔が写らない）,
pov_footjob_4,1,0.01,相手だけ（主人公の顔が写らない）,
pov_footjob_5,1,0.02,相手だけ（主人公の顔が写らない）,
pov_footjob_6,1,0.03,相手だけ（主人公の顔が写らない）,
pov_footjob_7,1,0.01,相手だけ（主人公の顔が写らない）,
pov_footjob_8,1,0.51,顔が1つだけ（男）→ 使わない,
pov_footjob_9,1,0.06,相手だけ（主人公の顔が写らない）,
pov_loom,1,0.08,相手だけ（主人公の顔が写らない）,
pov_loom_2,0,,顔が見つからない,
pov_loom_3,1,0.12,相手だけ（主人公の顔が写らない）,
pov_loom_4,1,0.02,相手だけ（主人公の顔が写らない）,
pov_loom_5,1,0.34,相手だけ（主人公の顔が写らない）,
pov_multi_front,3,0.27 / 0.30 / 0.24,左右で分けた（主人公なし・左＝相手1・右＝相手2）,主人公なし
pov_multi_front_2,2,0.12 / 0.37,主人公なし（直す）,主人公なし
pov_multi_front_3,1,0.07,相手だけ（主人公の顔が写らない）,
pov_multi_front_4,3,0.05 / 0.37 / 0.55,左右で分けた（主人公なし・左＝相手1・右＝相手2）,主人公なし
pov_multi_front_5,2,0.01 / 0.03,主人公なし（直す）,主人公なし
pov_multi_front_6,0,,顔が見つからない,
pov_multi_low,2,0.42 / 0.25,主人公なし（直す）,主人公なし
pov_multi_low_2,3,0.67 / 0.29 / 0.28,左右で分けた（主人公なし・左＝相手1・右＝相手2）,主人公なし
pov_multi_low_3,3,0.21 / 0.46 / 0.81,左右で分けた（主人公なし・左＝相手1・右＝相手2）,主人公なし
pov_multi_low_4,3,0.05 / 0.44 / 0.32,左右で分けた（主人公なし・左＝相手1・右＝相手2）,主人公なし
pov_multi_low_5,3,0.32 / 0.26 / 0.02,左右で分けた（主人公なし・左＝相手1・右＝相手2）,主人公なし
pov_multi_low_6,2,0.12 / 0.15,主人公なし（直す）,主人公なし
pov_multi_low_7,2,0.16 / 0.02,主人公なし（直す）,主人公なし
pov_multi_low_8,2,0.40 / 0.74,主人公なし（直す）,主人公なし
pov_multi_low_9,1,0.17,相手だけ（主人公の顔が写らない）,
pov_paizuri,1,0.00,相手だけ（主人公の顔が写らない）,
pov_paizuri_10,1,0.13,相手だけ（主人公の顔が写らない）,
pov_paizuri_11,1,0.36,相手だけ（主人公の顔が写らない）,
pov_paizuri_12,1,0.03,相手だけ（主人公の顔が写らない）,
pov_paizuri_13,1,0.08,相手だけ（主人公の顔が写らない）,
pov_paizuri_14,1,0.04,相手だけ（主人公の顔が写らない）,
pov_paizuri_15,1,0.06,相手だけ（主人公の顔が写らない）,
pov_paizuri_16,1,0.05,相手だけ（主人公の顔が写らない）,
pov_paizuri_17,1,0.01,相手だけ（主人公の顔が写らない）,
pov_paizuri_18,1,0.31,相手だけ（主人公の顔が写らない）,
pov_paizuri_19,1,0.11,相手だけ（主人公の顔が写らない）,
pov_paizuri_2,1,0.00,相手だけ（主人公の顔が写らない）,
pov_paizuri_20,1,0.19,相手だけ（主人公の顔が写らない）,
pov_paizuri_21,1,0.14,相手だけ（主人公の顔が写らない）,
pov_paizuri_22,1,0.07,相手だけ（主人公の顔が写らない）,
pov_paizuri_23,1,0.04,相手だけ（主人公の顔が写らない）,
pov_paizuri_24,1,0.03,相手だけ（主人公の顔が写らない）,
pov_paizuri_25,1,0.00,相手だけ（主人公の顔が写らない）,
pov_paizuri_26,1,0.00,相手だけ（主人公の顔が写らない）,
pov_paizuri_3,1,0.00,相手だけ（主人公の顔が写らない）,
pov_paizuri_4,1,0.00,相手だけ（主人公の顔が写らない）,
pov_paizuri_5,1,0.01,相手だけ（主人公の顔が写らない）,
pov_paizuri_6,1,0.07,相手だけ（主人公の顔が写らない）,
pov_paizuri_7,1,0.10,相手だけ（主人公の顔が写らない）,
pov_paizuri_8,1,0.25,相手だけ（主人公の顔が写らない）,
pov_paizuri_9,0,,顔が見つからない,
prone_reverse_sit,1,0.18,相手だけ（主人公の顔が写らない）,
prostate_p,2,0.96 / 0.02,OK,
prostate_p_2,1,0.01,相手だけ（主人公の顔が写らない）,
prostate_p_3,1,0.03,相手だけ（主人公の顔が写らない）,
prostate_p_4,2,0.94 / 0.01,OK,
prostate_p_5,1,0.03,相手だけ（主人公の顔が写らない）,
rah,2,0.35 / 0.09,OK,
rah_2,2,0.13 / 0.29,判定あいまい・要確認,
rah_3,2,0.07 / 0.39,OK,
rah_behind,2,0.09 / 0.01,判定あいまい・要確認,
rah_behind_2,2,0.03 / 0.09,判定あいまい・要確認,
rah_behind_3,2,0.07 / 0.55,OK,
rah_behind_4,2,0.02 / 0.23,判定あいまい・要確認,
rah_behind_5,2,0.04 / 0.69,OK,
rah_behind_6,2,0.04 / 0.04,判定あいまい・要確認,
rah_behind_7,1,0.09,使わない（直す）,使わない
rah_lying,2,0.04 / 0.32,OK,
rah_lying_2,2,0.10 / 0.30,判定あいまい・要確認,
rah_lying_3,2,0.06 / 0.08,判定あいまい・要確認,
rah_lying_4,2,0.16 / 0.23,判定あいまい・要確認,
rah_lying_5,2,0.08 / 0.68,OK,
rah_lying_6,2,0.09 / 0.11,判定あいまい・要確認,
rah_lying_7,2,0.03 / 0.11,判定あいまい・要確認,
rah_standing,2,0.26 / 0.15,判定あいまい・要確認,
rah_standing_2,2,0.30 / 0.28,入れ替え（直す）,入れ替え
rah_standing_3,2,0.08 / 0.21,判定あいまい・要確認,
rah_standing_4,2,0.62 / 0.47,判定あいまい・要確認,
rah_standing_5,2,0.30 / 0.23,判定あいまい・要確認,
rah_standing_6,2,0.07 / 0.13,判定あいまい・要確認,
rekiben_front_back_peg,2,0.44 / 0.42,判定あいまい・要確認,
reverse_straddle_lookback,1,0.55,顔が1つだけ（男）→ 使わない,
reverse_straddle_lookback_2,1,0.06,相手だけ（主人公の顔が写らない）,
reverse_straddle_lookback_3,1,0.18,相手だけ（主人公の顔が写らない）,
reverse_straddle_pov,0,,顔が見つからない,
reverse_straddle_pov_2,0,,顔が見つからない,
reverse_straddle_pov_3,1,0.63,顔が1つだけ（男）→ 使わない,
reverse_straddle_pov_4,1,0.10,相手だけ（主人公の顔が写らない）,
reverse_straddle_side,0,,顔が見つからない,
reverse_straddle_side_2,1,0.18,相手だけ（主人公の顔が写らない）,
rimjob_bent_side_back,1,0.07,相手だけ（主人公の顔が写らない）,
rimjob_lying_side,1,0.15,相手だけ（主人公の顔が写らない）,
rimjob_sit_behind_between,1,0.08,相手だけ（主人公の顔が写らない）,
rimjob_standing_side,1,0.10,相手だけ（主人公の顔が写らない）,
rusty,1,0.12,相手だけ（主人公の顔が写らない）,
rusty_2,1,0.09,相手だけ（主人公の顔が写らない）,
rusty_3,2,0.07 / 0.79,OK,
rusty_bent_side,1,0.08,相手だけ（主人公の顔が写らない）,
rusty_bent_side_2,1,0.04,相手だけ（主人公の顔が写らない）,
rusty_close_behind,1,0.04,相手だけ（主人公の顔が写らない）,
rusty_fours_behind_hj,1,0.03,相手だけ（主人公の顔が写らない）,
rusty_fours_side_back_hj,1,0.36,相手だけ（主人公の顔が写らない）,
rusty_fours_side_back_hj_b,1,0.08,相手だけ（主人公の顔が写らない）,
rusty_pov_legs_up,1,0.05,相手だけ（主人公の顔が写らない）,
rusty_pov_legs_up_2,2,0.93 / 0.07,OK,
rusty_pov_legs_up_3,2,0.96 / 0.10,OK,
rusty_stand_above,1,0.01,相手だけ（主人公の顔が写らない）,
side_allfours_milking,1,0.06,相手だけ（主人公の顔が写らない）,
side_allfours_milking_2,1,0.90,顔が1つだけ（男）→ 使わない,
side_allfours_milking_3,2,0.93 / 0.08,OK,
side_bound_hug,2,0.02 / 0.97,OK,
side_bound_hug_2,1,0.07,使わない（直す）,使わない
side_bound_hug_3,2,0.30 / 0.94,OK,
side_chin_lift,2,0.01 / 0.82,OK,
side_chin_lift_2,2,0.88 / 0.03,OK,
side_chin_lift_3,2,0.03 / 0.92,OK,
side_chin_lift_4,2,0.82 / 0.04,OK,
side_chin_lift_5,2,0.34 / 0.03,OK,
side_chin_lift_6,2,0.88 / 0.01,OK,
side_fours_finger,1,0.16,相手だけ（主人公の顔が写らない）,
side_fours_finger_2,1,0.01,相手だけ（主人公の顔が写らない）,
side_fours_finger_3,1,0.13,相手だけ（主人公の顔が写らない）,
side_fours_lick,1,0.00,相手だけ（主人公の顔が写らない）,
side_fours_lick_2,1,0.07,相手だけ（主人公の顔が写らない）,
sit_between_legs_front,2,0.37 / 0.01,OK,
sit_between_legs_front_2,1,0.23,相手だけ（主人公の顔が写らない）,
sit_between_legs_front_3,2,0.01 / 0.54,OK,
sit_between_legs_front_4,2,0.38 / 0.01,OK,
sit_side_bench_hj,2,0.34 / 0.29,判定あいまい・要確認,
sit_side_neck_2,1,0.11,使わない（直す）,使わない
sit_side_neck_3,2,0.32 / 0.54,判定あいまい・要確認,
sit_side_sofa_nipple,2,0.41 / 0.11,OK,
sit_side_sofa_nipple_2,2,0.82 / 0.25,OK,
sit_side_sofa_nipple_3,2,0.13 / 0.29,判定あいまい・要確認,
smother_chest_front,1,0.02,相手だけ（主人公の顔が写らない）,
smother_chest_front_2,1,0.01,相手だけ（主人公の顔が写らない）,
smother_lie_front,1,0.00,相手だけ（主人公の顔が写らない）,
smother_lie_side_back,1,0.01,相手だけ（主人公の顔が写らない）,
smother_lie_side_beside,2,0.01 / 0.01,判定あいまい・要確認,
smother_lie_side_over,2,0.01 / 0.10,判定あいまい・要確認,
smother_lying_low,1,0.04,相手だけ（主人公の顔が写らない）,
smother_wall_side,1,0.02,相手だけ（主人公の顔が写らない）,
stand_chest_side,1,0.05,相手だけ（主人公の顔が写らない）,
stand_chest_side_2,1,0.10,相手だけ（主人公の顔が写らない）,
stand_embrace_back,1,0.58,顔が1つだけ（男）→ 使わない,
stand_embrace_kiss_finger,2,0.23 / 0.33,判定あいまい・要確認,
stand_embrace_side_finger,1,0.79,顔が1つだけ（男）→ 使わない,
stand_over_face_lookback,1,0.13,相手だけ（主人公の顔が写らない）,
stand_over_face_lookback_2,1,0.04,相手だけ（主人公の顔が写らない）,
stand_over_face_lookback_3,1,0.17,相手だけ（主人公の顔が写らない）,
stand_over_face_lookback_4,1,0.25,相手だけ（主人公の顔が写らない）,
step,1,0.01,相手だけ（主人公の顔が写らない）,
step_2,1,0.03,相手だけ（主人公の顔が写らない）,
step_3,1,0.03,相手だけ（主人公の顔が写らない）,
step_4,1,0.03,相手だけ（主人公の顔が写らない）,
step_5,1,0.03,相手だけ（主人公の顔が写らない）,
step_6,1,0.10,相手だけ（主人公の顔が写らない）,
step_7,0,,顔が見つからない,
step_8,1,0.13,相手だけ（主人公の顔が写らない）,
step_toy_prostrate_behind,1,0.04,相手だけ（主人公の顔が写らない）,
straddle_behind_lookback,2,0.03 / 0.83,OK,
straddle_lie_pov_tentacle,1,0.00,相手だけ（主人公の顔が写らない）,
straddle_pin_side,1,0.10,相手だけ（主人公の顔が写らない）,
straddle_pin_side_5,1,0.00,相手だけ（主人公の顔が写らない）,
straddle_pin_side_6,2,0.01 / 0.27,OK,
straddle_pin_side_7,1,0.01,相手だけ（主人公の顔が写らない）,
straddle_pov,1,0.01,相手だけ（主人公の顔が写らない）,
straddle_pov_2,2,0.49 / 0.01,OK,
straddle_pov_3,1,0.02,相手だけ（主人公の顔が写らない）,
straddle_pov_4,1,0.01,相手だけ（主人公の顔が写らない）,
straddle_pov_5,1,0.01,相手だけ（主人公の顔が写らない）,
straddle_pov_6,1,0.03,相手だけ（主人公の顔が写らない）,
straddle_pov_handhold,1,0.08,相手だけ（主人公の顔が写らない）,
straddle_pov_handhold_2,1,0.22,相手だけ（主人公の顔が写らない）,
straddle_pov_handhold_3,1,0.02,相手だけ（主人公の顔が写らない）,
straddle_pov_lean,1,0.16,相手だけ（主人公の顔が写らない）,
straddle_pov_lean_2,1,0.03,相手だけ（主人公の顔が写らない）,
straddle_pov_lean_3,1,0.18,相手だけ（主人公の顔が写らない）,
straddle_pov_lean_4,1,0.20,相手だけ（主人公の顔が写らない）,
straddle_pov_lean_5,1,0.21,相手だけ（主人公の顔が写らない）,
straddle_pov_upright,1,0.05,相手だけ（主人公の顔が写らない）,
straddle_pov_upright_10,1,0.33,相手だけ（主人公の顔が写らない）,
straddle_pov_upright_11,0,,顔が見つからない,
straddle_pov_upright_12,1,0.03,相手だけ（主人公の顔が写らない）,
straddle_pov_upright_13,1,0.02,相手だけ（主人公の顔が写らない）,
straddle_pov_upright_14,1,0.03,相手だけ（主人公の顔が写らない）,
straddle_pov_upright_15,1,0.09,相手だけ（主人公の顔が写らない）,
straddle_pov_upright_16,1,0.62,顔が1つだけ（男）→ 使わない,
straddle_pov_upright_17,0,,顔が見つからない,
straddle_pov_upright_18,3,0.05 / 0.31 / 0.39,主人公なし（直す）,主人公なし
straddle_pov_upright_19,1,0.13,相手だけ（主人公の顔が写らない）,
straddle_pov_upright_2,1,0.13,相手だけ（主人公の顔が写らない）,
straddle_pov_upright_20,1,0.07,相手だけ（主人公の顔が写らない）,
straddle_pov_upright_21,1,0.18,相手だけ（主人公の顔が写らない）,
straddle_pov_upright_22,1,0.01,相手だけ（主人公の顔が写らない）,
straddle_pov_upright_23,1,0.13,相手だけ（主人公の顔が写らない）,
straddle_pov_upright_24,1,0.09,相手だけ（主人公の顔が写らない）,
straddle_pov_upright_25,0,,顔が見つからない,
straddle_pov_upright_26,1,0.05,相手だけ（主人公の顔が写らない）,
straddle_pov_upright_27,1,0.10,相手だけ（主人公の顔が写らない）,
straddle_pov_upright_28,1,0.07,相手だけ（主人公の顔が写らない）,
straddle_pov_upright_29,1,0.30,相手だけ（主人公の顔が写らない）,
straddle_pov_upright_3,1,0.04,相手だけ（主人公の顔が写らない）,
straddle_pov_upright_30,1,0.32,相手だけ（主人公の顔が写らない）,
straddle_pov_upright_31,1,0.04,相手だけ（主人公の顔が写らない）,
straddle_pov_upright_32,1,0.13,相手だけ（主人公の顔が写らない）,
straddle_pov_upright_33,1,0.15,相手だけ（主人公の顔が写らない）,
straddle_pov_upright_34,1,0.09,相手だけ（主人公の顔が写らない）,
straddle_pov_upright_35,1,0.03,相手だけ（主人公の顔が写らない）,
straddle_pov_upright_36,1,0.54,顔が1つだけ（男）→ 使わない,
straddle_pov_upright_37,1,0.18,相手だけ（主人公の顔が写らない）,
straddle_pov_upright_38,1,0.06,相手だけ（主人公の顔が写らない）,
straddle_pov_upright_39,1,0.21,相手だけ（主人公の顔が写らない）,
straddle_pov_upright_4,1,0.29,相手だけ（主人公の顔が写らない）,
straddle_pov_upright_5,1,0.11,相手だけ（主人公の顔が写らない）,
straddle_pov_upright_6,1,0.17,相手だけ（主人公の顔が写らない）,
straddle_pov_upright_7,0,,顔が見つからない,
straddle_pov_upright_8,1,0.02,相手だけ（主人公の顔が写らない）,
straddle_pov_upright_9,1,0.03,相手だけ（主人公の顔が写らない）,
succubus_tail,2,0.09 / 0.66,OK,
succubus_tail_2,2,0.79 / 0.00,OK,
succubus_tail_3,2,0.01 / 0.92,OK,
suspension_2,2,0.02 / 0.98,OK,
suspension_3,2,0.97 / 0.01,OK,
suspension_4,2,0.01 / 0.97,OK,
suspension_5,2,0.01 / 0.94,OK,
suspension_hj,2,0.03 / 0.98,OK,
suspension_hj_2,2,0.03 / 0.68,OK,
suspension_hj_3,3,0.03 / 0.99 / 0.53,OK,
suspension_hj_4,2,0.24 / 0.76,OK,
suspension_hj_5,2,0.01 / 0.98,OK,
suspension_hj_6,2,0.06 / 0.49,OK,
suspension_peg,2,0.02 / 0.98,OK,
suspension_peg_2,1,0.03,使わない（直す）,使わない
suspension_peg_3,2,1.00 / 0.03,OK,
suspension_peg_4,2,0.01 / 0.92,OK,
suspension_peg_5,2,0.02 / 0.96,OK,
suspension_peg_6,1,0.02,相手だけ（主人公の顔が写らない）,
suspension_peg_7,2,0.16 / 0.39,入れ替え（直す）,入れ替え
tentacle_fours_behind_finger,1,0.02,相手だけ（主人公の顔が写らない）,
tentacle_fours_behind_on_peg,1,0.01,相手だけ（主人公の顔が写らない）,
tentacle_hang_front_finger,2,0.06 / 0.20,判定あいまい・要確認,
tentacle_legs_watch,1,0.40,相手だけ（主人公の顔が写らない）,
tentacle_lie_pov_straddle,1,0.00,相手だけ（主人公の顔が写らない）,
thigh,2,0.84 / 0.72,判定あいまい・要確認,
thigh_2,1,0.68,顔が1つだけ（男）→ 使わない,
thigh_3,0,,顔が見つからない,
thigh_4,1,0.12,使わない（直す）,使わない
thigh_5,2,0.02 / 0.96,OK,
thigh_lying,2,0.29 / 0.12,判定あいまい・要確認,
thigh_lying_3,1,0.01,使わない（直す）,使わない
thigh_lying_5,1,0.04,使わない（直す）,使わない
thigh_ontop,2,0.55 / 0.02,OK,
thigh_ontop_2,1,0.01,相手だけ（主人公の顔が写らない）,
thigh_ontop_3,0,,顔が見つからない,
thigh_ontop_4,1,0.01,相手だけ（主人公の顔が写らない）,
thigh_ontop_5,1,0.01,相手だけ（主人公の顔が写らない）,
thigh_ontop_6,1,0.01,相手だけ（主人公の顔が写らない）,
thigh_ontop_7,1,0.00,相手だけ（主人公の顔が写らない）,
thigh_ontop_8,1,0.01,相手だけ（主人公の顔が写らない）,
thigh_side,1,0.08,相手だけ（主人公の顔が写らない）,
thigh_side_2,2,0.98 / 0.04,OK,
thigh_side_3,1,0.04,相手だけ（主人公の顔が写らない）,
thigh_side_4,2,0.03 / 0.77,OK,
thigh_side_5,1,0.08,相手だけ（主人公の顔が写らない）,
thigh_side_6,2,0.06 / 0.31,入れ替え（直す）,入れ替え
thigh_side_7,1,0.13,相手だけ（主人公の顔が写らない）,
thigh_standing,2,0.04 / 0.08,判定あいまい・要確認,
thigh_standing_2,2,0.06 / 0.12,判定あいまい・要確認,
thigh_standing_3,2,0.01 / 0.83,OK,
thigh_standing_4,2,0.01 / 0.99,OK,
thigh_standing_5,2,0.16 / 0.04,判定あいまい・要確認,
thigh_standing_6,1,0.01,使わない（直す）,使わない
toes_nipple_3,1,0.01,相手だけ（主人公の顔が写らない）,
toes_nipple_5,1,0.01,使わない（直す）,使わない
toes_nipple_6,1,0.01,相手だけ（主人公の顔が写らない）,
toes_nipple_7,2,0.08 / 0.12,判定あいまい・要確認,
toes_nipple_8,2,0.04 / 0.97,OK,
toes_nipple_hj,1,0.14,相手だけ（主人公の顔が写らない）,
toes_nipple_hj_5,2,0.05 / 0.05,判定あいまい・要確認,
toes_nipple_hj_6,2,0.01 / 0.99,OK,
toes_nipple_hj_7,2,0.81 / 0.02,OK,
two_ear_sit_front_sandwich,3,0.27 / 0.26 / 0.28,左右で分けた（左＝相手1・真ん中＝主人公・右＝相手2）,
two_kiss_bent_low_sandwich_finger,2,0.49 / 0.16,OK,
two_low_close,2,0.05 / 0.10,使わない（直す）,使わない
two_lying_above,2,0.10 / 0.11,主人公なし（直す）,主人公なし
two_nipple_lie_pov_over_nipple,2,0.07 / 0.07,判定あいまい・要確認,
two_nipple_sit_front_sides_nipple,2,0.11 / 0.13,判定あいまい・要確認,
two_nipple_sit_side_sandwich_whisper,3,0.68 / 0.44 / 0.66,左右で分けた（左＝相手1・真ん中＝主人公・右＝相手2）,
two_nipple_stand_front_sandwich_kiss,3,0.11 / 0.25 / 0.23,左右で分けた（左＝相手1・真ん中＝主人公・右＝相手2）,
two_nipple_stand_side_sandwich_rimjob,2,0.05 / 0.07,判定あいまい・要確認,
two_peg_fours_side_sides_peg,2,0.68 / 0.01,OK,
two_pov_lying,2,0.04 / 0.04,使わない（直す）,使わない
two_seated_sides,3,0.50 / 0.51 / 0.46,左右で分けた（主人公なし・左＝相手1・右＝相手2）,主人公なし
two_seated_sides_2,3,0.27 / 0.19 / 0.15,左右で分けた（主人公なし・左＝相手1・右＝相手2）,主人公なし
two_stand_sandwich,2,0.08 / 0.09,主人公なし（直す）,主人公なし
two_straddle_sit_front_sandwich_whisper,2,0.30 / 0.28,判定あいまい・要確認,
urethra_pov_b,1,0.07,相手だけ（主人公の顔が写らない）,
urethra_pov_b_2,1,0.32,相手だけ（主人公の顔が写らない）,
urethra_pov_b_3,1,0.03,相手だけ（主人公の顔が写らない）,
urethra_pov_b_4,1,0.05,相手だけ（主人公の顔が写らない）,
urethra_pov_low,1,0.01,相手だけ（主人公の顔が写らない）,
urethra_pov_rod,1,0.07,相手だけ（主人公の顔が写らない）,
urethra_pov_rod_2,1,0.04,相手だけ（主人公の顔が写らない）,
urethra_pov_rod_3,1,0.07,相手だけ（主人公の顔が写らない）,
urethra_pov_rod_4,1,0.02,相手だけ（主人公の顔が写らない）,
urethra_pov_rod_5,1,0.04,相手だけ（主人公の顔が写らない）,
urethra_pov_rod_6,1,0.01,相手だけ（主人公の顔が写らない）,
urethra_pov_rod_7,1,0.01,相手だけ（主人公の顔が写らない）,
urethra_side_rod,1,0.07,相手だけ（主人公の顔が写らない）,
urethra_stand_pov,1,0.01,相手だけ（主人公の顔が写らない）,
wall_standing_nipple,2,0.41 / 0.05,OK,
wall_standing_nipple_2,1,0.02,相手だけ（主人公の顔が写らない）,
wall_standing_nipple_3,2,0.04 / 0.80,OK,
wall_standing_nipple_4,2,0.98 / 0.01,OK,
wall_standing_nipple_5,2,0.04 / 0.91,OK,
whisper,2,0.39 / 0.20,判定あいまい・要確認,
whisper_2,2,0.27 / 0.24,判定あいまい・要確認,
whisper_3,2,0.34 / 0.24,判定あいまい・要確認,
whisper_4,2,0.67 / 0.38,OK,
whisper_5,2,0.18 / 0.21,入れ替え（直す）,入れ替え
whisper_6,2,0.54 / 0.16,OK,
whisper_7,1,0.02,相手だけ（主人公の顔が写らない）,
whisper_8,1,0.02,相手だけ（主人公の顔が写らない）,
whisper_lie_side_sandwich_kiss,2,0.04 / 0.04,判定あいまい・要確認,
whisper_lying,2,0.08 / 0.31,判定あいまい・要確認,
whisper_lying_2,2,0.38 / 0.62,判定あいまい・要確認,
whisper_lying_3,2,0.63 / 0.77,判定あいまい・要確認,
whisper_sit_front_back_nipple,2,0.59 / 0.46,判定あいまい・要確認,
whisper_sit_side_facing_hug,1,0.06,相手だけ（主人公の顔が写らない）,
whisper_stand_side_back_nipple,2,0.06 / 0.08,判定あいまい・要確認,
xcross,2,0.55 / 0.16,OK,
xcross_2,2,0.02 / 0.98,OK,
xcross_3,1,0.36,使わない（直す）,使わない
xcross_4,2,0.12 / 0.43,OK,
xcross_5,2,0.47 / 0.08,OK,
xcross_6,2,0.03 / 0.42,OK,
xray,2,0.01 / 0.91,OK,
xray_2,2,0.02 / 0.97,OK,
xray_3,2,0.01 / 0.87,OK,
xray_4,2,0.01 / 0.32,OK,
xray_5,2,0.01 / 0.70,OK,
xray_6,2,0.01 / 0.83,OK,
xray_7,2,0.87 / 0.02,OK,
