番号,ファイル名,採用,備考,取り込んだ名前,切り抜き
c0001,c0001_スクリーンショット 2026-10-02 223703.png,peg_pov,脚が太め。確認撮影で主人公の体を見る,peg_pov.png,タイトルバー39px
c0002,c0002_スクリーンショット 2026-10-02 223740.png,pov_paizuri,,pov_paizuri_5.png,タイトルバー39px
c0003,c0003_スクリーンショット 2026-10-02 223753.png,見送り,受け側が小柄で幼く見える,,
c0004,c0004_スクリーンショット 2026-10-02 223801.png,見送り,c0003 とほぼ同じ（差 7.9）,,
c0005,c0005_スクリーンショット 2026-10-02 223810.png,見送り,同上,,
c0006,c0006_スクリーンショット 2026-10-02 223814.png,見送り,c0005 とほぼ同じ（差 4.3）,,
c0007,c0007_スクリーンショット 2026-10-02 223850.png,見送り,同上,,
c0008,c0008_スクリーンショット 2026-10-02 223932.png,見送り,同上,,
c0009,c0009_スクリーンショット 2026-10-02 223938.png,見送り,接写で体の位置が読めない,,
c0010,c0010_スクリーンショット 2026-10-02 223959.png,見送り,同上,,
c0011,c0011_スクリーンショット 2026-10-02 224004.png,見送り,同上,,
c0012,c0012_スクリーンショット 2026-10-02 224020.png,見送り,同上,,
c0013,c0013_スクリーンショット 2026-10-02 224028.png,見送り,同上,,
c0014,c0014_スクリーンショット 2026-10-02 224200.png,foot_sofa_lying,新。黒い余白を切る,foot_sofa_lying.png,タイトルバー45px / 余白・縁 上60 下59 左171 右171
c0015,c0015_スクリーンショット 2026-10-02 224302.png,見送り,1人だけ,,
c0016,c0016_スクリーンショット 2026-10-02 224316.png,見送り,主人公が筋肉質で大柄,,
c0017,c0017_スクリーンショット 2026-10-02 224327.png,lap_sit_front_hj,新。主人公は相手の下に隠れる,lap_sit_front_hj.png,なし
c0018,c0018_peg_fours_front.png,peg_fours_front,横長。翼・尻尾・冠を消す,peg_fours_front.png,なし
c0019,c0019_peg_fours_front_2.png,peg_fours_front,横長。角・翼・尻尾・手前の袖を消す,peg_fours_front_2.png,なし
c0020,c0020_nipple_pov_straddle.png,nipple_pov_straddle,横長。フードと尻尾を消す,nipple_pov_straddle.png,なし
c0021,c0021_inverted_seated_toy.png,inverted_seated_toy,切り抜き済み,inverted_seated_toy.png,なし
c0022,c0022_stand_embrace_back.png,stand_embrace_back,切り抜き済み。尻尾と翼を消す。相手の顔が隠れる,stand_embrace_back.png,なし
c0023,c0023_スクリーンショット 2026-10-02 225121.png,handjob_side_p,,handjob_side_p_10.png,タイトルバー45px
c0024,c0024_スクリーンショット 2026-10-02 225154.png,step,,step_6.png,タイトルバー45px
c0025,c0025_スクリーンショット 2026-10-02 225232.png,hj_lying_beside_front,新。翼を消す,hj_lying_beside_front.png,タイトルバー45px / 余白・縁 上3 下0 左0 右0
c0026,c0026_スクリーンショット 2026-10-02 225308.png,paizuri_side,,paizuri_side_5.png,タイトルバー45px
c0027,c0027_スクリーンショット 2026-10-02 225334.png,nipple_side_lying,,nipple_side_lying_4.png,タイトルバー45px
c0028,c0028_スクリーンショット 2026-10-02 225405.png,nipple_side_lying,横長,nipple_side_lying_5.png,タイトルバー45px / 余白・縁 上14 下0 左0 右0
c0029,c0029_スクリーンショット 2026-10-02 225431.png,reverse_straddle_lookback,新,reverse_straddle_lookback.png,タイトルバー45px
c0030,c0030_スクリーンショット 2026-10-02 225449.png,smother_chest_front,新,smother_chest_front.png,タイトルバー45px / 余白・縁 上0 下0 左48 右0
c0031,c0031_スクリーンショット 2026-10-02 225520.png,hj_behind_seated,主人公が筋肉質。確認撮影で判断,hj_behind_seated_14.png,タイトルバー45px
c0032,c0032_スクリーンショット 2026-10-02 225617.png,lie_beside_hug_chest,横長,lie_beside_hug_chest_2.png,タイトルバー45px / 余白・縁 上3 下0 左0 右0
c0033,c0033_スクリーンショット 2026-10-02 225713.png,kiss_standing_clothed,新。主人公が服を着ている,kiss_standing_clothed.png,タイトルバー45px
c0034,c0034_スクリーンショット 2026-10-02 225744.png,見送り,c0033 とほぼ同じ（差 7.4）,,
c0035,c0035_スクリーンショット 2026-10-02 225813.png,straddle_pov_handhold,新,straddle_pov_handhold.png,タイトルバー45px
c0036,c0036_スクリーンショット 2026-10-02 225830.png,hj_pov_close,新,hj_pov_close.png,タイトルバー45px
c0037,c0037_スクリーンショット 2026-10-02 230650.png,armpit_pov_front,新。角を消す,armpit_pov_front.png,タイトルバー45px
c0038,c0038_スクリーンショット 2026-10-02 230837.png,smother_chest_front,,smother_chest_front_2.png,タイトルバー45px
c0039,c0039_スクリーンショット 2026-10-02 230853.png,見送り,c0037と同じ形,,
c0040,c0040_スクリーンショット 2026-10-02 230903.png,見送り,c0039 とほぼ同じ（差 10.4）,,
c0041,c0041_スクリーンショット 2026-10-02 230917.png,straddle_pov_lean,新。角と翼を消す,straddle_pov_lean.png,タイトルバー45px
c0042,c0042_スクリーンショット 2026-10-02 231017.png,見送り,1人だけで主人公の位置が無い,,
c0043,c0043_スクリーンショット 2026-10-02 231036.png,pov_footjob,,pov_footjob_7.png,タイトルバー45px
c0044,c0044_スクリーンショット 2026-10-02 231114.png,kneel_pov_sit_foot,新。翼を消す,kneel_pov_sit_foot.png,タイトルバー45px
c0045,c0045_スクリーンショット 2026-10-02 231206.png,stand_embrace_side_finger,新。翼と尻尾を消す,stand_embrace_side_finger.png,タイトルバー45px
c0046,c0046_スクリーンショット 2026-10-02 231236.png,見送り,主人公がいない,,
c0047,c0047_スクリーンショット 2026-10-02 231300.png,rimjob_standing_side,新,rimjob_standing_side.png,タイトルバー45px
c0048,c0048_スクリーンショット 2026-10-02 231817.png,nipple_behind_torso,新。受け側の胸が丸い。確認撮影で判断,nipple_behind_torso.png,タイトルバー45px / 余白・縁 上1 下0 左67 右128
c0049,c0049_スクリーンショット 2026-10-02 232012.png,rimjob_lying_side,新。横長。尻尾と翼を消す,rimjob_lying_side.png,タイトルバー45px
c0050,c0050_スクリーンショット 2026-10-02 232903.png,見送り,受け側が女性の体に見える,,
c0051,c0051_スクリーンショット 2026-10-02 233113.png,見送り,同上。体が絡んで読めない,,
c0052,c0052_スクリーンショット 2026-10-02 233142.png,見送り,同上,,
c0053,c0053_スクリーンショット 2026-10-02 233213.png,見送り,c0052 とほぼ同じ（差 12.7）,,
c0054,c0054_スクリーンショット 2026-10-02 233220.png,見送り,c0052 とほぼ同じ（差 16.6）,,
c0055,c0055_スクリーンショット 2026-10-02 233309.png,pov_footjob,,pov_footjob_8.png,タイトルバー45px
c0056,c0056_スクリーンショット 2026-10-02 233344.png,nipple_front_standing,主人公が服を着ている,nipple_front_standing_2.png,タイトルバー45px
m0090,m0090_ev_agaliarept_ha01.png,straddle_pov_upright,翼と触手を消すか、触手の相手専用,straddle_pov_upright.png,なし
m0127,m0127_ev_azazel_ha1.png,reverse_straddle_pov,新。背中向きでまたがる,reverse_straddle_pov.png,なし
m0136,m0136_ev_brunhild_ha01.png,straddle_pov_upright,機械の相手向け,straddle_pov_upright_2.png,なし
m0141,m0141_ev_c_s2_ha1.png,hj_pov_above,スライムと触手,hj_pov_above_11.png,なし
m0160,m0160_ev_cockroachb_hb01.png,prone_reverse_sit,新。虫の部分を消す,prone_reverse_sit.png,なし
m0163,m0163_ev_curseloreley_hd01.png,pov_paizuri,触手の髪。スキュラ向け,pov_paizuri_6.png,なし
m0169,m0169_ev_doll_itai_hb01.png,straddle_pov_upright,触手つき,straddle_pov_upright_3.png,なし
m0170,m0170_ev_dolladolla_hb01.png,straddle_pov_upright,人形の相手向け。翼を消す,straddle_pov_upright_4.png,なし
m0172,m0172_ev_dondaria_h1.png,pov_paizuri,,pov_paizuri_7.png,余白・縁 上0 下1 左0 右1
m0187,m0187_ev_endiel_h1.png,straddle_pov_handhold,,straddle_pov_handhold_2.png,なし
m0192,m0192_ev_f_alraune_h01.png,oral_pov_low,新。脚の間から見上げる顔。蔓あり,oral_pov_low.png,なし
m0198,m0198_ev_gaburiera_ha01.png,straddle_pov_upright,蔓あり。アルラウネ向け,straddle_pov_upright_5.png,なし
m0199,m0199_ev_gaistvine_hb1.png,straddle_pov_upright,,straddle_pov_upright_6.png,なし
m0203,m0203_ev_gnosis_ha01.png,pov_paizuri,手も使う,pov_paizuri_8.png,なし
m0205,m0205_ev_granabass_ha1.png,pov_paizuri,舌あり,pov_paizuri_9.png,なし
m0206,m0206_ev_granabass_hb1.png,straddle_pov_upright,下からの角度,straddle_pov_upright_7.png,なし
m0216,m0216_ev_hatibi_ha1.png,pov_paizuri,獣の手,pov_paizuri_10.png,なし
m0229,m0229_ev_houshi_ha01.png,straddle_pov_lean,クラゲ・触手,straddle_pov_lean_2.png,なし
m0231,m0231_ev_indora_hb1.png,straddle_pov_lean,鬼など大柄な相手向け,straddle_pov_lean_3.png,なし
m0234,m0234_ev_iriasu_hb1.png,pov_paizuri,,pov_paizuri_11.png,なし
m0242,m0242_ev_junkdoll_hb1.png,pov_multi_front,相手が3人。人形向け,pov_multi_front.png,なし
m0248,m0248_ev_kanade_ha01.png,straddle_pov_upright,スライムの相手向け,straddle_pov_upright_8.png,なし
m0262,m0262_ev_lamia_ha1.png,lamia_pov_coil,新。蛇の胴が巻きつく目線。ラミア専用,lamia_pov_coil.png,余白・縁 上3 下0 左0 右0
m0267,m0267_ev_lamias_hc1.png,pov_loom,ラミア向け,pov_loom.png,なし
m0268,m0268_ev_lamias_hd1.png,pov_multi_front,相手が2人と触手,pov_multi_front_2.png,なし
m0271,m0271_ev_laplace_ha01.png,reverse_straddle_side,新。横から。機械の相手向け,reverse_straddle_side.png,なし
m0281,m0281_ev_m_mino_hb01.png,straddle_pov_upright,獣の脚,straddle_pov_upright_9.png,余白・縁 上3 下0 左0 右0
m0294,m0294_ev_mdg_h1.png,pov_paizuri,,pov_paizuri_12.png,なし
m0302,m0302_ev_minagi_ha01.png,pov_paizuri,,pov_paizuri_13.png,なし
m0335,m0335_ev_mob_miko2_h1.png,stand_chest_side,新。接写,stand_chest_side.png,なし
m0360,m0360_ev_muzet_h1.png,pov_multi_low,新。相手が3人、下から見上げる,pov_multi_low.png,なし
m0368,m0368_ev_nanccubus_h1.png,pov_multi_low,右上の小窓を切る。ダークエルフ向け,pov_multi_low_2.png,なし
m0370,m0370_ev_nemea_hb01.png,pov_chest_press,新。胸を押しつけて見下ろす,pov_chest_press.png,なし
m0371,m0371_ev_nependeath_ha1.png,lying_on_legs_side,新。主人公の脚の上に伏せる三人称,lying_on_legs_side.png,なし
m0375,m0375_ev_nobisutam_hb1.png,pov_multi_front,相手が3人,pov_multi_front_3.png,なし
m0377,m0377_ev_nurukox_ha1.png,pov_loom,新。相手だけが覆いかぶさる。ラミア向け,pov_loom_2.png,なし
m0386,m0386_ev_pazuzu_hc01.png,straddle_pov_upright,新。翼と赤い筋を消す,straddle_pov_upright_10.png,なし
m0394,m0394_ev_queenmoss_hc1.png,straddle_pov_upright,虫・結晶の相手向け,straddle_pov_upright_11.png,なし
m0398,m0398_ev_queenvanpire_he04.png,straddle_pov_upright,吸血鬼向け,straddle_pov_upright_12.png,なし
m0401,m0401_ev_ranael_h0.png,straddle_pov_upright,触手と植物つき。スキュラ専用,straddle_pov_upright_13.png,なし
m0409,m0409_ev_saki_ha01.png,straddle_pov_upright,舞台の背景。アイドル向け,straddle_pov_upright_14.png,なし
m0418,m0418_ev_seitentaisei_hb3.png,pov_multi_low,相手が3人。右上の小窓を切る,pov_multi_low_3.png,なし
m0425,m0425_ev_siriel_ha1.png,reverse_straddle_pov,翼を消す,reverse_straddle_pov_2.png,なし
m0429,m0429_ev_sisterlamia_hb1.png,pov_paizuri,触手つき,pov_paizuri_14.png,なし
m0437,m0437_ev_sonia_ha01.png,oral_side_lying,新。横から伏せる,oral_side_lying.png,なし
m0454,m0454_ev_syuree_h01.png,machine_pov_straddle,新。機械で搾る目線。機械・研究所の相手向け,machine_pov_straddle.png,なし
m0456,m0456_ev_tamamo2_hd1.png,straddle_pov_upright,狐の尾あり,straddle_pov_upright_15.png,なし
m0482,m0482_ev_yuriel_ha1.png,buttjob_pov,新。尻で挟む目線。翼を消す,buttjob_pov.png,なし
m0484,m0484_ev_zigen_boss_ha1.png,hold_behind_tentacle,新。触手の相手向け。確認撮影で主人公の体を見る,hold_behind_tentacle.png,なし
m0487,m0487_ev_zonbes_h1.png,pov_multi_front,新。相手が3人、正面から迫る,pov_multi_front_4.png,なし
m0581,m0581_ev_a_pterix_hb1.png,straddle_pov_upright,植物,straddle_pov_upright_16.png,なし
m0585,m0585_ev_AD-5_h1.png,straddle_pov_upright,包帯と触手,straddle_pov_upright_17.png,なし
m0593,m0593_ev_alice4thb_h01.png,pov_loom,蜘蛛の脚。アラクネ向け,pov_loom_3.png,余白・縁 上0 下0 左3 右0
m0601,m0601_ev_alice8thx_hb1.png,pov_multi_low,中央が胸で挟み、周りに複数,pov_multi_low_4.png,なし
m0602,m0602_ev_alice8thx_hc1.png,pov_multi_low,相手が3人で舐める,pov_multi_low_5.png,余白・縁 上3 下0 左0 右0
m0603,m0603_ev_alice8thx_hd01.png,straddle_pov_upright,スキュラ,straddle_pov_upright_18.png,なし
m0606,m0606_ev_alice14th_h01.png,straddle_pov_upright,道化,straddle_pov_upright_19.png,なし
m0607,m0607_ev_alice_h01_1.png,hj_lying_beside_front,尻尾つき,hj_lying_beside_front_2.png,なし
m0608,m0608_ev_alice_h02_1.png,hj_pov_close,,hj_pov_close_2.png,なし
m0611,m0611_ev_alice_h05_1.png,pov_paizuri,,pov_paizuri_15.png,なし
m0612,m0612_ev_alice_H06_1r.png,hairjob_pov,新。髪で巻く,hairjob_pov.png,余白・縁 上0 下0 左0 右3
m0613,m0613_ev_alice_H07_1r.png,oral_side_lying,,oral_side_lying_2.png,なし
m0643,m0643_ev_arikui_h1.png,oral_pov_low,長い舌,oral_pov_low_2.png,なし
m0647,m0647_ev_arucubuss_hb01.png,buttjob_pov,尻尾つき,buttjob_pov_2.png,なし
m0650,m0650_ev_arumaeruma_hc1.png,oral_stand_side,新。立った主人公の前にしゃがむ,oral_stand_side.png,なし
m0665,m0665_ev_astaroth_hd1.png,pov_paizuri,,pov_paizuri_16.png,なし
m0666,m0666_ev_astaroth_hf1.png,straddle_pov_lean,,straddle_pov_lean_4.png,なし
m0667,m0667_ev_asura_h1.png,straddle_pov_upright,腕が多い,straddle_pov_upright_20.png,余白・縁 上0 下0 左3 右0
m0681,m0681_ev_barakizoku_hc1.png,pov_loom,花びらを広げる。アルラウネ向け,pov_loom_4.png,余白・縁 上0 下0 左0 右3
m0684,m0684_ev_bell_h1.png,facesit_pov,新。尻を見上げる,facesit_pov.png,余白・縁 上0 下0 左3 右0
m0685,m0685_ev_blavatsky_h1.png,hj_side_clothed,新。服を着た主人公に横から,hj_side_clothed.png,なし
m0688,m0688_ev_bombslime_h01.png,straddle_pov_upright,スライム,straddle_pov_upright_21.png,余白・縁 上0 下0 左3 右0
m0689,m0689_ev_bombslime_hb01.png,pov_footjob,両足。スライム肌,pov_footjob_9.png,余白・縁 上3 下0 左0 右0
m0690,m0690_ev_bonny_ha1.png,pov_paizuri,服あり,pov_paizuri_17.png,なし
m0695,m0695_ev_c_beast_h1.png,oral_pov_low,触手つき,oral_pov_low_3.png,なし
m0702,m0702_ev_c_tentacle_h1.png,hj_pov_close,触手で巻く。スキュラ向け,hj_pov_close_3.png,なし
m0705,m0705_ev_candle_hb1.png,pov_paizuri,主人公は服を着ている,pov_paizuri_18.png,なし
m0714,m0714_ev_cassandra_hd1.png,kneel_pov_sit_foot,椅子の相手が足を上げる,kneel_pov_sit_foot_2.png,タイトルバー95px / 余白・縁 上0 下0 左3 右0
m0724,m0724_ev_cirque_ha01.png,facesit_pov,,facesit_pov_2.png,余白・縁 上3 下0 左3 右3
m0727,m0727_ev_cirque_hd01.png,straddle_pov_upright,鳥,straddle_pov_upright_22.png,なし
m0749,m0749_ev_d_succubus_hd1.png,hj_side_clothed,,hj_side_clothed_2.png,なし
m0755,m0755_ev_darkphenix_hd1.png,pov_chest_press,,pov_chest_press_2.png,なし
m0781,m0781_ev_durahan_h1.png,hj_stand_side,新。立った主人公に横から,hj_stand_side.png,余白・縁 上0 下0 左0 右3
m0791,m0791_ev_ek_mermaid_h1.png,pov_chest_press,服あり,pov_chest_press_3.png,余白・縁 上3 下0 左0 右0
m0793,m0793_ev_elfhime_hb1.png,straddle_pov_upright,着物,straddle_pov_upright_23.png,タイトルバー62px
m0803,m0803_ev_end7_h1.png,straddle_pov_upright,海賊服,straddle_pov_upright_24.png,余白・縁 上2 下0 左3 右3
m0809,m0809_ev_est_h1.png,straddle_pov_lean,,straddle_pov_lean_5.png,余白・縁 上0 下0 左0 右3
m0815,m0815_ev_evaq_hb01.png,oral_side_lying,,oral_side_lying_3.png,なし
m0830,m0830_ev_galfox_hc1.png,straddle_pov_upright,機械,straddle_pov_upright_25.png,なし
m0839,m0839_ev_ghost2_hb1.png,oral_pov_low,,oral_pov_low_4.png,なし
m0845,m0845_ev_gigantic_hb1.png,hj_lying_beside_front,,hj_lying_beside_front_3.png,なし
m0848,m0848_ev_gnomarenh01.png,straddle_pov_upright,道化,straddle_pov_upright_26.png,余白・縁 上0 下0 左3 右0
m0872,m0872_ev_h_mino_hc1.png,pov_multi_front,相手が2人,pov_multi_front_5.png,なし
m0875,m0875_ev_handyloid_ha1.png,straddle_pov_upright,蜂,straddle_pov_upright_27.png,なし
m0882,m0882_ev_hatibi_hb1.png,straddle_pov_upright,狐の尾,straddle_pov_upright_28.png,余白・縁 上3 下0 左0 右0
m0883,m0883_ev_hatibi_hc1.png,pov_footjob,獣の足,pov_footjob_10.png,余白・縁 上3 下0 左0 右0
m0888,m0888_ev_hero4_h1.png,hj_stand_side,,hj_stand_side_2.png,余白・縁 上0 下0 左0 右3
m0892,m0892_ev_hiruko_ha01.png,hj_pov_close,,hj_pov_close_4.png,なし
m0904,m0904_ev_icemaze_h1.png,reverse_straddle_pov,,reverse_straddle_pov_3.png,余白・縁 上0 下0 左3 右3
m0909,m0909_ev_inp_ha1.png,hj_lying_beside_front,,hj_lying_beside_front_4.png,なし
m0915,m0915_ev_inp_hg1.png,oral_pov_low,,oral_pov_low_5.png,余白・縁 上0 下0 左3 右0
m0919,m0919_ev_iriasu_h1.png,straddle_pov_upright,天使。服あり,straddle_pov_upright_29.png,なし
m0920,m0920_ev_iriasu_hc1.png,step,立って片足で踏む。主人公は服を着ている,step_7.png,余白・縁 上0 下0 左0 右2
m0939,m0939_ev_kaeru_hc1.png,pov_loom,長い舌,pov_loom_5.png,なし
m0963,m0963_ev_kappa_hb1.png,straddle_pov_upright,植物。手も使う,straddle_pov_upright_30.png,余白・縁 上2 下0 左0 右0
m0964,m0964_ev_karen_ha1.png,reverse_straddle_pov,,reverse_straddle_pov_4.png,余白・縁 上0 下0 左0 右3
m0975,m0975_ev_knight_mermaid_ha01.png,hj_pov_close,,hj_pov_close_5.png,なし
m0986,m0986_ev_kuno_arachne_hb1.png,straddle_pov_upright,蜘蛛。脚を持ち上げる,straddle_pov_upright_31.png,余白・縁 上0 下0 左3 右3
m0988,m0988_ev_kuno_hapy_hb1.png,pov_paizuri,羽,pov_paizuri_19.png,余白・縁 上0 下0 左3 右0
m0990,m0990_ev_kuno_succubus_ha1.png,straddle_pov_upright,着物,straddle_pov_upright_32.png,なし
m0997,m0997_ev_l_medusa_h1.png,hj_pov_close,触手の髪,hj_pov_close_6.png,なし
m1001,m1001_ev_lamiad_h1.png,lamia_pov_coil,,lamia_pov_coil_2.png,余白・縁 上0 下0 左3 右3
m1002,m1002_ev_leeccubus_h1.png,straddle_pov_upright,セーター,straddle_pov_upright_33.png,余白・縁 上3 下0 左3 右3
m1007,m1007_ev_levia_hb1.png,pov_multi_low,2人で胸を合わせる,pov_multi_low_6.png,なし
m1011,m1011_ev_lilith2_he1.png,pov_chest_press,,pov_chest_press_4.png,なし
m1012,m1012_ev_lilith2_hh01.png,pov_paizuri,セーターの中,pov_paizuri_20.png,なし
m1015,m1015_ev_lilith2_hp1.png,pov_multi_low,,pov_multi_low_7.png,なし
m1016,m1016_ev_lilith2_iv1.png,pov_multi_front,3人の影,pov_multi_front_6.png,なし
m1017,m1017_ev_lilith_ha0.png,multi_two_on_lying,新。寝た主人公に2人が乗る,multi_two_on_lying.png,なし
m1023,m1023_ev_lira_h1.png,facesit_pov,,facesit_pov_3.png,余白・縁 上3 下0 左3 右3
m1052,m1052_ev_magatu_h1.png,reverse_straddle_lookback,,reverse_straddle_lookback_2.png,タイトルバー33px
m1063,m1063_ev_maycubbus_hc1.png,oral_pov_low,,oral_pov_low_6.png,なし
m1069,m1069_ev_medusa_h1.png,pov_paizuri,蛇の髪,pov_paizuri_21.png,なし
m1074,m1074_ev_mefist_hf1.png,straddle_pov_upright,魔女と触手,straddle_pov_upright_34.png,なし
m1078,m1078_ev_meia_ha1.png,oral_pov_low,,oral_pov_low_7.png,タイトルバー48px
m1084,m1084_ev_mermaid_h1.png,oral_pov_low,胸も使う,oral_pov_low_8.png,なし
m1089,m1089_ev_mikolamia_ha1.png,lamia_coil_legs,新。蛇の胴が脚に巻きつく,lamia_coil_legs.png,余白・縁 上0 下0 左3 右0
m1102,m1102_ev_mob_assasin1_h1.png,straddle_pov_upright,忍者,straddle_pov_upright_35.png,余白・縁 上0 下0 左3 右3
m1110,m1110_ev_mob_hurou_h01.png,oral_side_lying,,oral_side_lying_4.png,タイトルバー60px
m1115,m1115_ev_mob_kaizoku3_h1.png,foot_side_sitting,新。座って両足で。横から,foot_side_sitting.png,余白・縁 上0 下0 左0 右31
m1117,m1117_ev_mob_kisi_h1.png,hj_lying_beside_front,,hj_lying_beside_front_5.png,タイトルバー42px
m1119,m1119_ev_mob_kizoku_ha1.png,hj_pov_close,主人公は服を着ている,hj_pov_close_7.png,余白・縁 上0 下0 左0 右39
m1122,m1122_ev_mob_maid1_ha1.png,oral_side_lying,,oral_side_lying_5.png,なし
m1131,m1131_ev_mob_murabito3_hb1.png,facesit_front,新。主人公は手袋の手だけ映る,facesit_front.png,余白・縁 上0 下0 左80 右17
m1146,m1146_ev_mob_wahu2_h1.png,pov_paizuri,,pov_paizuri_22.png,余白・縁 上0 下0 左0 右9
m1150,m1150_ev_mononohuyonbi_ha1.png,straddle_pov_upright,狼。右上の小さいキャラを切る,straddle_pov_upright_36.png,余白・縁 上0 下0 左3 右0
m1162,m1162_ev_mukuro_hb1.png,pov_chest_press,,pov_chest_press_5.png,タイトルバー86px
m1163,m1163_ev_mummy_h1.png,bound_wrap_hj,新。包帯で巻いて手で責める,bound_wrap_hj.png,なし
m1166,m1166_ev_myuska_hb01.png,lie_beside_pov,新。添い寝で手を握る目線,lie_beside_pov.png,なし
m1185,m1185_ev_nephilim_h1.png,between_legs_sit_lying,尻尾とはさみを消す。尿道の場面用,between_legs_sit_lying.png,なし
m1193,m1193_ev_nobisutam_ha1.png,stand_chest_side,,stand_chest_side_2.png,余白・縁 上0 下0 左3 右0
m1199,m1199_ev_ogretooth_h1.png,reverse_straddle_lookback,,reverse_straddle_lookback_3.png,余白・縁 上0 下0 左3 右3
m1218,m1218_ev_page65537_hc1.png,pov_paizuri,白シャツと眼鏡。司書向け,pov_paizuri_23.png,余白・縁 上0 下0 左2 右3
m1243,m1243_ev_ratael_h1.png,hj_stand_side,蔓で巻く。アルラウネ向け,hj_stand_side_3.png,なし
m1255,m1255_ev_s_akaname_ha1.png,hj_pov_close,着物の袖から触手,hj_pov_close_8.png,余白・縁 上0 下0 左3 右3
m1266,m1266_ev_samael_hc1.png,machine_pov_straddle,,machine_pov_straddle_2.png,余白・縁 上0 下0 左3 右3
m1273,m1273_ev_santamaria_hd1.png,straddle_pov_handhold,,straddle_pov_handhold_3.png,なし
m1274,m1274_ev_sara_ha1.png,oral_pov_low,,oral_pov_low_9.png,なし
m1304,m1304_ev_sisel_ha1.png,pov_multi_low,,pov_multi_low_8.png,なし
m1316,m1316_ev_starma_h1.png,bound_tentacle_stand,新。触手で吊る。主人公が筋肉質なので確認撮影で判断,bound_tentacle_stand.png,なし
m1329,m1329_ev_succubusq_h1.png,straddle_pin_side,主人公は服を着ている,straddle_pin_side.png,なし
m1331,m1331_ev_suckvore_hb1.png,straddle_pov_upright,スキュラ,straddle_pov_upright_37.png,余白・縁 上0 下0 左4 右3
m1349,m1349_ev_tezcatlipoca_hb1.png,oral_pov_low,獣の相手,oral_pov_low_10.png,余白・縁 上0 下0 左3 右0
m1363,m1363_ev_u_scylla_h01.png,tentacle_legs_watch,新。触手に巻かれた脚と、横で見る相手,tentacle_legs_watch.png,なし
m1372,m1372_ev_usagi_ha1.png,reverse_straddle_side,,reverse_straddle_side_2.png,なし
m1373,m1373_ev_usagi_hb1.png,foot_side_sitting,脚を上げて足で。主人公は胴だけ,foot_side_sitting_2.png,なし
m1378,m1378_ev_vampire_h1.png,bloodsuck_behind,新。背中側から首に噛みつく。吸血鬼向け。確認撮影で主人公の体を見る,bloodsuck_behind.png,余白・縁 上0 下0 左3 右0
m1381,m1381_ev_vendetta_ha1.png,buttjob_pov,,buttjob_pov_3.png,余白・縁 上0 下0 左3 右0
m1388,m1388_ev_vouivre_ha1.png,pov_multi_low,相手が2人で舐める,pov_multi_low_9.png,なし
m1399,m1399_ev_witchs2_ha0.png,straddle_pov_upright,魔女。服あり,straddle_pov_upright_38.png,なし
m1401,m1401_ev_witchs_ha01.png,step,立って片足で踏む三人称。魔女の服,step_8.png,余白・縁 上0 下0 左3 右3
m1404,m1404_ev_witchs_hd1.png,pov_paizuri,,pov_paizuri_24.png,余白・縁 上0 下0 左3 右0
m1420,m1420_ev_youki_ha1.png,straddle_pov_upright,大柄で筋肉質の相手。鬼向け,straddle_pov_upright_39.png,余白・縁 上0 下0 左3 右3
m1425,m1425_ev_yukionna_h1.png,hold_behind_stand_hj,三人称・立って後ろから抱えて手。相手の長い髪と目隠しの布を消す。確認撮影で主人公の体を見る,hold_behind_stand_hj.png,なし
x0001,peg_desk_side‗0001.jpg,peg_desk_side,横長。擬音が残れば消す。生成絵,peg_desk_side_9.png,なし
x0002,peg_stand_behind_chin_x0002.png,peg_stand_behind_chin,三人称・横から。相手が後ろに立ち、あごをつかむ・手首は後ろで縛る。効果線と湯気を消す。生成絵,peg_stand_behind_chin.png,なし
x0003,pov_footjob_x0003.png,pov_footjob,縦長・目線。正面に座って脚を開き両足の裏ではさむ。肩の鎧・効果線・湯気を消す,pov_footjob_11.png,なし
x0004,foot_face_pov_x0004.png,foot_face_pov,縦長・下からの目線。足の裏を顔の前に突き出す。腕の鎧・肩の鎧・手綱を消す,foot_face_pov.png,なし
x0005,thigh_standing_x0005.png,thigh_standing,縦長・三人称。立って太ももにはさむ、主人公は後ろ。飛沫・効果線・脚の飾りを消す。確認撮影で主人公が筋肉質・攻め側に見えないか見る,thigh_standing_6.png,なし
x0006,facesit_front_x0006.png,facesit_front,縦長・正面。太ももで頭をはさんで座る。主人公の顔が映るので確認撮影で顔が幼くならないか見る,facesit_front_2.png,なし
x0007,suspension_peg_x0007.png,suspension_peg,縦長・上からの三人称。吊られて手首を後ろで縛られた主人公の片脚を、正面に立つ相手が抱え上げる。主人公は背中向き。相手の耳・尻尾・効果線・飛沫を消す。確認撮影で主人公が筋肉質にならないか見る,suspension_peg_7.png,なし
x0008,peg_wall_behind_nipple_x0008.png,peg_wall_behind_nipple,横長・横からの三人称。壁に手首を縛られた主人公を相手が後ろから。両手で乳首、耳を舐める。頭の輪・髪飾り・擬音・効果線を消す。確認撮影で主人公の体が幼く・女性の体に出ないか見る,peg_wall_behind_nipple.png,なし
x0009,bound_stand_leg_up_peg_x0009.png,bound_stand_leg_up_peg,縦長・三人称。手首を頭の上で縛られて立つ主人公の片脚を縄で吊り上げ、相手が横から抱いて。鎖・擬音・効果線を消す。確認撮影で主人公の体が幼く出ないか必ず見る（出たら外す）,bound_stand_leg_up_peg.png,なし
x0010,nipple_behind_torso_x0010.png,nipple_behind_torso,縦長・正面から上半身。相手が後ろから両手で乳首、耳を舐める。左右の文字の枠・吹き出し・擬音・角・翼・湯気を消す,nipple_behind_torso_2.png,なし
x0011,kiss_pov_x0011.png,kiss_pov,横長・目線。相手の顔が正面から迫る接写（舌を出す）。左右の端のぼけた手・耳飾りを消す。確認撮影で主人公の手が相手の顔を包む形にならないか・主人公が責める側に見えないか見る,kiss_pov_4.png,なし
x0012,kiss_above_drool_x0012.png,kiss_above_drool,縦長。寝た主人公の口もとが手前、相手が真上からのぞき込んで唾液を垂らす。唾液の糸・湯気・効果線・両脇の羽根飾りを消す。確認撮影で手前の口もとが崩れないか見る,kiss_above_drool.png,なし
x0013,kiss_pov_x0013.png,kiss_pov,横長・目線。寝た主人公に相手が覆いかぶさり、両手首を押さえつけて顔を寄せる。効果線・湯気・羽根飾りを消す。主人公の手は押さえられている形のまま残す,kiss_pov_5.png,なし
x0014,nipple_pov_pinch_x0014.png,nipple_pov_pinch,横長・目線（斜め）。相手が胸に乗りかかって両手で乳首をつまむ、顔が近い。髪飾り・流れる髪の束・胸の記章を消す,nipple_pov_pinch_2.png,なし
x0015,nipple_pov_pinch_x0015.png,nipple_pov_pinch,横長・目線。相手が四つん這いで覆いかぶさり両手で乳首をつまむ、腰と脚まで映る。帽子・肩の飾り・髪飾り・流れる髪の束を消す,nipple_pov_pinch_3.png,なし
x0016,multi_two_sandwich_stand_x0016.png,multi_two_sandwich_stand,縦長・正面の三人称。腕を上げて立つ主人公を相手2人が左右からはさむ。両側から耳、胸を押しつける、手は下腹。尻尾・ハート・効果線・湯気・髪飾りを消す。確認撮影で主人公が女性の体に出ないか見る,multi_two_sandwich_stand.png,なし
x0017,ear_two_sides_front_x0017.png,ear_two_sides_front,正方形・正面の胸から上。相手2人が左右から顔を寄せて両耳を舐める、胸ではさむ。画像が小さい（250px）ので奥行きがぼけないか確認。大きい元画像があれば差し替える,ear_two_sides_front.png,なし
x0018,peg_kneel_behind_hj_nipple_x0018.png,peg_kneel_behind_hj_nipple,正方形・横からの三人称。ベッドの上で2人ともひざ立ち、相手が後ろから。片手で乳首・片手で手コキ・耳を舐める。擬音・飛沫・湯気・相手の長い髪を消す,peg_kneel_behind_hj_nipple.png,なし
x0019,ear_prone_above_x0019.png,ear_prone_above,横長・三人称。枕に顔をつけてうつ伏せ（腰を上げる）の主人公に相手が上からかぶさり耳を責める・後ろから。耳飾り・効果線・相手の長い髪を消す。確認撮影で主人公の顔と体が幼く出ないか必ず見る（出たら外す）,ear_prone_above.png,なし
x0020,kiss_pov_x0020.png,kiss_pov,縦長・目線。相手が上からのぞき込み舌を出して唾液を垂らす接写。耳飾り・首飾り・髪のリボン・湯気・唾液のしずくを消す,kiss_pov_6.png,なし
x0021,finger_pov_legs_x0021.png,finger_pov_legs,横長・目線。仰向けで脚を開いた主人公の脚の間に相手が身を乗り出し、片手で道具を後ろに。道具の柄・貞操具・飛沫・効果線を消す,finger_pov_legs_2.png,なし
x0022,finger_pov_legs_x0022.png,finger_pov_legs,横長・目線。仰向けで脚を開いた主人公の脚の間に相手が腰を寄せ、片手を手前に突く。貞操具・飛沫・効果線・顔の飛沫を消す,finger_pov_legs_3.png,なし
x0023,peg_prone_side_x0023.png,peg_prone_side,横長・横からの三人称。うつ伏せの主人公の背中に相手が両手をついて後ろから。左上の小窓（断面図）・擬音・耳飾り・髪のリボンを消す,peg_prone_side_6.png,なし
x0024,peg_spoon_hj_x0024.png,peg_spoon_hj,横長・三人称。横向きに寝た主人公に相手が後ろから添い寝、片手で手コキ、顔を耳に寄せる。左上の小窓（断面図）・耳飾り・効果線・飛沫を消す。確認撮影で主人公が筋肉質にならないか見る,peg_spoon_hj_2.png,なし
x0025,multi_two_fours_x0025.png,multi_two_fours,縦長・低い位置からの三人称。四つん這いの主人公を、ひざ立ちの相手2人が前（口）と後ろからはさむ。効果線・床の飛沫を消す。確認撮影で主人公の体が幼く出ないか必ず見る（出たら外す）,multi_two_fours.png,なし
x0026,nipple_behind_standing_x0026.png,nipple_behind_standing,縦長・斜め前からの三人称。立った主人公を相手が後ろから抱き、両手で乳首、首すじに口。効果線・飛沫・貞操具を消す。確認撮影で主人公が女性の体・幼い顔に出ないか必ず見る（出たら外す）,nipple_behind_standing_2.png,なし
x0027,multi_two_sandwich_stand_x0027.png,multi_two_sandwich_stand,正方形・斜めの三人称。立った主人公を相手2人が左右からはさむ。片方が乳首、片方が乳首と下。ハート・効果線・首輪・腕の拘束・貞操具を消す。確認撮影で主人公が筋肉質に出ないか必ず見る（出たら外す）,multi_two_sandwich_stand_2.png,なし
x0028,stand_embrace_kiss_finger_x0028.png,stand_embrace_kiss_finger,縦長・低い位置から主人公の背中側。立って正面から抱き合い、相手が首に腕を回してキス、片手を後ろに回して指。効果線・飛沫を消す。確認撮影で主人公が女性の体に出ないか・主人公の背中ばかりの絵にならないか必ず見る（出たら外す）,stand_embrace_kiss_finger.png,なし
x0029,multi_three_lying_above_x0029.png,multi_three_lying_above,正方形・真上からの三人称（胸から上）。ベッドに寝た主人公を相手3人が左右と頭の側から囲んで抱きつく。主人公が服を着た元絵なので、確認撮影で主人公が服を着て出ないか必ず見る（出たら外す）。相手が4人に増えないかも見る,multi_three_lying_above.png,なし
x0030,multi_two_sandwich_seated_x0030.png,multi_two_sandwich_seated,正方形・正面の三人称。座った主人公を相手2人が左右から胸ではさむ。片方が耳を舐め、片方が手コキ。ハート・耳飾り・とがった耳・湯気を消す。確認撮影で相手が3人に増えないか・主人公の顔が幼く出ないか見る,multi_two_sandwich_seated.png,なし
x0031,urethra_pov_rod_x0031.png,urethra_pov_rod,横長・目線。足首を鎖でつながれて寝た主人公の脚の間に相手が身を乗り出し、片手で根元を持ち、もう片方の手で細い棒を上から差す。棒・効果線・髪のリボンを消す。足首の鎖は残す。確認撮影で相手が幼く出ないか見る（出たら外す）,urethra_pov_rod.png,なし
x0032,urethra_pov_rod_x0032.png,urethra_pov_rod,正方形・目線。主人公の脚の間に相手が座り、片手で根元を持ち、もう片方の手で細い棒を高く掲げる。相手は服を着たまま。棒・眼鏡・首の帯を消す。大きな帽子は魔女向けとして残すか消すかを奥行きで決める,urethra_pov_rod_2.png,なし
x0033,urethra_pov_rod_x0033.png,urethra_pov_rod,縦長・下からの目線。主人公の腰にまたがるように座った相手が、片手で根元を握り、もう片方の手で細い棒を上から差す。相手は服を着たまま。棒・ハート・湯気・耳飾り・首輪の輪・天井の照明を消す,urethra_pov_rod_3.png,なし
x0034,urethra_side_rod_x0034.png,urethra_side_rod,正方形・斜め上から。寝た主人公（腹だけ映る）の横に相手が身を乗り出し、片手で細い棒を上から差す。相手は服を着たまま。棒・効果線・飛沫・髪の帯・右上の画面を消す,urethra_side_rod.png,なし
x0035,foot_behind_nipple_x0035.png,foot_behind_nipple,縦長・正面の三人称。床に座った主人公を相手が後ろから抱え、両脚を前に回して両足ではさむ、両手で乳首、胸で頭をはさむ。効果線・飛沫・壁の額を消す。確認撮影で主人公が幼く出ないか・主人公の裸ばかりの絵にならないか見る（出たら外す）,foot_behind_nipple.png,なし
x0036,nipple_behind_standing_x0036.png,nipple_behind_standing,横長・斜め後ろからの上半身。立った主人公に相手が後ろから抱きつき、両手を前に回して乳首、肩に顔を寄せる。相手は服を着たまま。長い髪の束・耳飾り・腕の小物入れ・効果線・湯気を消す。確認撮影で主人公が相手より大きくごつく出ないか見る（出たら外す）,nipple_behind_standing_3.png,なし
x0037,fours_behind_nipple_x0037.png,fours_behind_nipple,縦長・斜め前からの三人称（画面が少し傾く）。ソファの上で四つん這いの主人公に相手が背中からかぶさり、両手を胸に回して乳首。相手は服を着たまま。髪のリボン・二つ結びの髪の束を消す。確認撮影で相手が幼く出ないか見る（出たら外す）,fours_behind_nipple.png,なし
x0038,smother_lying_low_x0038.png,smother_lying_low,正方形・下から見上げる接写。寝ている主人公の顔に相手が上から胸を押しつける。主人公は頭と肩が下の端に写るだけ（目元は胸で隠れる）→ 人物の範囲は「主人公なし」。相手の長い手袋・耳飾り・湯気・天井の照明を消す。相手は服を着ている扱いで撮る（元絵は上が裸）,smother_lying_low.png,なし
x0039,smother_wall_side_x0039.png,smother_wall_side,正方形・横からの上半身（画面が傾く）。壁にもたれた主人公の顔に、相手が前から胸を押しつける。主人公はシャツ姿で目元が前髪に隠れる。相手の長い手袋・ブーツ・湯気・窓の外の建物を消す。相手は服を着ている扱いで撮る（元絵は上が裸）,smother_wall_side.png,なし
x0040,multi_two_seated_ears_hj_x0040.png,multi_two_seated_ears_hj,縦長・正面の三人称。脚を開いて座った主人公を、2人の相手が左右から挟み、両耳に口を寄せながら2人の手で股間を握る。主人公の顔は中央で2人より低い位置。相手は服を着たまま。相手の長い手袋・湯気・光のふちどりを消す。確認撮影で「主人公の胸に相手の乳房が付く」「主人公が筋肉質」が出ないか見る（出たら外す）,multi_two_seated_ears_hj.png,タイトルバー38px
x0041,kiss_lap_bed_side_x0041.png,kiss_lap_bed_side,縦長・横からの三人称。ベッドに座って後ろに手をついた主人公の膝に相手がまたがり、頬に手を添えて顔を寄せる（キスの直前）。主人公は服を着ていて目元が前髪に隠れる。相手は服を着たまま。相手の長い髪の束・背景のベッドの頭板と額を消す。確認撮影で主人公の頭が相手より高く出ないか見る（出たら外す）,kiss_lap_bed_side.png,タイトルバー96px
x0042,kiss_lying_ontop_side_x0042.png,kiss_lying_ontop_side,縦長・横からの上半身（画面が傾く）。仰向けの主人公に相手が上から覆いかぶさり、舌を出してキス。主人公は片腕を頭の上に上げ、目元が前髪に隠れる。元絵は相手が裸で腰がつながっているが、下書きは姿勢だけ使う（相手は服を着ている扱い・挿入は描かせない）。相手の耳飾り・汗・効果線・湯気を消す。確認撮影で相手が裸・挿入の絵にならないか見る（出たら外す）,kiss_lying_ontop_side.png,なし
x0043,peg_prone_behind_eyes_cover_x0043.png,peg_prone_behind_eyes_cover,縦長・斜め横からの三人称（画面が傾く）。ベッドにうつ伏せで肘をついた主人公に、相手が膝立ちで後ろから覆いかぶさり腰を当てる。片手で主人公の目元をふさぎ、顔を耳元に寄せる。相手は服を着たまま。擬音の書き文字と吹き出し（画面全体に多数）・効果線・相手の腕輪と腰の小物・手甲を消す。確認撮影で書き文字の跡が絵に出ないか見る（出たら外す）,peg_prone_behind_eyes_cover.png,なし
x0044,face_close_behind_tongue_x0044.png,face_close_behind_tongue,縦長・顔の接写（画面が傾く）。うつむいた主人公の頭のすぐ上から相手が顔を寄せ、口を開けてささやく。相手の指が主人公の舌をつまむ。主人公の目元は前髪で隠れる。元絵の下3割（胸・器具・鎖）は切り落として登録。首輪・札・鎖・耳飾りを消す。確認撮影で主人公が女性の体で出ないか見る（出たら外す）,face_close_behind_tongue.png,なし
x0045,nipple_face_close_blindfold_x0045.png,nipple_face_close_blindfold,横長・下から見上げる接写。仰向けの主人公の顔のすぐ横に相手が顔を寄せ、両手で主人公の両乳首をつまむ。主人公は目隠し（アイマスク）で口を開けている。相手は服を着たまま。相手の長い髪の束を消す。透明だった背景は白で埋めて登録,nipple_face_close_blindfold.png,なし
x0046,nipple_behind_whisper_blindfold_x0046.png,nipple_behind_whisper_blindfold,横長・斜め前からの上半身。目隠しをした主人公に、相手が後ろから抱きついて両手で両乳首をつまみ、肩ごしに耳元へ顔を寄せてささやく。相手は服を着たまま。相手の頭飾り・首のリボン・腕のフリル・長い髪の束・湯気を消す,nipple_behind_whisper_blindfold.png,なし
x0047,nipple_pov_lean_mask_x0047.png,nipple_pov_lean_mask,横長・主人公の目線（POV）。仰向けの主人公の上に相手がしゃがんで身を乗り出し、両手で両乳首をいじる。相手の顔と胸が画面の中心。人物の範囲は「主人公なし」。相手の目元の仮面・耳飾り・湯気・手前の観葉植物を消す。元絵は相手が下着姿だが、服を着ている扱いで撮る,nipple_pov_lean_mask.png,なし
x0048,facesit_nipple_above_x0048.png,facesit_nipple_above,横長・斜め上からの三人称（画面が傾く）。仰向けの主人公の顔の上に相手がまたがって座り、両手で両乳首をつまむ。主人公の顔は相手の下に隠れる。相手は服を着たまま。主人公が自分の股間に手を置いている腕は使わない（主人公の手は体の横）。相手の首飾り・腕輪・背景の額と窓を消す。確認撮影で主人公が自分で股間を握る絵にならないか見る（出たら外す）,facesit_nipple_above.png,なし
x0049,anilingus_pov_legs_up_hj_x0049.png,anilingus_pov_legs_up_hj,縦長・主人公の目線（POV）。仰向けで両脚を上げた主人公の尻に相手が顔をうずめてなめ、片手で股間を握り、もう片手で乳首をつまむ。相手の顔が画面の中心。人物の範囲は「主人公なし」。効果線・体液・相手の髪の編み込みを消す。確認撮影で相手が幼く出ないか見る（出たら外す）,anilingus_pov_legs_up_hj.png,なし
x0050,nipple_behind_standing_x0050.png,nipple_behind_standing,横長・横からの上半身。立った主人公に相手が後ろから抱きつき、両手を前に回して両乳首をつまむ。主人公はのけぞって上を向き、目元が前髪に隠れる。相手は肩ごしに耳元へ顔を寄せて話しかける。相手は服を着たまま。相手の二つ結びの髪の束・大きなリボン・髪留め・耳飾り・首輪・効果線を消す。確認撮影で相手が幼く出ないか見る（出たら外す）,nipple_behind_standing_4.png,なし
x0051,pov_chest_press_x0051.png,pov_chest_press,横長・主人公の目線（POV）。仰向けの主人公の胸の上に相手が寝そべり、片手を胸に置いて見つめる。人物の範囲は「主人公なし」。元絵の相手の羽と頭の輪は背景色で塗りつぶし済み（左肩の横に少し跡が残る）。二つ結びの髪の束・リボン・髪留めを消す。確認撮影で羽の跡が出ないか・相手が幼く出ないか見る（出たら外す）,pov_chest_press_6.png,余白・縁 上3 下0 左0 右0
x0052,lie_across_chest_side_x0052.png,lie_across_chest_side,横長・斜め横からの三人称。仰向けの主人公の胸に相手が横から上半身を乗せて寝そべり、片手を胸に置いて見つめる。主人公は胴と膝だけ写り顔は画面の外 → 人物の範囲は「主人公なし」。元絵の相手の羽と頭の輪は背景色で塗りつぶし済み。二つ結びの髪の束・リボン・髪留めを消す。確認撮影で羽の跡が出ないか・相手が幼く出ないか見る（出たら外す）,lie_across_chest_side.png,なし
x0053,buttjob_pov_x0053.png,buttjob_pov,横長・主人公の目線（POV）。仰向けの主人公の腰の上に相手が後ろ向きにまたがり、尻で股間をはさむ。相手は肩ごしに振り返る。真後ろからの左右対称の絵。人物の範囲は「主人公なし」。相手の角・体にかかった液・湯気・床のマットを消す。元絵は相手が裸だが、服を着ている扱いで撮る（尻だけ出す）。確認撮影で角が出ないか・相手が裸にならないか見る（出たら外す）,buttjob_pov_4.png,なし
x0054,buttjob_pov_x0054.png,buttjob_pov,横長・主人公の目線（POV）で下から見上げる。x0053 と同じ姿勢を斜め後ろから。相手は肩ごしに振り返って笑う。人物の範囲は「主人公なし」。相手の角・髪飾り・体にかかった液・湯気を消す。元絵は相手が裸だが、服を着ている扱いで撮る。確認撮影で角が出ないか・相手が裸にならないか見る（出たら外す）,buttjob_pov_5.png,なし
x0055,kiss_close_side_tongue_x0055.png,kiss_close_side_tongue,横長・横からの顔の接写。主人公の顔のすぐ横に相手が顔を寄せ、互いに舌を出す（キスの直前）。相手の手が主人公のあごの下に添えられる。主人公の目元は影で隠れる。相手は服を着たまま。相手の髪飾り・手袋・首の金具を消す。確認撮影で主人公が年上のごつい顔で出ないか見る（出たら外す）,kiss_close_side_tongue.png,なし
x0056,anilingus_pov_close_x0056.png,anilingus_pov_close,正方形・主人公の目線（POV）の接写。脚を上げた主人公の尻に相手が両手を添え、舌を伸ばしてなめる。相手の顔が画面の中心で大きく写る。人物の範囲は「主人公なし」。擬音の書き文字・湯気・背景の照明と額を消す。元絵は相手の肩が裸だが、服を着ている扱いで撮る,anilingus_pov_close.png,なし
x0057,anilingus_side_fours_hj_x0057.png,anilingus_side_fours_hj,縦長・横からの三人称。ベッドで腰を高く上げた主人公（腰から下だけ写る）の尻に、相手が後ろから顔をうずめてなめ、片手で股間を握る。相手は服を着たまま、上半身が大きく写る。人物の範囲は「主人公なし」の見込み。擬音の書き文字（画面全体に多数）・相手の帽子と髪飾り・腕章・手袋・包帯を消す。確認撮影で書き文字の跡が出ないか見る（出たら外す）,anilingus_side_fours_hj.png,なし
x0058,anilingus_stand_bent_squat_x0058.png,anilingus_stand_bent_squat,縦長・横からの三人称。立ったまま台に手をついて前かがみの主人公（腰から下と背中が写り、顔は画面の外）の尻に、相手が後ろでしゃがんで顔をうずめてなめ、片手を太ももに添える。相手は服を着たまま、全身が写る。人物の範囲は「主人公なし」の見込み。効果線・体液・相手の髪のリボン・背景の窓を消す。確認撮影で主人公が相手より大きくごつく出ないか見る（出たら外す）,anilingus_stand_bent_squat.png,なし
x0059,step_toy_prostrate_behind_x0059.png,step_toy_prostrate_behind,縦長・後ろ下からの三人称。床に伏せて尻を上げた主人公（尻と足裏が手前、顔は見えない）の横に相手が立ち、片足を上げて、尻に入った道具をヒールの足で踏んで押しこむ。相手は服を着たまま全身が写り、片手を腰、もう片手に乗馬鞭。主人公の貞操帯・長い手袋と靴下・下着の柄、相手の鞭・腕輪、背景のソファと窓を消す。確認撮影で主人公が小さく出すぎないか見る（出たら外す）,step_toy_prostrate_behind.png,なし
x0060,peg_bent_bench_behind_x0060.png,peg_bent_bench_behind,横長・斜め後ろからの三人称（画面が傾く）。台にうつ伏せに乗って尻を突き出した主人公の後ろに相手が立ち、片手を尻に添え、ペニバンを当てる（入れる直前）。主人公は背中と尻が写り、頭は覆いで顔が見えない → 人物の範囲は「主人公なし」の見込み。相手は上半身が大きく写る。主人公の頭の覆い・腕の拘束具・長い靴下と股間の輪、相手の首輪・耳飾り・長い手袋・太ももの帯、壁に掛かった道具を消す。元絵は相手の胸が出ているが、服を着ている扱いで撮る。確認撮影で相手の胸が出ないか見る（出たら外す）,peg_bent_bench_behind.png,なし
x0061,armpit_job_stand_x0061.png,armpit_job_stand,縦長・正面からの上半身。相手が片腕を頭の後ろに上げ、横に立った主人公の股間を脇にはさむ。相手の顔と上半身が画面の中心で大きく写り、主人公は右端に胴だけ（顔は画面の外）→ 人物の範囲は「主人公なし」。相手は服を着たまま。湯気・汗・効果線・相手の髪飾り・背景の障子を消す。元絵は相手の服が濡れて透けているが、透けない服の扱いで撮る。確認撮影で主人公が筋肉質に出ないか見る（出たら外す）,armpit_job_stand.png,なし
x0062,armpit_job_stand_x0062.png,armpit_job_stand,縦長・斜め前からの上半身。相手が腕を下ろしたまま、横に立った主人公の股間を脇の下にはさむ。相手の顔と上半身が画面の中心で大きく写り、主人公は右端に胴だけ（顔は画面の外）→ 人物の範囲は「主人公なし」。相手は服を着たまま。相手の跳ねた髪の束・首の帯・服の文字入りの帯・湯気・汗・書き文字を消す。確認撮影で服の文字や書き文字の跡が出ないか見る（出たら外す）,armpit_job_stand_2.png,なし
x0063,armpit_face_lying_hj_x0063.png,armpit_face_lying_hj,縦長・足元側からの三人称。仰向けの主人公の横に相手が座り、片腕で主人公の頭を脇の下に抱えこんで顔を脇に押しつけ、もう片手で股間を握る。相手の顔と上半身が画面の中心で大きく写り、主人公は胴と脚が手前、顔は相手の腕の下に隠れる → 人物の範囲は「主人公なし」の見込み。相手は服を着たまま。相手の二つ結びの髪の束・湯気・汗を消す。確認撮影で相手が幼く出ないか見る（出たら外す）,armpit_face_lying_hj.png,タイトルバー56px
x0064,armpit_headlock_side_hj_x0064.png,armpit_headlock_side_hj,縦長・斜め前からの上半身。相手が主人公の横に立ち（または膝立ち）、片腕で主人公の頭を脇の下に抱えこんで目元ごとふさぎ、もう片手で股間を握る。相手の顔と上半身が画面の中心、主人公は右下に上半身（目元は相手の腕で隠れる）。相手は服を着たまま。相手の髪留め・腕輪・指なし手袋・主人公の手首の縄・湯気・汗を消す。確認撮影で主人公が筋肉質に出ないか見る（出たら外す）,armpit_headlock_side_hj.png,なし
n001,n1004_armpit_01_横から寄り_腕を上げた相手の脇に挟む_着衣.png,armpit_job_b,確定候補。横から寄り_腕を上げた相手の脇に挟む_着衣（2026-10-04 ユーザー提供。下書きを見てから model.json に登録する）,armpit_job_b.png,なし
n002,n1004_armpit_02_正面寄り_腕を下ろして脇に挟む_着衣_髪飾り.png,armpit_job_b,確定候補。正面寄り_腕を下ろして脇に挟む_着衣_髪飾り（2026-10-04 ユーザー提供。下書きを見てから model.json に登録する）,armpit_job_b_2.png,なし
n003,n1004_armpit_03_予備_斜め寄り_腕を締めて脇に挟む_水着_平塗り.png,armpit_job_b,予備。予備_斜め寄り_腕を締めて脇に挟む_水着_平塗り（2026-10-04 ユーザー提供。下書きを見てから model.json に登録する）,armpit_job_b_3.png,なし
n004,n1004_behind_01_立ち後ろ乳首.jpg,peg_stand_behind_b,確定候補。立ち後ろ乳首（2026-10-04 ユーザー提供。下書きを見てから model.json に登録する）,peg_stand_behind_b.png,なし
n005,n1004_behind_02_試し_立ち後ろ女装.jpg,peg_stand_behind_b,試し。試し_立ち後ろ女装（2026-10-04 ユーザー提供。下書きを見てから model.json に登録する）,peg_stand_behind_b_2.png,なし
n006,n1004_behind_03_立ち後ろ壁.jpg,peg_wall_behind_b,確定候補。立ち後ろ壁（2026-10-04 ユーザー提供。下書きを見てから model.json に登録する）,peg_wall_behind_b.png,なし
n007,n1004_behind_04_試し_机に伏せる着衣.png,peg_desk_behind_b,試し。試し_机に伏せる着衣（2026-10-04 ユーザー提供。下書きを見てから model.json に登録する）,peg_desk_behind_b.png,なし
n008,n1004_behind_05_立ち後ろのけぞり.png,peg_stand_behind_b,確定候補。立ち後ろのけぞり（2026-10-04 ユーザー提供。下書きを見てから model.json に登録する）,peg_stand_behind_b_3.png,なし
n009,n1004_behindhug_01_試し_胸から上_後ろから肩越しに抱く_着衣.png,behind_hug_bust,試し。試し_胸から上_後ろから肩越しに抱く_着衣（2026-10-04 ユーザー提供。下書きを見てから model.json に登録する）,behind_hug_bust.png,なし
n010,n1004_behindhug_02_試し_胸から上_後ろから両腕を前で組む_着衣.png,behind_hug_bust,試し。試し_胸から上_後ろから両腕を前で組む_着衣（2026-10-04 ユーザー提供。下書きを見てから model.json に登録する）,behind_hug_bust_2.png,なし
n011,n1004_behindhug_03_全身_ベッドに座り後ろから腕と脚で抱え込む_着衣.png,behind_hug_seated_b,確定候補。全身_ベッドに座り後ろから腕と脚で抱え込む_着衣（2026-10-04 ユーザー提供。下書きを見てから model.json に登録する）,behind_hug_seated_b.png,なし
n012,n1004_behindhug_04_全身_正面_後ろから脚で挟み胸に手_着衣.png,behind_hug_seated_b,確定候補。全身_正面_後ろから脚で挟み胸に手_着衣（2026-10-04 ユーザー提供。下書きを見てから model.json に登録する）,behind_hug_seated_b_2.png,なし
n013,n1004_bloodsuck_01_横から_前かがみの主人公の後ろから首に噛みつき手を前に_主人公は下着.png,bloodsuck_behind_b,確定候補。横から_前かがみの主人公の後ろから首に噛みつき手を前に_主人公は下着（2026-10-04 ユーザー提供。下書きを見てから model.json に登録する）,bloodsuck_behind_b.png,なし
n014,n1004_bloodsuck_02_斜め前_四つんばいの主人公の後ろから首に噛みつき手を前に_主人公はネグリジェ.png,bloodsuck_behind_b,確定候補。斜め前_四つんばいの主人公の後ろから首に噛みつき手を前に_主人公はネグリジェ（2026-10-04 ユーザー提供。下書きを見てから model.json に登録する）,bloodsuck_behind_b_2.png,なし
n015,n1004_chastity_01_かがんで手に取る.png,chastity_side_hold,確定候補。かがんで手に取る（2026-10-04 ユーザー提供。下書きを見てから model.json に登録する）,chastity_side_hold.png,なし
n016,n1004_chastity_02_試し_女装四つんばい後ろ_相手は奥.png,chastity_fours_behind,試し。試し_女装四つんばい後ろ_相手は奥（2026-10-04 ユーザー提供。下書きを見てから model.json に登録する）,chastity_fours_behind.png,なし
n017,n1004_chastity_03_立って向き合う_上から.png,chastity_stand_face,確定候補。立って向き合う_上から（2026-10-04 ユーザー提供。下書きを見てから model.json に登録する）,chastity_stand_face.png,なし
n018,n1004_chastity_04_試し_目線_胸をのせる_小物多い.png,chastity_pov_b,試し。試し_目線_胸をのせる_小物多い（2026-10-04 ユーザー提供。下書きを見てから model.json に登録する）,chastity_pov_b.png,なし
n019,n1004_chastity_05_試し_目線_かがんで手_文字あり.png,chastity_pov_b,試し。試し_目線_かがんで手_文字あり（2026-10-04 ユーザー提供。下書きを見てから model.json に登録する）,chastity_pov_b_2.png,なし
n020,n1004_chastity_06_試し_目線_背中向きで座る_文字あり.png,chastity_pov_back,試し。試し_目線_背中向きで座る_文字あり（2026-10-04 ユーザー提供。下書きを見てから model.json に登録する）,chastity_pov_back.png,なし
n021,n1004_chesthug_01_試し_膝の上で胸に抱いて指.png,chesthug_lap_finger,試し。試し_膝の上で胸に抱いて指（2026-10-04 ユーザー提供。下書きを見てから model.json に登録する）,chesthug_lap_finger.png,なし
n022,n1004_chesthug_02_試し_寄り_頭を抱えて胸に_角と冠.png,chesthug_close,試し。試し_寄り_頭を抱えて胸に_角と冠（2026-10-04 ユーザー提供。下書きを見てから model.json に登録する）,chesthug_close.png,なし
n023,n1004_chesthug_03_試し_正面_胸の下に頭を抱え込む.png,chesthug_close,試し。試し_正面_胸の下に頭を抱え込む（2026-10-04 ユーザー提供。下書きを見てから model.json に登録する）,chesthug_close_2.png,なし
n024,n1004_chesthug_04_下から_立って頭を胸に抱く_着衣_奥に人.png,chesthug_stand,確定候補。下から_立って頭を胸に抱く_着衣_奥に人（2026-10-04 ユーザー提供。下書きを見てから model.json に登録する）,chesthug_stand.png,なし
n025,n1004_chesthug_05_横から_立って抱き合う_頭を抱える_着衣.png,chesthug_stand,確定候補。横から_立って抱き合う_頭を抱える_着衣（2026-10-04 ユーザー提供。下書きを見てから model.json に登録する）,chesthug_stand_2.png,なし
n026,n1004_chestpress_01_試し_寝た主人公に覆いかぶさる_角と尻尾.png,chest_press_lying,試し。試し_寝た主人公に覆いかぶさる_角と尻尾（2026-10-04 ユーザー提供。下書きを見てから model.json に登録する）,chest_press_lying.png,なし
n027,n1004_chestpress_02_試し_立って並ぶ_胸を顔に押しつける_着衣.png,chest_press_stand,試し。試し_立って並ぶ_胸を顔に押しつける_着衣（2026-10-04 ユーザー提供。下書きを見てから model.json に登録する）,chest_press_stand.png,なし
n028,n1004_chestpress_03_横から寄り_寝た主人公の顔に胸をのせる.png,chest_press_lying,確定候補。横から寄り_寝た主人公の顔に胸をのせる（2026-10-04 ユーザー提供。下書きを見てから model.json に登録する）,chest_press_lying_2.png,なし
n029,n1004_chestpress_04_試し_寝た主人公の顔に胸をのせる_男の手が腰_角と尻尾.png,chest_press_lying,試し。試し_寝た主人公の顔に胸をのせる_男の手が腰_角と尻尾（2026-10-04 ユーザー提供。下書きを見てから model.json に登録する）,,
n030,n1004_drain_01_下から_顔にまたがる_斜め.png,drain_facesit_low,確定候補。下から_顔にまたがる_斜め（2026-10-04 ユーザー提供。下書きを見てから model.json に登録する）,drain_facesit_low.png,なし
n031,n1004_drain_02_下から_顔にまたがる_正面_両腕上げ.png,drain_facesit_low,確定候補。下から_顔にまたがる_正面_両腕上げ（2026-10-04 ユーザー提供。下書きを見てから model.json に登録する）,drain_facesit_low_2.png,なし
n032,n1004_drain_03_目線_両手をつないで胸で挟む_角と翼.png,drain_pov_hands,確定候補。目線_両手をつないで胸で挟む_角と翼（2026-10-04 ユーザー提供。下書きを見てから model.json に登録する）,drain_pov_hands.png,なし
n033,n1004_drain_04_目線_上に座って太ももで挟む_角と翼.png,drain_pov_thighs,確定候補。目線_上に座って太ももで挟む_角と翼（2026-10-04 ユーザー提供。下書きを見てから model.json に登録する）,drain_pov_thighs.png,なし
n034,n1004_finger_01_四つんばい後ろ.png,finger_fours_behind,確定候補。四つんばい後ろ（2026-10-04 ユーザー提供。下書きを見てから model.json に登録する）,finger_fours_behind.png,なし
n035,n1004_finger_02_試し_横から脚の間.png,finger_side_legs,試し。試し_横から脚の間（2026-10-04 ユーザー提供。下書きを見てから model.json に登録する）,finger_side_legs.png,なし
n036,n1004_finger_03_横寝で脚を抱える.jpg,finger_spoon_b,確定候補。横寝で脚を抱える（2026-10-04 ユーザー提供。下書きを見てから model.json に登録する）,finger_spoon_b.png,なし
n037,n1004_finger_04_試し_伏せて腰上げ_鎧.png,finger_fours_behind,試し。試し_伏せて腰上げ_鎧（2026-10-04 ユーザー提供。下書きを見てから model.json に登録する）,finger_fours_behind_2.png,なし
n038,n1004_finger_05_試し_仰向け脚上げ_横に座る.png,finger_side_sit,試し。試し_仰向け脚上げ_横に座る（2026-10-04 ユーザー提供。下書きを見てから model.json に登録する）,finger_side_sit.png,なし
n039,n1004_finger_06_試し_膝の上に腰をのせて指と手.png,finger_lap_hips,試し。試し_膝の上に腰をのせて指と手（2026-10-04 ユーザー提供。下書きを見てから model.json に登録する）,finger_lap_hips.png,余白・縁 上3 下0 左0 右0
n040,n1004_finger_07_試し_下から_縛られて伏せる_相手は立つ_小さい絵.png,finger_prone_stand_low,試し。試し_下から_縛られて伏せる_相手は立つ_小さい絵（2026-10-04 ユーザー提供。下書きを見てから model.json に登録する）,finger_prone_stand_low.png,なし
n041,n1004_finger_08_試し_立って前かがみ_横から指と手_文字多い.png,finger_stand_bent_side,試し。試し_立って前かがみ_横から指と手_文字多い（2026-10-04 ユーザー提供。下書きを見てから model.json に登録する）,finger_stand_bent_side.png,なし
n042,n1004_foot_01_目線_寝た主人公の前に座って両足で責める.png,foot_pov_sit_both,確定候補。目線_寝た主人公の前に座って両足で責める（2026-10-04 ユーザー提供。下書きを見てから model.json に登録する）,foot_pov_sit_both.png,なし
n043,n1004_kisspeg_01_横寝キス.jpg,kiss_peg_spoon,確定候補。横寝キス（2026-10-04 ユーザー提供。下書きを見てから model.json に登録する）,kiss_peg_spoon.png,なし
n044,n1004_kisspeg_02_真上キス乳首.jpg,kiss_peg_above,確定候補。真上キス乳首（2026-10-04 ユーザー提供。下書きを見てから model.json に登録する）,kiss_peg_above.png,なし
n045,n1004_kisspeg_03_真上キス脚上げ.jpg,kiss_peg_above,確定候補。真上キス脚上げ（2026-10-04 ユーザー提供。下書きを見てから model.json に登録する）,kiss_peg_above_2.png,なし
n046,n1004_kisspeg_04_試し_横寝ラテックス.jpg,kiss_peg_spoon,試し。試し_横寝ラテックス（2026-10-04 ユーザー提供。下書きを見てから model.json に登録する）,kiss_peg_spoon_2.png,なし
n047,n1004_kisspov_01_褐色黒髪手袋.png,kiss_pov_b,確定候補。褐色黒髪手袋（2026-10-04 ユーザー提供。下書きを見てから model.json に登録する）,kiss_pov_b.png,なし
n048,n1004_kisspov_02_黒髪赤目.jpg,kiss_pov_b,確定候補。黒髪赤目（2026-10-04 ユーザー提供。下書きを見てから model.json に登録する）,kiss_pov_b_2.png,なし
n049,n1004_kisspov_03_褐色白髪両手.png,kiss_pov_b,確定候補。褐色白髪両手（2026-10-04 ユーザー提供。下書きを見てから model.json に登録する）,kiss_pov_b_3.png,なし
n050,n1004_kisspov_04_茶髪両腕.jpg,kiss_pov_b,確定候補。茶髪両腕（2026-10-04 ユーザー提供。下書きを見てから model.json に登録する）,kiss_pov_b_4.png,なし
n051,n1004_kisspov_05_褐色黒髪縦長.png,kiss_pov_b,確定候補。褐色黒髪縦長（2026-10-04 ユーザー提供。下書きを見てから model.json に登録する）,kiss_pov_b_5.png,なし
n052,n1004_kisspov_06_白髪伏せ.jpg,kiss_pov_b,確定候補。白髪伏せ（2026-10-04 ユーザー提供。下書きを見てから model.json に登録する）,kiss_pov_b_6.png,なし
n053,n1004_kisspov_07_白髪三つ編み.jpg,kiss_pov_b,確定候補。白髪三つ編み（2026-10-04 ユーザー提供。下書きを見てから model.json に登録する）,kiss_pov_b_7.png,なし
n054,n1004_kisspov_08_黒髪目閉じ舌.png,kiss_pov_b,確定候補。黒髪目閉じ舌（2026-10-04 ユーザー提供。下書きを見てから model.json に登録する）,kiss_pov_b_8.png,なし
n055,n1004_kisspov_09_黒髪目閉じ唇.png,kiss_pov_b,確定候補。黒髪目閉じ唇（2026-10-04 ユーザー提供。下書きを見てから model.json に登録する）,kiss_pov_b_9.png,なし
n056,n1004_kisspov_10_試し_赤紫ウインク.png,kiss_pov_b,試し。試し_赤紫ウインク（2026-10-04 ユーザー提供。下書きを見てから model.json に登録する）,kiss_pov_b_10.png,なし
n057,n1004_rusty_01_試し_上から_立った主人公の後ろから舐めて手_鈴と角.png,rusty_stand_above,試し。試し_上から_立った主人公の後ろから舐めて手_鈴と角（2026-10-04 ユーザー提供。下書きを見てから model.json に登録する）,rusty_stand_above.png,なし
n058,n1004_rusty_02_横から_前かがみの主人公の後ろに座って舐める_相手ふたなり.png,rusty_bent_side,確定候補。横から_前かがみの主人公の後ろに座って舐める_相手ふたなり（2026-10-04 ユーザー提供。下書きを見てから model.json に登録する）,rusty_bent_side.png,余白・縁 上3 下0 左0 右0
n059,n1004_rusty_03_試し_横から_机に伏せた主人公の後ろにしゃがんで舐める_男が大柄.png,rusty_bent_side,試し。試し_横から_机に伏せた主人公の後ろにしゃがんで舐める_男が大柄（2026-10-04 ユーザー提供。下書きを見てから model.json に登録する）,rusty_bent_side_2.png,なし
n060,n1004_sidefours_01_試し_横から頬を寄せて手.png,side_fours_lick,試し。試し_横から頬を寄せて手（2026-10-04 ユーザー提供。下書きを見てから model.json に登録する）,side_fours_lick.png,なし
n061,n1004_sidefours_02_試し_横から指と手_文字多い.png,side_fours_finger,試し。試し_横から指と手_文字多い（2026-10-04 ユーザー提供。下書きを見てから model.json に登録する）,side_fours_finger.png,なし
n062,n1004_sidefours_03_試し_横から舐めて手_文字多い.png,side_fours_lick,試し。試し_横から舐めて手_文字多い（2026-10-04 ユーザー提供。下書きを見てから model.json に登録する）,side_fours_lick_2.png,なし
n063,n1004_sidefours_04_横に座って指_文字なし.png,side_fours_finger,確定候補。横に座って指_文字なし（2026-10-04 ユーザー提供。下書きを見てから model.json に登録する）,side_fours_finger_2.png,なし
n064,n1004_sidefours_05_試し_真横_後ろに座って道具_男が大柄.png,side_fours_finger,試し。試し_真横_後ろに座って道具_男が大柄（2026-10-04 ユーザー提供。下書きを見てから model.json に登録する）,side_fours_finger_3.png,なし
n065,n1004_spoon_01_横寝で後ろから脚上げ.png,finger_spoon_b,確定候補。横寝で後ろから脚上げ（2026-10-04 ユーザー提供。下書きを見てから model.json に登録する）,finger_spoon_b_2.png,なし
n066,n1004_two_01_試し_立った主人公を2人が膝立ちで前後から挟む.png,two_stand_sandwich,試し。試し_立った主人公を2人が膝立ちで前後から挟む（2026-10-04 ユーザー提供。下書きを見てから model.json に登録する）,two_stand_sandwich.png,なし
n067,n1004_two_02_試し_下から寄り_2人が前後から舐める_文字多い.png,two_low_close,試し。試し_下から寄り_2人が前後から舐める_文字多い（2026-10-04 ユーザー提供。下書きを見てから model.json に登録する）,two_low_close.png,なし
n068,n1004_two_03_試し_目線_寝た主人公の胸に2人が顔を寄せる_文字と液.png,two_pov_lying,試し。試し_目線_寝た主人公の胸に2人が顔を寄せる_文字と液（2026-10-04 ユーザー提供。下書きを見てから model.json に登録する）,two_pov_lying.png,なし
n069,n1004_twoears_01_正面_座った主人公の左右から2人_頬を舐めて手.png,two_seated_sides,確定候補。正面_座った主人公の左右から2人_頬を舐めて手（2026-10-04 ユーザー提供。下書きを見てから model.json に登録する）,two_seated_sides.png,なし
n070,n1004_twoears_02_試し_正面_左右から2人_顔を舐めて両手_文字あり.png,two_seated_sides,試し。試し_正面_左右から2人_顔を舐めて両手_文字あり（2026-10-04 ユーザー提供。下書きを見てから model.json に登録する）,two_seated_sides_2.png,なし
n071,n1004_twoears_03_真上_寝た主人公に2人が左右から覆いかぶさる_角と翼.png,two_lying_above,確定候補。真上_寝た主人公に2人が左右から覆いかぶさる_角と翼（2026-10-04 ユーザー提供。下書きを見てから model.json に登録する）,two_lying_above.png,なし
n072,n1004_urethra_01_試し_目線_横顔と手元_文字多い.png,urethra_pov_b,試し。試し_目線_横顔と手元_文字多い（2026-10-04 ユーザー提供。下書きを見てから model.json に登録する）,urethra_pov_b.png,なし
n073,n1004_urethra_02_目線_顔を寄せて両手.png,urethra_pov_b,確定候補。目線_顔を寄せて両手（2026-10-04 ユーザー提供。下書きを見てから model.json に登録する）,urethra_pov_b_2.png,タイトルバー112px / 余白・縁 上0 下112 左0 右0
n074,n1004_urethra_03_試し_目線_両足で挟んで道具_ブーツ.png,urethra_pov_b,試し。試し_目線_両足で挟んで道具_ブーツ（2026-10-04 ユーザー提供。下書きを見てから model.json に登録する）,urethra_pov_b_3.png,なし
n075,n1004_urethra_04_目線_上から見下ろす_脚の間に座る.png,urethra_pov_b,確定候補。目線_上から見下ろす_脚の間に座る（2026-10-04 ユーザー提供。下書きを見てから model.json に登録する）,urethra_pov_b_4.png,なし
n076,n1004_urethra_05_目線_下から見上げる_またがる.png,urethra_pov_low,確定候補。目線_下から見上げる_またがる（2026-10-04 ユーザー提供。下書きを見てから model.json に登録する）,urethra_pov_low.png,なし
n077,n1004_chastity_07_試し_後ろ下から_伏せた主人公の背に座って指_貞操帯_文字多い.png,chastity_sit_back_low,試し。試し_後ろ下から_伏せた主人公の背に座って指_貞操帯_文字多い（2026-10-04 追加分）,chastity_sit_back_low.png,なし
n078,n1004_chastity_08_下から_寝た主人公の横に立ち片足を上げて見下ろす_鍵の首飾り.png,chastity_stand_step_low,確定候補。下から_寝た主人公の横に立ち片足を上げて見下ろす_鍵の首飾り（2026-10-04 追加分）,chastity_stand_step_low.png,なし
n079,n1004_finger_09_試し_下から_壁から出た腰を横に立って道具で責める_眼鏡と道具.png,finger_wall_stand_low,試し。試し_下から_壁から出た腰を横に立って道具で責める_眼鏡と道具（2026-10-04 追加分）,finger_wall_stand_low.png,なし
n080,n1004_finger_10_下から_四つんばいの主人公の後ろから指_文字なし.png,finger_fours_low,確定候補。下から_四つんばいの主人公の後ろから指_文字なし（2026-10-04 追加分）,finger_fours_low.png,なし
n081,n1004_finger_11_横下から_四つんばいの主人公の後ろに膝立ちで指_文字なし.png,finger_fours_kneel_side,確定候補。横下から_四つんばいの主人公の後ろに膝立ちで指_文字なし（2026-10-04 追加分）,finger_fours_kneel_side.png,なし
n082,n1004_finger_12_後ろ斜めから_四つんばいの主人公の横に膝立ちで指_主人公は細身.png,finger_fours_kneel_back,確定候補。後ろ斜めから_四つんばいの主人公の横に膝立ちで指_主人公は細身（2026-10-04 追加分）,finger_fours_kneel_back.png,なし
n083,n1004_rusty_04_目線_仰向けで脚を上げた主人公の脚の間から舐める.png,rusty_pov_legs_up,確定候補。目線_仰向けで脚を上げた主人公の脚の間から舐める（2026-10-04 追加分）,rusty_pov_legs_up.png,なし
n084,n1004_rusty_05_寄り_主人公の腰の後ろから両手を添えて舐める_白背景.png,rusty_close_behind,確定候補。寄り_主人公の腰の後ろから両手を添えて舐める_白背景（2026-10-04 追加分）,rusty_close_behind.png,余白・縁 上3 下0 左0 右0
,102135253-550a10dbd3109574df10bbfb598e5bf5_p0_master1200.jpg,two_peg_fours_side_sides_peg,,,
,99817853-25339690968451796b09b3cce6f6920b_p0_master1200.jpg,two_nipple_sit_front_sides_nipple,,,
,141741410-da2e76a85c21cfb36a126d94e6ff7158_p0_master1200.jpg,finger_lie_above_facing_finger,,,
,146529246-49d7601f02312bd6f7128ef1d76fa227_p11_master1200.jpg,nipple_stand_close_beside,,,
,137014781-71ecedd84646ec2dfd1e89e99039d388_p5_master1200.jpg,nipple_sit_front_back_kiss,,,
,IMG_8551.PNG,rusty_fours_side_back_hj,,,
,IMG_8550.PNG,anilingus_pov_legs_up_hj,,,
,IMG_8549.JPG,rusty_fours_side_back_hj_b,,,
,IMG_8548.JPG,finger_lie_side_back,,,
,IMG_8547.PNG,rusty_fours_behind_hj,,,
,IMG_8546.PNG,anilingus_pov_close,,,
,IMG_8545.JPG,rimjob_sit_behind_between,,,
,IMG_8544.JPG,rimjob_bent_side_back,,,
,IMG_8543.PNG,peg_stand_side_back,,,
,IMG_8542.PNG,peg_sit_front_back,,,
,IMG_8541.PNG,peg_sit_front_back_hj,,,
,IMG_8538.JPG,kiss_lie_above_hj,,,
,IMG_8533.JPG,anilingus_pov_legs_up_hj,,,
,IMG_8536.JPG,urethra_stand_pov,,,
,IMG_8499.JPG,finger_sit_front_back,,,
,IMG_8492.JPG,hj_sit_side_beside_nipple,,,
,IMG_8532.JPG,foot_chest_pov,,,
,IMG_8535.JPG,foot_lie_pov_urethra,,,
,IMG_8537.JPG,peg_wall_behind_nipple,,,
,IMG_8529.JPG,whisper,,,
,IMG_8528.JPG,whisper,,,
,IMG_8530.JPG,kiss_stand_side_facing,,,
,IMG_8540.JPG,oral_hang_above_between,,,
,IMG_8527.PNG,peg_doggy,,,
,IMG_8522.JPG,pov_paizuri,,,
,IMG_8521.JPG,pov_paizuri,,,
,IMG_8520.JPG,thigh_ontop,,,
,IMG_8519.JPG,thigh_ontop,,,
,IMG_8518.PNG,thigh_ontop,,,
,IMG_8523.JPG,alt_thigh_top,,,
,IMG_8516.JPG,hj_lie_side_on_whisper,,,
,IMG_8517.JPG,kiss_lie_side_on_hj,,,
,IMG_8514.PNG,nipple_lie_pov_hj,,,
,IMG_8477.JPG,smother_lie_side_beside,,,
,IMG_8476.JPG,smother_lie_side_back,,,
,IMG_8475.JPG,smother_lie_front,,,
,IMG_8445.JPG,whisper_sit_side_facing_hug,,,
,IMG_8474.JPG,hug_stand_side_facing,,,
,IMG_8473.JPG,hug_lie_above_facing,,,
,IMG_8526.PNG,tentacle_fours_behind_on_peg,,,
,IMG_8510.JPG,tentacle_lie_pov_straddle,,,
,IMG_8511.PNG,straddle_lie_pov_tentacle,,,
,IMG_8509.JPG,finger_fours_front_tentacle,,,
,IMG_8508.PNG,nipple_sit_tentacle,,,
,IMG_8504.PNG,tentacle_hang_front_finger,,,
,IMG_8505.PNG,nipple_sit_front_tentacle,,,
,IMG_8502.PNG,finger_fours_behind_tentacle,,,
,IMG_8501.PNG,finger_fours_behind_tentacle_b,,,
