項目,英字,日本語,選択肢に出す,まとめる先,メモ
人数,two,相手2人,○,,
人数,three,相手3人,○,,
人数,multi,相手が複数,,,古い名前の語
技,kiss,キス,○,,
技,hj,手,○,,
技,foot,足,○,,
技,nipple,乳首,○,,
技,ear,耳,○,,
技,whisper,ささやき,○,,
技,finger,指・前立腺,○,,
技,peg,ペニバン・逆アナル,○,,
技,urethra,尿道,○,,
技,chastity,貞操帯,○,,
技,armpit,脇,○,,
技,thigh,太もも,○,,
技,chest,胸に顔,○,,
技,drain,精気を吸う,○,,
技,bloodsuck,吸血,○,,
技,bound,拘束,○,,
技,straddle,またがる,○,,
技,hug,抱く,○,,
技,facesit,顔に座る,○,,
技,smother,顔をうずめる,○,,
技,paizuri,胸で挟む,○,,
技,lick,舐める,○,,
技,rimjob,お尻を舐める,○,,
技,rusty,お尻を舐めながら手,○,,
技,rah,後ろから手を回す,○,,
技,buttjob,お尻でこする,○,,
技,hairjob,髪でこする,○,,
技,step,踏む,○,,
技,collar,首輪,○,,
技,headlock,頭を抱え込む,○,,
技,oral,口,○,,
技,chin,あごを持ち上げる,○,,
技,press,押しつける,○,,
技,milking,しぼる,○,,
技,nursing,授乳の形,○,,
技,coil,巻きつく,○,,
技,handjob,手,,hj,
技,footjob,足,,foot,
技,ashikoki,足,,foot,
技,fingering,指,,finger,
技,prostate,前立腺,,finger,
技,strapon,ペニバン,,peg,
技,bondage,拘束,,bound,
技,embrace,抱き合う,,hug,
技,chesthug,胸に抱く,,chest,
技,bust,胸,,chest,
技,energy,精気,,drain,
技,anilingus,お尻を舐める,,rimjob,
技,ears,耳,,ear,
技,futadom,ふたなり責め,,,
技,job,こする,,,
技,pinch,つまむ,,,
技,toes,足の指,,,
姿勢,lie,寝る,○,,
姿勢,prone,うつ伏せ,○,,
姿勢,sit,座る,○,,
姿勢,stand,立つ,○,,
姿勢,bent,前かがみ,○,,
姿勢,fours,四つんばい,○,,
姿勢,kneel,ひざまずく,○,,
姿勢,hang,吊り,○,,
姿勢,arch,仰け反る,○,,
姿勢,arched,仰け反る,,arch,
姿勢,lying,寝る,,lie,
姿勢,seated,座る,,sit,
姿勢,sitting,座る,,sit,
姿勢,standing,立つ,,stand,
姿勢,allfours,四つんばい,,fours,
姿勢,doggy,四つんばい,,fours,
姿勢,seiza,正座,,kneel,
姿勢,prostrate,ひれ伏す,,prone,
姿勢,suspension,吊り,,hang,
姿勢,inverted,逆さ,,hang,
姿勢,squat,しゃがむ,,,
姿勢,upright,体を起こす,,,
視点,pov,主人公目線,○,,
視点,side,横から,○,,
視点,front,前から,○,,
視点,behind,後ろから見る,○,,
視点,above,上から,○,,
視点,low,下から,○,,
視点,close,寄り,○,,
位置,on,上に乗る,○,,
位置,back,後ろから,○,,
位置,beside,横に並ぶ,○,,
位置,between,脚の間,○,,
位置,lap,膝の上,○,,
位置,sides,左右から,○,,
位置,sandwich,はさむ,○,,
位置,facing,向かい合う,○,,
位置,over,覆いかぶさる,○,,
位置,ontop,上に乗る,,on,
位置,top,上,,on,
位置,loom,覆いかぶさる,,over,
位置,spoon,横向きに寄り添う,,,
位置,reverse,逆向き,,,
位置,across,横切る,,,
そのほか,b,別の形b,,,同じ項目で形が違うとき
そのほか,c,別の形c,,,同じ項目で形が違うとき
そのほか,d,別の形d,,,同じ項目で形が違うとき
そのほか,alt,別の案,,,
そのほか,p,（意味を確かめる）,,,古い名前の語
そのほか,arachne,アラクネ,,,
そのほか,lamia,ラミア,,,
そのほか,succubus,サキュバス,,,
そのほか,machine,機械,,,
技,tentacle,触手,○,,
そのほか,tail,尻尾,,,
そのほか,bed,ベッド,,,
そのほか,bench,ベンチ,,,
そのほか,chair,椅子,,,
そのほか,desk,机,,,
そのほか,sofa,ソファ,,,
そのほか,throne,玉座,,,
そのほか,wall,壁,,,
そのほか,edge,ふち,,,
そのほか,pillow,枕,,,
そのほか,blindfold,目隠し,,,
そのほか,mask,マスク,,,
そのほか,leash,リード,,,
そのほか,rod,棒,,,
そのほか,toy,道具,,,
そのほか,clothed,服を着た,,,
そのほか,both,両方,,,
そのほか,cover,覆う,,,
そのほか,eyes,目,,,
そのほか,face,顔,,,
そのほか,head,頭,,,
そのほか,hands,両手,,,
そのほか,handhold,手をつなぐ,,,
そのほか,him,主人公を,,,
そのほか,hips,腰,,,
技,hold,相手が抱える,○,,
そのほか,lean,もたれる,,,
そのほか,leg,脚,,,
そのほか,legs,脚,,,
そのほか,lift,持ち上げる,,,
そのほか,lookback,振り返る,,,
そのほか,neck,首,,,
そのほか,pin,押さえつける,,,
そのほか,ride,乗る,,,
そのほか,torso,胴,,,
そのほか,up,上げる,,,
そのほか,watch,見ている,,,
そのほか,wrap,巻きつく,,,
そのほか,xcross,X字のはりつけ,,,
そのほか,xray,断面の絵,,,
そのほか,figure,4の字,,,
そのほか,four,4の字,,,
そのほか,tongue,舌,,,
そのほか,drool,よだれ,,,
そのほか,futa,ふたなり,,,
そのほか,close,寄り,,close,
